CASE_ID,ACCIDENT_YEAR,PROC_DATE,JURIS,COLLISION_DATE,COLLISION_TIME,OFFICER_ID,REPORTING_DISTRICT,DAY_OF_WEEK,CHP_SHIFT,POPULATION,CNTY_CITY_LOC,SPECIAL_COND,BEAT_TYPE,CHP_BEAT_TYPE,CITY_DIVISION_LAPD,CHP_BEAT_CLASS,BEAT_NUMBER,PRIMARY_RD,SECONDARY_RD,DISTANCE,DIRECTION,INTERSECTION,WEATHER_1,WEATHER_2,STATE_HWY_IND,CALTRANS_COUNTY,CALTRANS_DISTRICT,STATE_ROUTE,ROUTE_SUFFIX,POSTMILE_PREFIX,POSTMILE,LOCATION_TYPE,RAMP_INTERSECTION,SIDE_OF_HWY,TOW_AWAY,COLLISION_SEVERITY,NUMBER_KILLED,NUMBER_INJURED,PARTY_COUNT,PRIMARY_COLL_FACTOR,PCF_CODE_OF_VIOL,PCF_VIOL_CATEGORY,PCF_VIOLATION,PCF_VIOL_SUBSECTION,HIT_AND_RUN,TYPE_OF_COLLISION,MVIW,PED_ACTION,ROAD_SURFACE,ROAD_COND_1,ROAD_COND_2,LIGHTING,CONTROL_DEVICE,CHP_ROAD_TYPE,PEDESTRIAN_ACCIDENT,BICYCLE_ACCIDENT,MOTORCYCLE_ACCIDENT,TRUCK_ACCIDENT,NOT_PRIVATE_PROPERTY,ALCOHOL_INVOLVED,STWD_VEHTYPE_AT_FAULT,CHP_VEHTYPE_AT_FAULT,COUNT_SEVERE_INJ,COUNT_VISIBLE_INJ,COUNT_COMPLAINT_PAIN,COUNT_PED_KILLED,COUNT_PED_INJURED,COUNT_BICYCLIST_KILLED,COUNT_BICYCLIST_INJURED,COUNT_MC_KILLED,COUNT_MC_INJURED,PRIMARY_RAMP,SECONDARY_RAMP,LATITUDE,LONGITUDE,COUNTY,CITY,POINT_X,POINT_Y
91430848,2021,2021-03-19,9480,2021-03-10,2140,020890,,3,2,9,5400,0,3,5,,2,004,"ROAD 200","AVENUE 360",1584.00,S,N,B,-,N,,,,,,,,,,Y,3,0,1,1,A,-,08,22107,,N,E,I,A,B,H,-,D,D,0,,,,,Y,,A,08,0,1,0,0,0,0,0,0,0,"- ","- ",36.438518524169922,-119.12586212158203,TULARE,UNINCORPORATED,,
91645756,2021,2021-12-07,9481,2021-11-28,1455,020901,,7,2,9,5400,0,3,5,,2,050,"AVENUE 80","ROAD 240",2640.00,E,N,A,-,N,,,,,,,,,,Y,2,0,3,2,A,-,08,22107,,N,D,C,A,A,H,-,A,D,0,,,,,Y,,D,22,1,2,0,0,0,0,0,0,0,"- ","- ",35.934539794921875,-119.02964782714844,TULARE,UNINCORPORATED,-119.02720642089844,35.935100555419922
91651937,2021,2021-12-14,9481,2021-12-09,1535,019422,,4,2,9,5400,0,2,4,,2,052,"RESERVATION ROAD","POTHOLE RD.",3960.00,W,N,B,-,N,,,,,,,,,,Y,4,0,1,1,A,-,08,22107,,N,F,A,A,B,H,-,A,D,0,,,,,Y,,A,07,0,0,1,0,0,0,0,0,0,"- ","- ",36.027271270751953,-118.89431762695312,TULARE,UNINCORPORATED,-118.89187622070312,36.028118133544922
91444535,2021,2021-04-06,9480,2021-04-01,0625,015282,,4,1,9,5400,0,1,3,,1,021,"STATE ROUTE 63","ROAD 124",0.00,,Y,A,-,Y,,,63,,,,,,,Y,4,0,1,2,A,-,09,21801,A,N,D,C,A,A,H,-,B,D,0,,,,,Y,,A,07,0,0,1,0,0,0,0,0,0,"- ","- ",36.471088409423828,-119.29486846923828,TULARE,UNINCORPORATED,-119.29489135742188,36.471096038818359
91507749,2021,2021-06-28,9480,2021-06-14,1020,018202,,1,1,9,5400,0,1,3,,2,093,"SR-99 N/B","CALDWELL AVE",1056.00,S,N,A,-,Y,,,99,,,,,,N,Y,3,0,1,3,A,-,03,22350,,N,C,C,A,A,H,-,A,D,0,,,,,Y,,A,01,0,1,0,0,0,0,0,0,0,"- ","- ",36.295829772949219,-119.38333892822266,TULARE,UNINCORPORATED,-119.38332366943359,36.295833587646484
91519285,2021,2021-07-13,9480,2021-07-08,0540,017108,,4,3,9,5400,0,3,5,,2,006,"ROAD 204","AVENUE 264",686.00,N,N,A,-,N,,,,,,,,,,Y,3,0,1,1,A,-,08,22107,,N,E,I,A,A,H,-,B,D,0,,,,,Y,,A,01,0,1,0,0,0,0,0,0,0,"- ","- ",36.269821166992188,-119.11821746826172,TULARE,UNINCORPORATED,-119.1181640625,36.269790649414062
91581280,2021,2021-09-28,9480,2021-09-26,1905,021175,,7,2,9,5400,0,3,5,,2,005,"SIERRA AVENUE","STATE STREET",500.00,E,N,A,-,N,,,,,,,,,,N,4,0,2,2,A,-,03,22350,,N,C,C,A,A,H,-,D,D,0,,,,,Y,,A,01,0,0,2,0,0,0,0,0,0,"- ","- ",35.891860961914062,-119.27233123779297,TULARE,UNINCORPORATED,-119.27111053466797,35.891891479492188
91603646,2021,2021-10-22,9481,2021-10-19,0745,021687,,2,1,9,5400,0,3,5,,2,010,"ROAD 224","AVENUE 178",6.00,S,N,A,-,N,,,,,,,,,,Y,4,0,3,2,A,-,05,21752,D,N,A,C,A,A,H,-,A,D,0,,,,,Y,,A,01,0,0,3,0,0,0,0,0,0,"- ","- ",36.112850189208984,-119.07135009765625,TULARE,UNINCORPORATED,-119.07138061523438,36.112773895263672
91634129,2021,2021-11-24,9480,2021-11-13,0016,018521,,6,3,9,5400,0,1,3,,1,064,"SR-198 W/B","PLAZA DR",90.00,E,N,A,-,Y,,,,,,,,,,Y,2,0,1,1,A,-,01,23152,G,M,F,A,A,A,H,-,C,D,0,,,,,Y,Y,A,01,1,0,0,0,0,0,0,0,0,"- ","- ",36.327518463134766,-119.38971710205078,TULARE,UNINCORPORATED,-119.38992309570312,36.327381134033203
9257639,2021,2021-05-04,5407,2021-03-31,1341,C51,480,3,5,5,5407,0,0,0,,0,N25,"W HOUSTON AV","N WILLIS ST",0.00,,Y,A,-,N,,,,,,,,,,Y,4,0,2,2,A,-,09,21802,A,N,D,C,A,A,H,-,A,A,0,,,,,Y,,D,22,0,0,2,0,0,0,0,0,0,"- ","- ",36.341808319091797,-119.29669189453125,TULARE,VISALIA,-119.29766082763672,36.341838836669922
9356204,2021,2021-11-01,5405,2021-10-01,0748,216,,5,5,4,5405,0,0,0,,0,003,"ORANGE AV","F ST",15.00,W,N,A,-,N,,,,,,,,,,Y,3,0,3,2,A,-,03,22350,,N,C,C,A,A,H,-,A,D,0,,,,,Y,,A,01,0,3,0,0,0,0,0,0,0,"- ","- ",,,TULARE,PORTERVILLE,-119.02152252197266,36.061279296875
9378275,2021,2022-01-20,5406,2021-12-19,1036,45,5406,7,5,4,5406,0,0,0,,0,0ES,BIRCH,SPRUCE,0.00,,Y,E,-,N,,,,,,,,,,Y,4,0,1,1,A,-,03,22350,,F,E,J,A,A,H,-,A,A,0,,,,,Y,,A,01,0,0,1,0,0,0,0,0,0,"- ","- ",,,TULARE,TULARE,-119.32658386230469,36.204372406005859
91464455,2021,2021-05-03,9481,2021-05-02,1815,019422,,7,2,9,5400,0,3,5,,2,010,"CEDAR RD","ASTER AVE",180.00,N,N,A,-,N,,,,,,,,,,N,4,0,1,2,A,-,08,22107,,N,A,E,A,A,H,-,A,D,0,,,,,Y,,A,01,0,0,1,0,0,0,0,0,0,"- ","- ",36.067378997802734,-119.10030364990234,TULARE,UNINCORPORATED,-119.10095977783203,36.066799163818359
91522140,2021,2021-07-16,9480,2021-07-15,0930,017108,,4,1,9,5400,0,3,5,,2,005,"FRANKLIN AVENUE","STATE ROAD",0.00,,Y,A,-,N,,,,,,,,,,Y,4,0,2,2,A,-,09,21802,A,N,D,C,A,A,H,-,A,A,0,,,,,Y,,A,01,0,0,2,0,0,0,0,0,0,"- ","- ",35.881801605224609,-119.27047729492188,TULARE,UNINCORPORATED,-119.27046966552734,35.88177490234375
91564209,2021,2021-09-07,9480,2021-08-28,1300,016233,,6,1,9,5400,0,3,5,,2,006,"RD. 148","AVE. 272",293.00,N,N,A,-,N,,,,,,,,,,Y,3,0,1,1,A,-,08,22107,,N,E,I,A,A,H,-,A,D,0,,,,,Y,,A,07,0,1,0,0,0,0,0,0,0,"- ","- ",36.284999847412109,-119.24302673339844,TULARE,UNINCORPORATED,-119.24295806884766,36.284523010253906
91593556,2021,2021-10-11,9480,2021-09-17,0550,019427,,5,3,4,5406,0,1,3,,1,051,"STATE ROUTE 43","AVENUE 108",0.00,,N,A,-,Y,,,,,,,,,,Y,2,0,1,2,A,-,06,21751,,N,A,C,A,A,H,-,C,D,0,,,,,Y,,A,01,1,0,0,0,0,0,0,0,0,"- ","- ",35.983871459960938,-119.47280120849609,TULARE,TULARE,-119.47402191162109,35.985664367675781
91626249,2021,2022-03-14,9480,2021-10-01,2500,013914,,5,4,9,5400,0,1,3,,1,020,"STATE ROUTE 201 (AVENUE 400)","ROAD 116",20.00,E,N,A,-,Y,,,201,,,,,,,Y,1,1,0,1,A,-,01,23152,G,N,F,A,A,A,H,-,A,D,0,,,Y,,Y,Y,C,02,0,0,0,0,0,0,0,1,0,"- ","- ",36.515911102294922,-119.31316375732422,TULARE,UNINCORPORATED,-119.31315612792969,36.515975952148438
91634655,2021,2021-11-24,9480,2021-11-11,1345,021044,,4,1,9,5400,0,3,5,,2,002,"AVENUE 328","ROAD 108",0.00,,Y,A,-,N,,,,,,,,,,N,4,0,1,2,D,-,00,,,N,D,C,A,A,H,-,A,A,0,,,,,Y,,-,"- ",0,0,1,0,0,0,0,0,0,"- ","- ",36.385391235351562,-119.33193206787109,TULARE,UNINCORPORATED,-119.33220672607422,36.385471343994141
91636467,2021,2021-11-29,9480,2021-11-12,1256,019427,,5,1,9,5400,0,3,5,,2,005,"ELM ROAD","WASHINGTON STREET",15.00,S,N,A,-,N,,,,,,,,,,Y,4,0,1,2,A,-,03,22350,,M,C,C,A,A,H,-,A,D,0,,,,,Y,,A,01,0,0,1,0,0,0,0,0,0,"- ","- ",35.884639739990234,-119.26593780517578,TULARE,UNINCORPORATED,-119.26593780517578,35.884609222412109
91639752,2021,2021-12-01,9481,2021-11-24,1200,015290,,3,1,9,5400,0,3,5,,2,050,"ROAD 252","AVENUE 128",500.00,S,N,A,-,N,,,,,,,,,,Y,2,0,1,1,A,-,08,22107,,N,E,I,A,A,H,-,A,D,0,,,,,Y,,A,01,1,0,0,0,0,0,0,0,0,"- ","- ",36.020561218261719,-119.00875854492188,TULARE,UNINCORPORATED,,
91644947,2021,2021-12-07,9481,2021-11-24,1515,021687,,3,2,9,5400,0,3,5,,2,030,"AVENUE 145","IMPERIAL ROAD",0.00,,Y,A,-,N,,,,,,,,,,Y,4,0,1,2,A,-,09,21800,A,N,D,C,A,A,H,-,A,D,0,,,,,Y,,D,22,0,0,1,0,0,0,0,0,0,"- ","- ",36.053050994873047,-119.14675140380859,TULARE,UNINCORPORATED,-119.14675140380859,36.053028106689453
9317097,2021,2021-09-09,5405,2021-08-22,0720,204,SEC4,7,5,4,5405,0,0,0,,0,,"OLIVE AV","TAYLOR WY",186.00,W,N,A,B,N,,,,,,,,,,Y,3,0,1,2,A,-,08,22107,,N,C,J,A,A,H,-,A,D,0,,,,Y,Y,,A,01,0,1,0,0,0,0,0,0,0,"- ","- ",,,TULARE,PORTERVILLE,-119.06703186035156,36.065799713134766
9378494,2021,2021-12-13,5407,2021-10-21,1156,M203,480,4,5,5,5407,0,0,0,,0,,"RT 63",CALDWELL,598.00,S,N,A,-,Y,TUL,6,63,-,-,5.900,H,-,S,N,4,0,1,2,A,-,11,21955,,N,G,B,D,-,H,-,A,A,0,Y,,,,Y,,N,60,0,0,1,0,1,0,0,0,0,"- ","- ",36.296970367431641,-119.31427001953125,TULARE,VISALIA,-119.31377410888672,36.296913146972656
91434791,2021,2021-03-25,9481,2021-03-20,0500,019422,,6,3,9,5400,0,3,5,,2,010,"AVENUE 178","ROAD 232",1584.00,W,N,C,-,N,,,,,,,,,,Y,3,0,1,1,A,-,01,23152,A,N,F,A,A,B,H,-,C,D,0,,,,,Y,Y,D,22,0,1,0,0,0,0,0,0,0,"- ","- ",36.112800598144531,-119.05921936035156,TULARE,UNINCORPORATED,-119.05928039550781,36.112800598144531
91459381,2021,2021-04-27,9480,2021-04-19,0115,018421,,1,3,9,5400,0,1,3,,1,060,SR-137,"ROAD 152",1584.00,E,N,A,-,Y,,,137,,,,,,,Y,3,0,2,1,A,-,01,23152,G,N,E,I,A,A,H,-,D,D,0,,,,,Y,Y,A,01,0,2,0,0,0,0,0,0,0,"- ","- ",36.210899353027344,-119.22731781005859,TULARE,UNINCORPORATED,-119.22731781005859,36.210865020751953
91561405,2021,2021-09-02,9480,2021-08-25,0850,016723,,3,1,9,5400,0,3,5,,2,002,"RIGGIN AVENUE","SHIRK ROAD",2640.00,W,N,A,-,N,,,,,,,,,,Y,4,0,1,1,A,-,08,22107,,N,E,I,A,A,H,-,A,D,0,,,,,Y,,D,22,0,0,1,0,0,0,0,0,0,"- ","- ",36.356449127197266,-119.37406158447266,TULARE,UNINCORPORATED,-119.37678527832031,36.356441497802734
91624892,2021,2021-11-15,9480,2021-11-03,0820,016723,,3,1,9,5400,0,1,3,,1,060,"STATE ROUTE 137 (TULARE AVENUE / AVENUE 232)","OAKMORE STREET",0.00,,Y,E,-,Y,,,,,,,,,,Y,4,0,1,2,A,-,09,21802,A,N,D,C,A,A,H,-,A,A,0,,,,,Y,,A,01,0,0,1,0,0,0,0,0,0,"- ","- ",36.210880279541016,-119.29608154296875,TULARE,UNINCORPORATED,,
91654317,2021,2021-12-16,9480,2021-12-06,0715,016240,,1,1,9,5400,0,3,5,,2,001,"AVENUE 360","ROAD 52",0.00,,Y,B,-,N,,,,,,,,,,Y,3,0,1,2,A,-,09,21801,A,N,D,C,A,B,H,-,A,D,0,,,,Y,Y,,D,22,0,1,0,0,0,0,0,0,0,"- ","- ",36.444740295410156,-119.45680236816406,TULARE,UNINCORPORATED,-119.45681762695312,36.444267272949219
9266652,2021,2021-06-15,5405,2021-05-25,1921,257,SEC4,2,5,4,5405,0,0,0,,0,004,"NEWCOMB ST","OLIVE AV",50.00,N,N,A,-,N,,,,,,,,,,Y,4,0,1,2,A,-,09,21804,A,N,D,C,A,A,H,-,C,A,0,,,,,Y,,A,01,0,0,1,0,0,0,0,0,0,"- ","- ",,,TULARE,PORTERVILLE,-119.05299377441406,36.065841674804688
9367671,2021,2021-12-17,5405,2021-11-04,1426,282,"SEC 1",4,5,4,5405,0,0,0,,0,,"MORTON AV","MATHEW ST",0.00,,Y,A,-,N,,,,,,,,,,Y,4,0,1,2,A,-,09,21802,A,N,A,C,A,A,H,-,A,A,0,,,,,Y,,A,01,0,0,1,0,0,0,0,0,0,"- ","- ",36.073089599609375,-119.06189727783203,TULARE,PORTERVILLE,-119.06188201904297,36.073097229003906
9373914,2021,2021-12-30,5405,2021-11-23,1746,259,SEC3,2,5,4,5405,0,0,0,,0,,"ORANGE AV","D ST",1.00,W,N,A,-,N,,,,,,,,,,N,4,0,1,2,A,-,10,21950,A,N,G,B,D,-,H,-,D,D,0,Y,,,,Y,,A,01,0,0,1,0,1,0,0,0,0,"- ","- ",36.061248779296875,-119.01856231689453,TULARE,PORTERVILLE,-119.01854705810547,36.061241149902344
91387661,2021,2021-01-14,9481,2021-01-10,1315,019162,,7,1,9,5400,0,1,3,,1,054,"MOUNTAIN ROAD 107 (WESTERN DIVIDE HWY)","MOUNTAIN ROAD 168 (ASPEN DR)",23760.00,S,N,A,-,N,,,,,,,,,,Y,4,0,2,1,A,-,03,22350,,N,F,A,A,C,H,-,A,D,0,,,,,Y,,D,22,0,0,2,0,0,0,0,0,0,"- ","- ",36.036731719970703,-118.54737854003906,TULARE,UNINCORPORATED,,
91433963,2021,2021-03-24,9480,2021-03-14,2227,020612,,7,3,5,5407,0,1,3,,1,064,"STATE ROUTE 198 EASTBOUND","LOVERS LANE",700.00,E,N,B,-,Y,,,198,,,,,,E,Y,3,0,2,1,A,-,01,23152,A,N,E,I,A,A,H,-,D,D,0,,,,,Y,Y,A,01,0,1,1,0,0,0,0,0,0,"- ","- ",36.327388763427734,-119.25821685791016,TULARE,VISALIA,-119.25821685791016,36.327384948730469
91486327,2021,2021-06-01,9481,2021-05-26,1530,019422,,3,2,9,5400,0,3,5,,2,010,"ROAD 224","AVENUE 184",30.00,S,N,A,-,N,,,,,,,,,,Y,3,0,1,2,A,-,08,22107,,N,B,C,A,A,H,-,A,D,0,,,,,Y,,E,22,0,1,0,0,0,0,0,0,0,"- ","- ",36.123199462890625,-119.07189178466797,TULARE,UNINCORPORATED,-119.07181549072266,36.123416900634766
91517922,2021,2021-07-12,9480,2021-07-04,0339,021249,,7,3,9,5400,0,1,3,,2,095,"SR-99 N/B","AVENUE 96",1848.00,S,N,A,-,Y,,,99,,,,,,N,Y,2,0,1,1,A,-,08,22107,,N,E,I,A,A,H,-,D,D,0,,,,,Y,,A,01,1,0,0,0,0,0,0,0,0,"- ","- ",35.948509216308594,-119.288818359375,TULARE,UNINCORPORATED,-119.28882598876953,35.948509216308594
91543262,2021,2021-08-12,9481,2021-08-02,0510,018595,,1,3,9,5400,0,1,3,,1,053,"STATE ROUTE 190","GLOBE DRIVE",2100.00,E,N,A,-,Y,,,190,,,,,,,Y,4,0,1,1,C,-,18,,,N,E,H,A,A,H,-,D,D,0,,,,,Y,,-,"- ",0,0,1,0,0,0,0,0,0,"- ","- ",36.100749969482422,-118.83023071289062,TULARE,UNINCORPORATED,-118.83023071289062,36.100742340087891
91553059,2021,2022-03-14,9480,2021-08-07,0110,020060,,6,3,9,5400,0,3,5,,2,003,"ROAD 112","AVENUE 176",5280.00,N,N,A,-,N,,,,,,,,,,Y,1,2,0,1,A,-,01,23152,A,N,E,I,A,A,H,-,D,D,0,,,,,Y,Y,A,01,0,0,0,0,0,0,0,0,0,"- ","- ",36.111289978027344,-119.32179260253906,TULARE,UNINCORPORATED,-119.32185363769531,36.123741149902344
91580909,2021,2021-09-27,9481,2021-09-24,1710,019422,,5,2,9,5400,0,2,4,,1,021,"MAIN ST.","NORTH GRAND AVE",50.00,S,N,A,-,N,,,,,,,,,,Y,4,0,1,2,A,-,03,22350,,N,C,C,A,A,H,-,A,D,0,,,,,Y,,A,01,0,0,1,0,0,0,0,0,0,"- ","- ",36.098148345947266,-119.03510284423828,TULARE,UNINCORPORATED,-119.03508758544922,36.098102569580078
91598716,2021,2021-10-18,9481,2021-10-06,1750,019422,,3,2,9,5400,0,3,5,,2,030,"ROAD 216","AVENUE 95",0.00,,Y,A,-,N,,,,,,,,,,Y,2,0,4,2,A,-,12,22450,A,N,D,C,A,A,H,-,A,A,0,,,,,Y,,A,07,1,0,3,0,0,0,0,0,0,"- ","- ",35.962459564208984,-119.08959197998047,TULARE,UNINCORPORATED,-119.08957672119141,35.962451934814453
9225861,2021,2021-03-12,5406,2021-01-20,1709,86,5406,3,5,4,5406,0,0,0,,0,0WS,H,MAPLE,120.00,S,N,A,-,N,,,,,,,,,,Y,4,0,1,2,A,-,09,21801,A,N,D,C,A,A,H,-,A,D,0,,,Y,,Y,,A,01,0,0,1,0,0,0,0,0,1,"- ","- ",,,TULARE,TULARE,-119.35219573974609,36.214767456054688
9253315,2021,2021-04-27,5407,2021-03-08,1710,A327,480,1,5,5,5407,0,0,0,,0,012,"S AKERS ST","W CALDWELL AV",0.00,,Y,A,-,N,,,,,,,,,,Y,3,0,1,4,A,-,12,21453,A,N,D,C,A,A,H,-,A,A,0,,,,,Y,,A,01,0,1,0,0,0,0,0,0,0,"- ","- ",,,TULARE,VISALIA,-119.34941101074219,36.298233032226562
9264699,2021,2021-05-20,5405,2021-05-04,1435,254,SEC4,2,5,4,5405,0,0,0,,0,,"PUTNAM AV","COTTAGE ST",0.00,,Y,A,-,N,,,,,,,,,,Y,3,0,2,2,A,-,12,22450,A,N,D,C,A,A,H,-,A,A,0,,,,,Y,,A,01,0,1,1,0,0,0,0,0,0,"- ","- ",36.069599151611328,-119.03289031982422,TULARE,PORTERVILLE,-119.03292846679688,36.069595336914062
91389819,2021,2021-01-18,9480,2021-01-13,0942,016210,,3,1,9,5400,0,3,5,,2,006,"AVENUE 272","ROAD 108",3010.00,W,N,A,-,N,,,,,,,,,,Y,2,0,1,1,A,-,08,22107,,N,E,I,A,A,H,-,A,D,0,,,,,Y,,A,01,1,0,0,0,0,0,0,0,0,"- ","- ",36.283779144287109,-119.34178924560547,TULARE,UNINCORPORATED,-119.34165191650391,36.283718109130859
91449593,2021,2021-04-13,9480,2021-04-04,1615,019697,,7,2,9,5400,0,1,3,,1,060,SR-137,"ROAD 188",0.00,,Y,A,-,Y,,,137,,,,,,,Y,2,0,1,2,A,-,09,21801,A,N,D,C,A,A,H,-,A,D,0,,,Y,,Y,,A,01,1,0,0,0,0,0,0,0,1,"- ","- ",36.210750579833984,-119.15409088134766,TULARE,UNINCORPORATED,-119.15409088134766,36.210784912109375
91673351,2021,2022-01-07,9480,2021-12-27,1900,020837,,1,2,9,5400,0,1,3,,2,095,"STATE ROUTE 99 NORTHBOUIND","AVENUE 120",2640.00,N,N,B,C,Y,,,99,,,,,,,Y,4,0,1,1,A,-,08,22107,,N,E,8,A,B,H,-,D,D,0,,,,,Y,,A,07,0,0,1,0,0,0,0,0,0,"- ","- ",36.014751434326172,-119.30368804931641,TULARE,UNINCORPORATED,-119.30387115478516,36.014705657958984
91514771,2021,2021-07-07,9480,2021-06-28,2335,018521,,1,3,9,5400,0,3,5,,2,001,"AVENUE 424","ROAD 68",1056.00,W,N,A,-,N,,,,,,,,,,Y,3,0,1,1,A,-,01,23152,A,N,E,I,A,A,H,-,D,D,0,,,,,Y,Y,D,22,0,1,0,0,0,0,0,0,0,"- ","- ",36.560741424560547,-119.42572021484375,TULARE,UNINCORPORATED,-119.42587280273438,36.560672760009766
91519919,2021,2021-07-14,9480,2021-07-06,1745,016615,,2,2,9,5400,0,3,5,,2,004,SR-216,"ROAD 228",2640.00,E,N,A,-,Y,,,216,,,,,,,Y,4,0,1,1,A,-,03,22350,,M,E,I,A,A,H,-,A,D,0,,,,,Y,,A,01,0,0,1,0,0,0,0,0,0,"- ","- ",36.404888153076172,-119.05397033691406,TULARE,UNINCORPORATED,-119.05396270751953,36.404914855957031
91553825,2021,2021-08-25,9480,2021-08-20,1130,017108,,5,1,9,5400,0,1,3,,1,030,"STATE ROUTE 137","ROAD 68",0.00,,Y,A,-,Y,,,137,,,,,,,Y,4,0,2,2,A,-,09,21801,A,N,A,C,A,A,H,-,A,D,0,,,,,Y,,D,22,0,0,2,0,0,0,0,0,0,"- ","- ",36.203449249267578,-119.42115783691406,TULARE,UNINCORPORATED,-119.42115783691406,36.203475952148438
9322623,2021,2021-11-02,5405,2021-09-12,1635,CS03,,7,5,4,5405,0,0,0,,0,002,"MORTON AV","MAIN ST",0.00,,Y,A,-,N,,,,,,,,,,Y,4,0,4,2,A,-,09,21453,C,N,D,C,A,A,H,-,A,A,0,,,,,Y,,-,"- ",0,0,4,0,0,0,0,0,0,"- ","- ",,,TULARE,PORTERVILLE,-119.01615905761719,36.073051452636719
9361549,2021,2021-11-19,5407,2021-10-09,1554,A306,480,6,5,5,5407,0,0,0,,0,033,"S COURT ST","TULARE AV",0.00,,Y,A,-,N,,,,,,,,,,N,4,0,1,2,A,-,12,21453,A,N,D,C,A,A,H,-,A,A,0,,,,,Y,,A,01,0,0,1,0,0,0,0,0,0,"- ","- ",,,TULARE,VISALIA,-119.29216003417969,36.320095062255859
91438568,2021,2021-03-29,9480,2021-03-15,0310,019828,,1,3,9,5400,0,1,3,,2,093,"SR-99 N/B","AVENUE 280",250.00,S,N,B,C,Y,,,99,,,,,,N,Y,4,0,1,2,A,-,03,22350,,N,C,C,A,B,H,-,D,D,0,,,,,Y,,A,08,0,0,1,0,0,0,0,0,0,"- ","- ",36.29718017578125,-119.38397216796875,TULARE,UNINCORPORATED,-119.38394165039062,36.297195434570312
91674905,2021,2022-01-11,9480,2021-12-23,2000,019349,,4,2,9,5400,0,3,5,,2,004,"ROAD 196","AVENUE 324",2270.00,N,N,C,-,N,,,,,,,,,,Y,3,0,2,1,A,-,01,23152,A,N,E,I,A,B,H,-,D,D,0,,,,,Y,Y,A,07,0,1,1,0,0,0,0,0,0,"- ","- ",36.383270263671875,-119.135498046875,TULARE,UNINCORPORATED,-119.13541412353516,36.383106231689453
9283199,2021,2021-09-01,5404,2021-06-05,1031,676,,6,5,2,5404,0,0,0,,0,,"N SWEET BRIER",FRAZIER,440.00,N,N,A,-,N,,,,,,,,,,Y,3,0,1,8,A,-,03,22350,A,N,A,C,A,A,H,-,A,D,0,,,,,Y,,A,01,0,1,0,0,0,0,0,0,0,"- ","- ",,,TULARE,LINDSAY,-119.09381866455078,36.206890106201172
9373919,2021,2021-12-30,5405,2021-11-22,1529,229,,1,5,4,5405,0,0,0,,0,SEC3,"PLANO ST","COLLEGE AV",447.00,S,N,A,-,N,,,,,,,,,,N,4,0,2,2,A,-,09,21801,A,N,D,C,A,A,H,-,A,D,0,,,,,Y,,A,08,0,0,2,0,0,0,0,0,0,"- ","- ",36.04705810546875,-119.00897216796875,TULARE,PORTERVILLE,-119.00833892822266,36.047164916992188
91492781,2021,2021-06-09,9480,2021-05-29,1319,016240,,6,1,9,5400,0,3,5,,2,001,"ROAD 80","AVENUE 360",280.00,S,N,A,-,N,,,,,,,,,,Y,3,0,2,1,A,-,08,22107,,N,F,A,A,A,H,-,A,D,0,,,,,Y,,A,01,0,2,0,0,0,0,0,0,0,"- ","- ",36.443939208984375,-119.39438629150391,TULARE,UNINCORPORATED,-119.39485168457031,36.443191528320312
91627061,2021,2021-11-17,9481,2021-11-09,0735,015290,,2,1,9,5400,0,3,5,,2,030,"WESTWOOD STREET","STATE ROUTE 190",2112.00,N,N,B,C,N,,,,,,,,,,Y,4,0,3,2,A,-,03,22350,,N,C,C,A,B,H,-,A,A,0,,,,,Y,,A,07,0,0,3,0,0,0,0,0,0,"- ","- ",36.05596923828125,-119.07087707519531,TULARE,UNINCORPORATED,-119.07091522216797,36.057064056396484
9322225,2021,2021-09-16,5405,2021-08-29,1154,204,SEC4,7,5,4,5405,0,0,0,,0,PSC,"OLIVE AV","CLOVERLEAF ST",3.00,E,N,A,-,N,,,,,,,,,,Y,3,0,1,2,A,-,12,21453,A,N,D,C,A,A,H,-,A,A,0,,,,,Y,,-,"- ",0,1,0,0,0,0,0,0,0,"- ","- ",,,TULARE,PORTERVILLE,-119.03813171386719,36.065898895263672
9371422,2021,2021-12-23,5404,2021-12-03,1732,674,20L,5,5,2,5404,0,0,0,,0,003,"RT 65",HERMOSA,976.00,S,N,A,-,Y,TUL,6,65,-,-,29.310,H,-,N,Y,4,0,3,3,A,-,03,22350,,N,C,C,A,A,H,-,C,A,0,,,,,Y,,A,07,0,0,3,0,0,0,0,0,0,"- ","- ",,,TULARE,LINDSAY,-119.10285186767578,36.201133728027344
9373917,2021,2021-12-30,5405,2021-11-27,1318,203,SEC2,6,5,4,5405,0,0,0,,0,,"MAIN ST","HENDERSON AV",0.00,,Y,A,-,N,,,,,,,,,,Y,3,0,3,3,A,-,12,21453,A,N,D,C,A,A,H,-,A,A,0,,,,,Y,,A,07,0,3,0,0,0,0,0,0,0,"- ","- ",,,TULARE,PORTERVILLE,-119.01969909667969,36.080154418945312