CASE_ID,ACCIDENT_YEAR,PROC_DATE,JURIS,COLLISION_DATE,COLLISION_TIME,OFFICER_ID,REPORTING_DISTRICT,DAY_OF_WEEK,CHP_SHIFT,POPULATION,CNTY_CITY_LOC,SPECIAL_COND,BEAT_TYPE,CHP_BEAT_TYPE,CITY_DIVISION_LAPD,CHP_BEAT_CLASS,BEAT_NUMBER,PRIMARY_RD,SECONDARY_RD,DISTANCE,DIRECTION,INTERSECTION,WEATHER_1,WEATHER_2,STATE_HWY_IND,CALTRANS_COUNTY,CALTRANS_DISTRICT,STATE_ROUTE,ROUTE_SUFFIX,POSTMILE_PREFIX,POSTMILE,LOCATION_TYPE,RAMP_INTERSECTION,SIDE_OF_HWY,TOW_AWAY,COLLISION_SEVERITY,NUMBER_KILLED,NUMBER_INJURED,PARTY_COUNT,PRIMARY_COLL_FACTOR,PCF_CODE_OF_VIOL,PCF_VIOL_CATEGORY,PCF_VIOLATION,PCF_VIOL_SUBSECTION,HIT_AND_RUN,TYPE_OF_COLLISION,MVIW,PED_ACTION,ROAD_SURFACE,ROAD_COND_1,ROAD_COND_2,LIGHTING,CONTROL_DEVICE,CHP_ROAD_TYPE,PEDESTRIAN_ACCIDENT,BICYCLE_ACCIDENT,MOTORCYCLE_ACCIDENT,TRUCK_ACCIDENT,NOT_PRIVATE_PROPERTY,ALCOHOL_INVOLVED,STWD_VEHTYPE_AT_FAULT,CHP_VEHTYPE_AT_FAULT,COUNT_SEVERE_INJ,COUNT_VISIBLE_INJ,COUNT_COMPLAINT_PAIN,COUNT_PED_KILLED,COUNT_PED_INJURED,COUNT_BICYCLIST_KILLED,COUNT_BICYCLIST_INJURED,COUNT_MC_KILLED,COUNT_MC_INJURED,PRIMARY_RAMP,SECONDARY_RAMP,LATITUDE,LONGITUDE,COUNTY,CITY,POINT_X,POINT_Y
91417949,2021,2021-03-01,9480,2021-02-11,1650,016723,,4,2,9,5400,0,3,5,,2,001,"AVENUE 376","ROAD 44",0.00,,Y,B,-,N,,,,,,,,,,Y,2,0,3,2,A,-,12,22450,A,F,D,C,A,A,H,-,A,A,0,,,,,Y,,-,99,2,1,0,0,0,0,0,0,0,"- ","- ",36.47357177734375,-119.47441864013672,TULARE,UNINCORPORATED,-119.47441864013672,36.473560333251953
91428991,2021,2021-03-17,9480,2021-03-05,1220,013821,,5,1,9,5400,0,1,3,,2,093,"SR-99 S/B","AVENUE 280 O/C",6336.00,N,N,A,-,Y,,,99,,,,,,S,Y,3,0,2,1,A,-,08,22107,,N,F,A,A,A,H,-,A,D,0,,,Y,,Y,,C,02,0,2,0,0,0,0,0,0,2,"- ","- ",36.308788299560547,-119.39257049560547,TULARE,UNINCORPORATED,-119.39254760742188,36.308803558349609
91487928,2021,2021-06-02,9480,2021-05-21,2025,017291,,5,2,9,5400,0,1,3,,1,010,"STATE ROUTE 201 (AVE 400)","ROAD 36",16.00,W,N,A,-,Y,,,,,,,,,,Y,4,0,1,2,A,-,17,25650,,N,A,C,A,A,H,-,B,A,0,,,Y,,Y,,C,02,0,0,1,0,0,0,0,0,1,"- ","- ",36.512210845947266,-119.49375152587891,TULARE,UNINCORPORATED,-119.49374389648438,36.517669677734375
91534794,2021,2021-08-02,9480,2021-07-29,1458,019846,,4,2,9,5400,0,3,5,,2,002,"AVENUE 408","ROAD 116",163.00,W,N,A,-,N,,,,,,,,,,Y,4,0,1,2,A,-,01,23152,A,N,C,C,A,A,H,-,A,D,0,,,,,Y,Y,A,01,0,0,1,0,0,0,0,0,0,"- ","- ",36.530509948730469,-119.31430816650391,TULARE,UNINCORPORATED,-119.31424713134766,36.530487060546875
91542258,2021,2021-08-11,9481,2021-08-05,1505,018113,,4,2,9,5400,0,3,5,,2,020,"ORANGE BELT DRIVE","LAWSON DRIVE",50.00,N,N,A,-,N,,,,,,,,,,N,4,0,1,2,A,-,09,21801,A,N,D,C,A,A,H,-,A,D,0,,,,,Y,,A,01,0,0,1,0,0,0,0,0,0,"- ","- ",36.147449493408203,-119.06175994873047,TULARE,UNINCORPORATED,-119.06180572509766,36.147441864013672
91622060,2021,2021-11-10,9480,2021-11-06,0940,019932,,6,1,9,5400,0,1,3,,1,021,"STATE ROUTE 63 (ROAD 128)","CLYDE AVENUE",45.00,N,N,B,-,Y,,,63,,,,,,,N,3,0,1,2,A,-,11,21954,A,N,G,B,D,A,H,-,A,D,0,Y,,,,Y,,N,60,0,1,0,0,1,0,0,0,0,"- ","- ",36.551139831542969,-119.28691101074219,TULARE,UNINCORPORATED,-119.28697967529297,36.551139831542969
91660591,2021,2021-12-23,9480,2021-12-21,1630,017108,,2,2,9,5400,0,3,5,,2,006,"AVENUE 256","ROAD 152",5.00,E,N,A,-,N,,,,,,,,,,Y,3,0,2,2,A,-,03,22350,,N,C,C,A,A,H,-,A,D,0,,,,,Y,,A,08,0,1,1,0,0,0,0,0,0,"- ","- ",36.254459381103516,-119.23359680175781,TULARE,UNINCORPORATED,-119.23365020751953,36.254451751708984
9350650,2021,2021-10-30,5403,2021-09-29,1147,844,,3,5,2,5403,0,0,0,,0,,"N VENTURA AV","W CITRUS AV",23.00,S,N,A,-,N,,,,,,,,,,Y,4,0,1,2,A,-,09,21800,A,N,D,A,A,A,H,-,A,A,0,,,,Y,Y,,F,26,0,0,1,0,0,0,0,0,0,"- ","- ",,,TULARE,FARMERSVILLE,-119.21147918701172,36.3074951171875
9373739,2021,2022-01-12,5407,2021-11-02,1258,M282,480,2,5,5,5407,0,0,0,,0,034,"S WEST ST","W CAMERON AV",0.00,,Y,A,-,N,,,,,,,,,,Y,4,0,2,2,A,-,12,22450,A,N,D,C,A,A,H,-,A,A,0,,,,,Y,,A,01,0,0,2,0,0,0,0,0,0,"- ","- ",36.293750762939453,-119.29621887207031,TULARE,VISALIA,-119.29618835449219,36.293743133544922
9373773,2021,2021-12-14,5407,2021-10-18,1752,A302,480,1,5,5,5407,0,0,0,,0,026,"N COURT ST","E RIGGIN AV",0.00,,Y,A,-,N,,,,,,,,,,Y,4,0,1,2,A,-,12,22450,A,N,D,C,A,A,H,-,B,A,0,,,,,Y,,A,01,0,0,1,0,0,0,0,0,0,"- ","- ",36.356330871582031,-119.29392242431641,TULARE,VISALIA,-119.29395294189453,36.356399536132812
91509678,2021,2021-06-30,9480,2021-06-18,1325,016723,,5,1,5,5407,0,1,3,,1,064,"STATE ROUTE 198 E/B TO CENTRAL VISALIA","CONYER STREET",160.00,E,N,A,-,Y,,,198,,,,R,,E,Y,4,0,2,2,A,-,03,22350,,N,C,C,A,A,H,-,A,A,0,,,,,Y,,D,22,0,0,2,0,0,0,0,0,0,"- ","- ",36.326751708984375,-119.30049896240234,TULARE,VISALIA,-119.30049896240234,36.326751708984375
91519935,2021,2021-07-14,9480,2021-07-07,1220,018202,,3,1,9,5400,0,1,3,,1,044,SR-198,"MEHRTEN DR.",80.00,E,N,A,-,Y,,,198,,,,,,,Y,4,0,1,2,A,-,01,23152,A,N,D,D,A,A,H,-,A,D,0,,,,,Y,Y,A,01,0,0,1,0,0,0,0,0,0,"- ","- ",36.345859527587891,-119.05690002441406,TULARE,UNINCORPORATED,-119.05690002441406,36.345855712890625
91573058,2021,2021-09-17,9480,2021-09-04,2130,020890,,6,2,9,5400,0,1,3,,1,034,"COUNTY LINE ROAD","PRINCETON STREET",50.00,W,N,A,-,N,,,,,,,,,,Y,3,0,1,2,A,-,03,22350,,F,C,C,A,A,H,-,D,D,0,,,,,Y,,A,01,0,1,0,0,0,0,0,0,0,"- ","- ",35.790531158447266,-119.23716735839844,TULARE,UNINCORPORATED,-119.23667144775391,35.790462493896484
91599182,2021,2021-10-18,9480,2021-10-15,1525,016995,,5,2,9,5400,0,1,3,,1,034,"STATE ROUTE 198 E/B TO STATE ROUTE 99 N/B","STATE ROUTE 99",300.00,E,N,A,-,Y,,,198,,,,R,,E,Y,3,0,1,1,A,-,03,22350,,N,F,A,A,A,H,-,A,D,0,,,,Y,Y,,G,25,0,1,0,0,0,0,0,0,0,"- ","- ",36.325839996337891,-119.40486907958984,TULARE,UNINCORPORATED,-119.40486907958984,36.325839996337891
9239261,2021,2021-05-04,5407,2021-03-05,1044,M333,480,5,5,5,5407,0,0,0,,0,N11,"W DOUGLAS AV","N KENT ST",0.00,,Y,A,-,N,,,,,,,,,,N,4,0,2,2,A,-,09,21802,A,N,D,J,A,A,H,-,A,A,0,,,,,Y,,D,22,0,0,2,0,0,0,0,0,0,"- ","- ",,,TULARE,VISALIA,-119.34435272216797,36.339805603027344
9389734,2021,2022-01-18,5405,2021-12-31,1532,282,SEC3,5,5,4,5405,0,0,0,,0,,"OLIVE AV","D ST",48.00,E,N,A,-,N,,,,,,,,,,Y,3,0,1,2,A,-,03,22350,,F,C,C,A,A,H,-,A,A,0,,,,,Y,,A,01,0,1,0,0,0,0,0,0,0,"- ","- ",36.065200805664062,-119.01847076416016,TULARE,PORTERVILLE,-119.01829528808594,36.065116882324219
9404305,2021,2022-02-16,5407,2021-12-30,2125,11895,480,4,5,5,5407,0,0,0,,0,026,"SOUTH TIPTON","EAST ACEQUIA",0.00,,Y,A,-,N,,,,,,,,,,Y,3,0,1,2,A,-,05,21650,,N,B,C,A,A,H,-,C,A,0,,,,,Y,,A,01,0,1,0,0,0,0,0,0,0,"- ","- ",36.330089569091797,-119.28682708740234,TULARE,VISALIA,-119.28666687011719,36.329246520996094
91533687,2021,2021-07-30,9480,2021-07-25,0047,021249,,7,3,9,5400,0,3,5,,2,006,"CALDWELL AVENUE","SHIRK ROAD",2429.00,W,N,A,-,N,,,,,,,,,,Y,3,0,1,1,A,-,01,23152,A,N,E,I,A,A,H,-,C,D,0,,,,,Y,Y,D,22,0,1,0,0,0,0,0,0,0,"- ","- ",36.298011779785156,-119.375732421875,TULARE,UNINCORPORATED,-119.37560272216797,36.298122406005859
9258709,2021,2021-05-07,5407,2021-04-09,1941,12014,SR142,5,5,5,5407,0,0,0,,0,012,"S ROSSMOOR CT","W PARADISE AV",54.00,N,N,A,-,N,,,,,,,,,,N,2,0,1,2,A,-,05,21202,A,N,A,G,A,A,H,-,D,D,0,,Y,,,Y,,L,04,1,0,0,0,0,0,1,0,0,"- ","- ",36.316509246826172,-119.34162139892578,TULARE,VISALIA,-119.29206085205078,36.316619873046875
9315703,2021,2021-09-29,5407,2021-08-20,1846,C57,480,5,5,5,5407,0,0,0,,0,034,"E CALDWELL AV","S LOVERS LN",0.00,,Y,A,-,N,,,,,,,,,,Y,4,0,1,4,A,-,12,21453,A,N,D,C,A,A,H,-,A,A,0,,,,,Y,,D,22,0,0,1,0,0,0,0,0,0,"- ","- ",36.298290252685547,-119.26090240478516,TULARE,VISALIA,-119.26080322265625,36.298240661621094
9320105,2021,2021-12-21,5407,2021-04-21,0235,M194,480,3,5,5,5407,0,0,0,,0,R12,"RT 63","W WALNUT AV",0.00,,Y,A,-,Y,TUL,6,63,-,-,7.010,I,5,S,Y,1,1,1,2,A,-,12,21453,A,N,D,C,A,A,H,-,C,A,0,,,,,Y,,A,07,0,0,1,0,0,0,0,0,0,"- ","- ",,,TULARE,VISALIA,-119.31395721435547,36.31298828125
9370707,2021,2021-12-23,5405,2021-11-08,1600,282,"SEC 2",1,5,4,5405,0,0,0,,0,,"PROSPECT ST","GRAND AV",281.00,N,N,A,-,N,,,,,,,,,,Y,3,0,1,2,A,-,05,21202,A,N,G,G,A,A,H,-,A,D,0,,Y,,,Y,Y,L,04,0,1,0,0,0,0,1,0,0,"- ","- ",36.077838897705078,-119.04434204101562,TULARE,PORTERVILLE,-119.04396057128906,36.077560424804688
91387585,2021,2021-01-14,9481,2021-01-11,0600,015290,,1,1,9,5400,0,2,4,,1,021,"AVENUE 200","ORANGE BELT DRIVE",0.00,,Y,A,-,N,,,,,,,,,,Y,4,0,1,2,A,-,09,21802,A,N,D,C,A,A,H,-,D,A,0,,,,,Y,,A,01,0,0,1,0,0,0,0,0,0,"- ","- ",36.152729034423828,-119.06511688232422,TULARE,UNINCORPORATED,-119.06497192382812,36.152801513671875
91401485,2021,2021-02-03,9481,2021-01-23,1408,021234,,6,2,9,5400,0,1,3,,1,037,"STATE ROUTE 65","AVE 12",2640.00,N,N,B,-,Y,,,65,,,,,,,Y,3,0,1,1,A,-,01,23152,A,N,E,I,A,B,H,-,A,D,0,,,,,Y,Y,A,01,0,1,0,0,0,0,0,0,0,"- ","- ",35.820838928222656,-119.05364990234375,TULARE,UNINCORPORATED,-119.05360412597656,35.820838928222656
91514955,2021,2021-07-07,9481,2021-06-30,1720,021227,,3,2,9,5400,0,2,4,,1,051,"WORTH DRIVE","ROAD 284",2477.00,W,N,A,-,N,,,,,,,,,,Y,4,0,1,1,A,-,01,23152,A,N,E,I,A,A,H,-,A,D,0,,,,,Y,Y,D,22,0,0,1,0,0,0,0,0,0,"- ","- ",36.05072021484375,-118.94490051269531,TULARE,UNINCORPORATED,-118.94481658935547,36.050662994384766
9250837,2021,2021-06-03,5404,2021-04-17,2100,674,20L,6,5,2,5404,0,0,0,,0,001,"FRESNO ST",WESTWOOD,940.00,W,N,A,-,N,,,,,,,,,,Y,4,0,1,4,A,-,08,22107,,N,B,B,-,A,H,-,D,D,0,Y,,,,Y,,D,22,0,0,1,0,1,0,0,0,0,"- ","- ",,,TULARE,LINDSAY,-119.10337066650391,36.208705902099609
9268165,2021,2021-05-26,5407,2021-05-06,1329,A302,480,4,5,5,5407,0,0,0,,0,034,"S COURT ST","CALDWELL AV",209.00,S,N,A,-,N,,,,,,,,,,Y,4,0,1,3,A,-,08,22107,,N,F,C,A,A,H,-,A,D,0,,,,,Y,,A,07,0,0,1,0,0,0,0,0,0,"- ","- ",,,TULARE,VISALIA,-119.29161834716797,36.297569274902344
91469024,2021,2021-05-10,9480,2021-05-03,1701,020060,,1,2,5,5407,0,1,3,,1,034,"STATE ROUTE 198 E/B","WATSON STREET",20.00,W,N,A,-,Y,,,198,,,,,,E,Y,4,0,1,1,A,-,03,22350,,N,E,I,A,A,H,-,A,D,0,,,,,Y,,A,07,0,0,1,0,0,0,0,0,0,"- ","- ",36.326751708984375,-119.29640197753906,TULARE,VISALIA,-119.29640197753906,36.326900482177734
91515528,2021,2021-07-08,9481,2021-06-25,1700,018029,,5,2,9,5400,0,3,5,,2,050,"AVENUE 96","ROAD 237",50.00,W,N,A,-,N,,,,,,,,,,Y,4,0,1,3,A,-,01,23152,A,N,C,E,A,A,H,-,A,D,0,,,,,Y,Y,A,01,0,0,1,0,0,0,0,0,0,"- ","- ",35.964210510253906,-119.04244232177734,TULARE,UNINCORPORATED,-119.04225158691406,35.964260101318359
91537537,2021,2021-08-05,9481,2021-07-26,1410,018029,,1,2,9,5400,0,2,4,,1,021,"ROAD 256","AVENUE 196",45.00,S,N,B,-,N,,,,,,,,,,Y,4,0,2,2,A,-,03,22350,,N,C,C,A,A,H,-,A,A,0,,,,,Y,,D,22,0,0,2,0,0,0,0,0,0,"- ","- ",36.145408630371094,-119.00018310546875,TULARE,UNINCORPORATED,-119.00016784667969,36.145378112792969
91585730,2021,2021-10-01,9480,2021-09-28,0545,017108,,2,3,9,5400,0,1,3,,1,065,"STATE ROUTE 65","AVENUE 288 (MARINETTE AVENUE)",0.00,,Y,A,-,Y,,,65,,,,,,,Y,4,0,2,2,A,-,12,22450,A,N,D,C,A,A,H,-,B,A,0,,,,,Y,,D,22,0,0,2,0,0,0,0,0,0,"- ","- ",36.311599731445312,-119.13522338867188,TULARE,UNINCORPORATED,-119.13526153564453,36.311599731445312
91618488,2021,2021-11-08,9480,2021-11-02,1347,019647,,2,1,9,5400,0,3,5,,2,006,"AVENUE 288","ROAD 148",1162.00,E,N,A,-,N,,,,,,,,,,Y,2,0,1,1,A,-,08,22107,,N,E,I,A,A,H,-,A,D,0,,,,,Y,,A,01,1,0,0,0,0,0,0,0,0,"- ","- ",36.312271118164062,-119.23861694335938,TULARE,UNINCORPORATED,-119.23867797851562,36.312553405761719
9379167,2021,2022-01-12,5407,2021-12-20,1901,C57,480,1,5,5,5407,0,0,0,,0,026,"W RIGGIN AV","N DINUBA BL",177.00,S,N,A,-,Y,TUL,6,63,-,-,10.110,I,6,S,N,4,0,1,2,A,-,03,22350,,N,C,C,A,A,H,-,C,A,0,,,,,Y,,A,01,0,0,1,0,0,0,0,0,0,"- ","- ",36.356208801269531,-119.29698944091797,TULARE,VISALIA,-119.29698944091797,36.356216430664062
91417191,2021,2021-02-26,9480,2021-02-04,2335,019543,,4,3,9,5400,0,1,3,,2,093,"SR-99 N/B","CARTMILL OVERCROSSING",1056.00,S,N,A,-,Y,,,,,,,,,,Y,4,0,1,2,A,-,03,22350,,N,C,C,A,A,H,-,D,D,0,,,,Y,Y,,A,01,0,0,1,0,0,0,0,0,0,"- ","- ",36.237571716308594,-119.34346008300781,TULARE,UNINCORPORATED,-119.34372711181641,36.237812042236328
91486195,2021,2021-06-01,9480,2021-05-04,2045,017291,,2,2,9,5400,0,3,5,,2,001,"ROAD 80","STATE ROUTE 201 (AVENUE 400)",1015.00,N,N,A,-,N,,,,,,,,,,N,1,1,0,2,A,-,11,21956,A,N,G,B,E,A,H,-,D,D,0,Y,,,,Y,,N,60,0,0,0,1,0,0,0,0,0,"- ","- ",36.519641876220703,-119.39475250244141,TULARE,UNINCORPORATED,-119.39495086669922,36.519641876220703
91520925,2021,2021-07-15,9480,2021-07-09,0830,017108,,5,1,4,5406,0,1,3,,2,093,"STATE ROUTE 99 SOUTHBOUND","K STREET",396.00,N,N,A,-,Y,,,99,,,,,,S,Y,3,0,2,3,A,-,03,22350,,N,C,C,A,A,H,-,A,D,0,,,,,Y,,A,01,0,2,0,0,0,0,0,0,0,"- ","- ",36.152278900146484,-119.33149719238281,TULARE,TULARE,-119.33155822753906,36.152259826660156
91543790,2021,2021-09-24,9480,2021-08-03,1740,019349,,2,2,9,5400,0,3,5,,2,003,"DRIVE 92B","STATE ROUTE 99 S/B",78.00,W,N,A,-,N,,,,,,,,,,Y,3,0,2,2,A,-,09,21801,A,N,A,C,A,A,H,-,A,D,0,,,,Y,Y,,G,25,0,1,1,0,0,0,0,0,0,"- ","- ",36.266269683837891,-119.36428070068359,TULARE,UNINCORPORATED,-119.36428833007812,36.266269683837891
91583552,2021,2021-09-30,9481,2021-09-24,2246,020784,,5,3,9,5400,0,1,3,,1,032,SR-190,"ROAD 208",0.00,,Y,A,-,Y,,,190,,,,,,,Y,3,0,3,2,A,-,01,23152,A,F,D,C,A,A,H,-,D,A,0,,,,,Y,Y,A,01,0,2,1,0,0,0,0,0,0,"- ","- ",36.051219940185547,-119.10746002197266,TULARE,UNINCORPORATED,-119.10746002197266,36.05120849609375
9227924,2021,2021-04-06,5405,2021-03-03,1100,246,SEC3,3,5,4,5405,0,0,0,,0,003,"D ST","MILL AV",6.00,S,N,A,-,N,,,,,,,,,,N,3,0,1,2,A,-,10,21950,A,N,G,B,B,A,H,-,A,D,0,Y,,,,Y,Y,I,11,0,1,0,0,1,0,0,0,0,"- ","- ",36.068630218505859,-119.01775360107422,TULARE,PORTERVILLE,-119.01844787597656,36.068843841552734
9252303,2021,2021-04-15,5407,2021-01-26,0813,M194,480,2,5,5,5407,0,0,0,,0,033,"PARADISE AV","COURT ST",0.00,,Y,A,-,N,,,,,,,,,,Y,4,0,1,3,A,-,12,22450,A,N,D,C,A,B,H,-,A,A,0,,,,,Y,,A,01,0,0,1,0,0,0,0,0,0,"- ","- ",36.316490173339844,-119.29206085205078,TULARE,VISALIA,-119.29206085205078,36.31646728515625
9253306,2021,2021-04-27,5405,2021-03-23,1722,226,,2,5,4,5405,0,0,0,,0,,"OLIVE AV","F ST",0.00,,Y,A,-,N,,,,,,,,,,Y,3,0,1,2,A,-,09,21802,A,N,D,C,A,A,H,-,A,D,0,,,Y,,Y,,A,01,0,1,0,0,0,0,0,0,1,"- ","- ",,,TULARE,PORTERVILLE,-119.02134704589844,36.065170288085938
9258717,2021,2021-05-07,5407,2021-04-01,1237,C51,480,4,5,5,5407,0,0,0,,0,N25,"W ACEQUIA AV","S WEST ST",0.00,,Y,A,-,N,,,,,,,,,,N,3,0,1,2,A,-,10,21950,A,N,A,B,B,A,H,-,A,A,0,Y,,,,Y,,-,,0,1,0,0,1,0,0,0,0,"- ","- ",36.329219818115234,-119.29659271240234,TULARE,VISALIA,-119.29662322998047,36.329227447509766
9322875,2021,2021-10-06,5407,2021-08-26,2112,A352,480,4,5,5,5407,0,0,0,,0,Q34,"RT 63","AVENUE 264",562.00,S,N,A,-,Y,TUL,6,63,-,-,3.900,H,-,N,Y,2,0,1,1,A,-,01,23152,F,M,E,I,A,A,H,-,C,A,0,,,,,Y,,A,01,1,0,0,0,0,0,0,0,0,"- ","- ",,,TULARE,VISALIA,-119.313232421875,36.267856597900391
9356342,2021,2021-11-04,5405,2021-10-14,1608,259,"SEC 3",4,5,4,5405,0,0,0,,0,,"OLIVE AV","HOCKETT ST",6.00,W,N,A,-,N,,,,,,,,,,Y,4,0,1,2,A,-,03,22350,,N,C,C,A,A,H,-,A,D,0,,,,,Y,,A,01,0,0,1,0,0,0,0,0,0,"- ","- ",36.064979553222656,-119.01737976074219,TULARE,PORTERVILLE,-119.01712799072266,36.065109252929688
91451119,2021,2021-04-15,9480,2021-04-05,0645,013821,,1,1,9,5400,0,3,5,,2,003,"ROAD 48","AVENUE 184",0.00,,Y,A,-,N,,,,,,,,,,Y,4,0,1,2,A,-,03,22350,,N,D,C,A,A,H,-,A,A,0,,,,,Y,,A,01,0,0,1,0,0,0,0,0,0,"- ","- ",36.123340606689453,-119.46485900878906,TULARE,UNINCORPORATED,-119.46487426757812,36.123424530029297
91501791,2021,2021-06-21,9481,2021-06-15,0545,015218,,2,3,9,5400,0,3,5,,2,030,"AVENUE 152","ROAD 152",0.00,,Y,A,-,N,,,,,,,,,,Y,4,0,1,2,A,-,09,21802,B,N,D,C,A,A,H,-,A,A,0,,,,,Y,,A,01,0,0,1,0,0,0,0,0,0,"- ","- ",36.065750122070312,-119.23236846923828,TULARE,UNINCORPORATED,-119.23234558105469,36.065753936767578
91546752,2021,2021-08-17,9480,2021-08-15,2346,021249,,7,3,9,5400,0,3,5,,2,006,"ROAD 124","AVENUE 256",2218.00,S,N,A,-,N,,,,,,,,,,Y,3,0,1,1,A,-,08,22107,,N,F,A,A,A,H,-,D,D,0,,,,,Y,,A,01,0,1,0,0,0,0,0,0,0,"- ","- ",36.249641418457031,-119.29627227783203,TULARE,UNINCORPORATED,-119.29623413085938,36.249763488769531
91608629,2021,2021-10-28,9480,2021-10-21,1515,018521,,4,2,9,5400,0,1,3,,1,021,"SR-201 (AVENUE 384)","SR-63 (ROAD 128)",364.00,E,N,A,-,Y,,,201,,,,,,,Y,3,0,1,3,A,-,03,22350,,N,C,C,A,A,H,-,A,A,0,,,,,Y,,D,22,0,1,0,0,0,0,0,0,0,"- ","- ",36.486728668212891,-119.28585815429688,TULARE,UNINCORPORATED,-119.28585815429688,36.486690521240234
91674816,2021,2022-01-10,9481,2021-12-12,1715,020901,,7,2,9,5400,0,3,5,,2,050,"AVENUE 95","ROAD 248",0.00,,Y,A,-,N,,,,,,,,,,Y,2,0,1,2,A,-,09,21802,A,F,D,C,A,A,H,-,D,D,0,,,,,Y,,D,22,1,0,0,0,0,0,0,0,0,"- ","- ",35.962478637695312,-119.01804351806641,TULARE,UNINCORPORATED,-119.01810455322266,35.962390899658203
9221726,2021,2021-03-04,5407,2021-01-21,1925,A285,480,4,5,5,5407,0,0,0,,0,N25,"W MINERAL KING","RT 63",0.00,,Y,A,-,N,,,,,,,,,,Y,3,0,2,3,A,-,12,21453,A,M,D,C,A,A,H,-,C,A,0,,,,,Y,,A,01,0,1,1,0,0,0,0,0,0,"- ","- ",,,TULARE,VISALIA,-119.29231262207031,36.327438354492188
9253314,2021,2021-04-27,5407,2021-03-01,1016,M201,480,1,5,5,5407,0,0,0,,0,,"S BEN MADDOX WY",NOBLE,634.00,S,N,A,-,N,,,,,,,,,,Y,4,0,1,2,A,-,09,21801,A,N,D,C,A,A,H,-,A,D,0,,,,,Y,,A,01,0,0,1,0,0,0,0,0,0,"- ","- ",36.32611083984375,-119.27851104736328,TULARE,VISALIA,-119.27826690673828,36.324428558349609
9275802,2021,2021-07-01,5404,2021-05-30,2054,671,20L,7,5,2,5404,0,0,0,,0,012,"RT 65","HERMOSA ST",0.00,,Y,A,-,Y,TUL,6,65,-,-,29.491,I,5,S,Y,2,0,1,2,A,-,11,21456,,N,G,B,D,A,H,-,C,A,0,Y,,,,Y,Y,N,60,1,0,0,0,1,0,0,0,0,"- ","- ",,,TULARE,LINDSAY,-119.10466003417969,36.203273773193359
9297996,2021,2021-08-11,5407,2021-06-25,1254,C57,480,5,5,5,5407,0,0,0,,0,025,"W HOUSTON AV","N WOODLAND ST",396.00,E,N,A,-,N,,,,,,,,,,Y,3,0,2,2,A,-,09,21802,A,N,C,C,A,A,H,-,A,A,0,,,,,Y,,A,07,0,1,1,0,0,0,0,0,0,"- ","- ",36.341949462890625,-119.31833648681641,TULARE,VISALIA,-119.31699371337891,36.341934204101562
9327016,2021,2021-10-08,5407,2021-08-26,2243,A186,480,4,5,5,5407,0,0,0,,0,,"W HOUSTON AV",ELM,75.00,E,N,A,-,N,,,,,,,,,,Y,3,0,1,2,A,-,01,23152,A,N,C,C,A,A,H,-,C,A,0,,,,,Y,Y,A,07,0,1,0,0,0,0,0,0,0,"- ","- ",36.341911315917969,-119.313232421875,TULARE,VISALIA,-119.31299591064453,36.341926574707031
9373768,2021,2021-12-13,5407,2021-10-23,2118,A337,480,6,5,5,5407,0,0,0,,0,O26,"E CENTER","N CHURCH",0.00,,Y,A,-,N,,,,,,,,,,Y,3,0,1,1,A,-,01,23152,B,N,E,I,A,A,H,-,C,D,0,,,,,Y,,A,01,0,1,0,0,0,0,0,0,0,"- ","- ",,,TULARE,VISALIA,-119.29116058349609,36.331073760986328
91583638,2021,2021-09-30,9480,2021-09-19,0505,018861,,7,3,9,5400,0,3,5,,2,006,"ROAD 100","OAKDALE AVENUE",1314.00,S,N,A,-,N,,,,,,,,,,Y,3,0,1,1,A,-,01,23152,A,M,E,I,A,A,H,-,D,D,0,,,,,Y,Y,A,01,0,1,0,0,0,0,0,0,0,"- ","- ",36.251049041748047,-119.3489990234375,TULARE,UNINCORPORATED,-119.34907531738281,36.251052856445312
91611064,2021,2021-10-29,9480,2021-10-17,1800,021044,,7,2,9,5400,0,1,3,,2,095,"SR-99 S/B","AVENUE 80",1584.00,S,N,A,-,Y,,,99,,,,,,S,Y,3,0,1,1,A,-,01,23152,A,N,E,I,A,A,H,-,A,D,0,,,,,Y,Y,D,22,0,1,0,0,0,0,0,0,0,"- ","- ",35.929279327392578,-119.28243255615234,TULARE,UNINCORPORATED,-119.28252410888672,35.929252624511719
91889232,2021,2022-10-13,9480,2021-12-30,0130,020890,,4,3,9,5400,0,3,5,,2,006,"AVENUE 432 (FLORAL AVENUE)","PORTER AVENUE",0.00,,Y,B,-,N,,,,,,,,,,Y,1,1,1,1,A,-,01,23152,A,N,E,I,A,B,H,-,D,A,0,,,,,Y,Y,A,01,1,0,0,0,0,0,0,0,0,"- ","- ",36.574420928955078,-119.36808776855469,TULARE,UNINCORPORATED,,
9250743,2021,2021-05-21,5405,2021-04-16,0203,266,"SEC 2",5,5,4,5405,0,0,0,,0,,"F ST","PUTNAM AV",69.00,E,N,A,-,N,,,,,,,,,,Y,3,0,1,1,A,-,01,23152,A,N,E,I,A,A,H,-,C,D,0,,,,,Y,Y,A,01,0,1,0,0,0,0,0,0,0,"- ","- ",36.069938659667969,-119.02104949951172,TULARE,PORTERVILLE,-119.02126312255859,36.069709777832031