CASE_ID,ACCIDENT_YEAR,PROC_DATE,JURIS,COLLISION_DATE,COLLISION_TIME,OFFICER_ID,REPORTING_DISTRICT,DAY_OF_WEEK,CHP_SHIFT,POPULATION,CNTY_CITY_LOC,SPECIAL_COND,BEAT_TYPE,CHP_BEAT_TYPE,CITY_DIVISION_LAPD,CHP_BEAT_CLASS,BEAT_NUMBER,PRIMARY_RD,SECONDARY_RD,DISTANCE,DIRECTION,INTERSECTION,WEATHER_1,WEATHER_2,STATE_HWY_IND,CALTRANS_COUNTY,CALTRANS_DISTRICT,STATE_ROUTE,ROUTE_SUFFIX,POSTMILE_PREFIX,POSTMILE,LOCATION_TYPE,RAMP_INTERSECTION,SIDE_OF_HWY,TOW_AWAY,COLLISION_SEVERITY,NUMBER_KILLED,NUMBER_INJURED,PARTY_COUNT,PRIMARY_COLL_FACTOR,PCF_CODE_OF_VIOL,PCF_VIOL_CATEGORY,PCF_VIOLATION,PCF_VIOL_SUBSECTION,HIT_AND_RUN,TYPE_OF_COLLISION,MVIW,PED_ACTION,ROAD_SURFACE,ROAD_COND_1,ROAD_COND_2,LIGHTING,CONTROL_DEVICE,CHP_ROAD_TYPE,PEDESTRIAN_ACCIDENT,BICYCLE_ACCIDENT,MOTORCYCLE_ACCIDENT,TRUCK_ACCIDENT,NOT_PRIVATE_PROPERTY,ALCOHOL_INVOLVED,STWD_VEHTYPE_AT_FAULT,CHP_VEHTYPE_AT_FAULT,COUNT_SEVERE_INJ,COUNT_VISIBLE_INJ,COUNT_COMPLAINT_PAIN,COUNT_PED_KILLED,COUNT_PED_INJURED,COUNT_BICYCLIST_KILLED,COUNT_BICYCLIST_INJURED,COUNT_MC_KILLED,COUNT_MC_INJURED,PRIMARY_RAMP,SECONDARY_RAMP,LATITUDE,LONGITUDE,COUNTY,CITY,POINT_X,POINT_Y
9279260,2021,2021-06-22,5405,2021-05-21,0735,274,,5,5,4,5405,0,0,0,,0,SEC1,"HENDERSON AV","PROSPECT ST",0.00,,Y,A,-,N,,,,,,,,,,Y,3,0,1,2,A,-,12,21453,A,N,A,C,A,A,H,-,A,A,0,,,,,Y,,A,01,0,1,0,0,0,0,0,0,0,"- ","- ",,,TULARE,PORTERVILLE,-119.04396820068359,36.080425262451172
9286285,2021,2021-07-13,5407,2021-06-08,1630,C51,480,2,5,5,5407,0,0,0,,0,Q34,"S MOONEY BL","W BEECH AV",10.00,S,N,A,-,Y,TUL,6,63,-,-,6.750,H,-,N,Y,4,0,1,3,A,-,03,22350,,N,C,C,A,A,H,-,A,A,0,,,,,Y,,A,01,0,0,1,0,0,0,0,0,0,"- ","- ",36.309349060058594,-119.31379699707031,TULARE,VISALIA,-119.31375122070312,36.309219360351562
9288450,2021,2021-07-07,5407,2021-05-01,1800,C57,480,6,5,5,5407,0,0,0,,0,033,"E WALNUT AV","S COURT ST",0.00,,Y,A,-,N,,,,,,,,,,N,2,0,1,2,A,-,12,21453,A,N,D,G,A,A,H,-,A,A,0,,Y,,,Y,,L,04,1,0,0,0,0,0,1,0,0,"- ","- ",36.312850952148438,-119.29200744628906,TULARE,VISALIA,-119.29201507568359,36.312858581542969
9322435,2021,2021-10-04,5407,2021-08-30,1406,M201,480,1,5,5,5407,0,0,0,,0,,"W WHITENDALE AV",CHINOWITH,0.00,,Y,A,-,N,,,,,,,,,,N,4,0,1,2,A,-,09,21801,A,N,D,C,A,A,H,-,A,A,0,,,,,Y,,A,01,0,0,1,0,0,0,0,0,0,"- ","- ",36.305530548095703,-119.3360595703125,TULARE,VISALIA,-119.33607482910156,36.305522918701172
91574376,2021,2021-09-20,9480,2021-09-10,1501,019048,,5,2,9,5400,0,3,5,,2,004,"AVENUE 328","ROAD 127",350.00,E,N,A,-,N,,,,,,,,,,Y,4,0,1,2,A,-,08,22107,,N,B,C,A,A,H,-,A,D,0,,,,,Y,,A,01,0,0,1,0,0,0,0,0,0,"- ","- ",36.385341644287109,-119.28941345214844,TULARE,UNINCORPORATED,-119.28890991210938,36.385555267333984
91578652,2021,2021-09-24,9481,2021-09-15,1855,019422,,3,2,9,5400,0,3,5,,2,050,"POPLAR AVE","PIKE ST.",590.00,E,N,A,-,N,,,,,,,,,,N,2,0,1,1,A,-,08,22107,,N,H,A,A,A,H,-,A,D,0,,,Y,,Y,,C,06,1,0,0,0,0,0,0,0,1,"- ","- ",36.051460266113281,-118.98586273193359,TULARE,UNINCORPORATED,-118.98674011230469,36.051399230957031
91627081,2021,2021-11-17,9480,2021-11-10,0805,016240,,3,1,9,5400,0,1,3,,1,020,"SR-201 (AVENUE 400)","ROAD 96",1896.00,E,N,E,-,Y,,,201,,,,,,,Y,3,0,1,2,A,-,08,22107,,N,D,C,A,B,H,-,A,D,0,,,,,Y,,D,22,0,1,0,0,0,0,0,0,0,"- ","- ",36.516471862792969,-119.35211181640625,TULARE,UNINCORPORATED,-119.35211181640625,36.516452789306641
9265001,2021,2021-06-03,5405,2021-05-10,1356,277,,1,5,4,5405,0,0,0,,0,,"OLIVE AV","2ND ST",3.00,E,N,A,-,N,,,,,,,,,,N,3,0,1,2,A,-,10,21950,A,F,G,G,A,A,H,-,A,A,0,,Y,,,Y,,A,01,0,1,0,0,0,0,1,0,0,"- ","- ",36.065158843994141,-119.0152587890625,TULARE,PORTERVILLE,-119.01524353027344,36.065128326416016
9322432,2021,2021-10-04,5407,2021-08-19,2010,12194,480,4,5,5,5407,0,0,0,,0,011,"GOSHEN AV","DEMAREE ST",280.00,E,N,A,-,N,,,,,,,,,,N,4,0,1,2,A,-,03,22350,,N,C,C,A,A,H,-,C,A,0,,,,,Y,,A,01,0,0,1,0,0,0,0,0,0,"- ","- ",,,TULARE,VISALIA,-119.33101654052734,36.338668823242188
9353911,2021,2021-11-17,5405,2021-10-31,0808,CSO26,,7,5,4,5405,0,0,0,,0,002,"MORTON AV","PLANO ST",0.00,,Y,B,-,N,,,,,,,,,,Y,3,0,2,2,A,-,12,21453,A,N,D,C,A,A,H,-,A,A,0,,,,,Y,,-,"- ",0,2,0,0,0,0,0,0,0,"- ","- ",36.073001861572266,-119.00850677490234,TULARE,PORTERVILLE,-119.00851440429688,36.072998046875
91391398,2021,2021-01-22,9481,2021-01-16,1300,016065,,6,1,9,5400,0,2,4,,1,051,"E. DATE AVENUE","S. LEGGETT STREET",673.00,E,N,A,-,N,,,,,,,,,,N,4,0,4,2,B,-,22,,,N,D,C,A,A,H,-,A,D,0,,,,,Y,,J,48,0,0,4,0,0,0,0,0,0,"- ","- ",36.05841064453125,-118.99762725830078,TULARE,UNINCORPORATED,-118.997314453125,36.058456420898438
91503207,2021,2021-06-22,9480,2021-06-14,1859,021249,,1,2,9,5400,0,1,3,,2,093,"SR-99 S/B","AVENUE 184",10085.00,S,N,A,-,Y,,,99,,,,,,S,Y,4,0,4,3,A,-,03,22350,,N,C,C,A,A,H,-,A,D,0,,,,,Y,,A,01,0,0,4,0,0,0,0,0,0,"- ","- ",36.095958709716797,-119.32198333740234,TULARE,UNINCORPORATED,-119.32244873046875,36.095920562744141
91523532,2021,2022-03-14,9480,2021-05-09,0131,021249,,7,3,9,5400,0,1,3,,2,095,"STATE ROUTE 99 NORTHBOUND","AVENUE 24",1320.00,N,N,A,-,Y,,,99,,,,,,N,Y,1,1,0,2,A,-,08,22107,,N,C,C,A,A,H,-,D,D,0,,,,Y,Y,Y,A,01,0,0,0,0,0,0,0,0,0,"- ","- ",35.837440490722656,-119.26119995117188,TULARE,UNINCORPORATED,-119.26126098632812,35.837413787841797
91593936,2021,2021-10-12,9481,2021-10-08,1258,016776,,5,1,9,5400,0,3,5,,2,050,"TEAPOT DOME AVENUE","MAIN STREET",0.00,,Y,B,-,N,,,,,,,,,,Y,3,0,2,3,A,-,12,22450,A,N,D,C,A,A,H,-,A,A,0,,,,,Y,,A,01,0,2,0,0,0,0,0,0,0,"- ","- ",36.022220611572266,-119.02600860595703,TULARE,UNINCORPORATED,-119.0260009765625,36.022220611572266
91627150,2021,2021-11-17,9481,2021-11-06,0829,018595,,6,1,9,5400,0,2,4,,1,051,"ROAD 236","AVENUE 112",118.00,N,N,B,-,N,,,,,,,,,,Y,3,0,1,1,A,-,08,22107,,N,F,A,A,A,H,-,A,D,0,,,Y,,Y,,C,02,0,1,0,0,0,0,0,0,1,"- ","- ",35.993400573730469,-119.043212890625,TULARE,UNINCORPORATED,-119.04324340820312,35.993240356445312
91634474,2021,2021-11-24,9481,2021-11-22,0630,015290,,1,1,9,5400,0,1,3,,1,037,"STATE ROUTE 65","AVENUE 56",900.00,N,N,E,-,Y,,,65,,,,,,,Y,4,0,2,3,A,-,03,22350,,N,C,C,A,B,H,-,A,D,0,,,,,Y,,A,01,0,0,2,0,0,0,0,0,0,"- ","- ",35.894088745117188,-119.05359649658203,TULARE,UNINCORPORATED,-119.05350494384766,35.894088745117188
9252540,2021,2021-04-21,5407,2021-02-16,1405,M302,480,2,5,5,5407,0,0,0,,0,012,"S AKERS ST","W VISALIA PKWY",0.00,,Y,A,-,N,,,,,,,,,,Y,3,0,2,2,A,-,08,22107,,N,D,C,A,A,H,-,A,D,0,,,,,Y,,A,01,0,2,0,0,0,0,0,0,0,"- ","- ",,,TULARE,VISALIA,-119.34931945800781,36.291141510009766
9266656,2021,2021-06-15,5405,2021-05-21,0035,279,SEC4,5,5,4,5405,0,0,0,,0,,"TOMAH AV","MASTON ST",39.00,W,N,A,-,N,,,,,,,,,,Y,4,0,1,2,A,-,03,22350,,N,C,E,A,A,H,-,C,D,0,,,,,Y,,A,01,0,0,1,0,0,0,0,0,0,"- ","- ",36.067539215087891,-119.04248809814453,TULARE,PORTERVILLE,-119.04254913330078,36.067741394042969
9378502,2021,2021-12-14,5407,2021-10-17,2103,A353,480,7,5,5,5407,0,0,0,,0,012,"MOONEY BL","MID VALLEY AV",60.00,N,N,A,-,Y,TUL,6,63,-,-,5.270,H,-,S,Y,2,0,2,2,A,-,03,22350,,N,C,C,A,A,H,-,C,A,0,,,Y,,Y,,C,02,2,0,0,0,0,0,0,0,2,"- ","- ",,,TULARE,VISALIA,-119.31365966796875,36.287738800048828
91407915,2021,2021-02-12,9480,2021-02-04,1550,016995,,4,2,9,5400,0,1,3,,2,095,"STATE ROUTE 99 (SB)","COUNTY LINE RD",1584.00,N,N,A,-,Y,,,99,,,,,,,Y,3,0,1,2,A,-,07,21658,A,N,B,C,A,A,H,-,A,D,0,,,,,Y,,A,01,0,1,0,0,0,0,0,0,0,"- ","- ",35.794090270996094,-119.25343322753906,TULARE,UNINCORPORATED,-119.25341796875,35.794094085693359
91547770,2021,2021-08-18,9481,2021-08-11,2055,018113,,3,2,9,5400,0,2,4,,1,021,"AVENUE 196","ORANGE BELT DRIVE",230.00,E,N,A,-,N,,,,,,,,,,N,2,0,1,2,A,-,11,21955,,N,G,B,D,A,H,-,C,D,0,Y,,,,Y,,N,60,1,0,0,0,1,0,0,0,0,"- ","- ",36.1456298828125,-119.06011199951172,TULARE,UNINCORPORATED,-119.06018829345703,36.145549774169922
91596676,2021,2021-10-14,9481,2021-10-13,1550,018113,,3,2,9,5400,0,2,4,,1,021,"AVENUE 208","ORANGE BELT DRIVE",0.00,,Y,A,-,N,,,,,,,,,,Y,4,0,2,2,A,-,09,21802,A,N,D,C,A,A,H,-,A,A,0,,,,,Y,,A,01,0,0,2,0,0,0,0,0,0,"- ","- ",36.167289733886719,-119.07283020019531,TULARE,UNINCORPORATED,-119.07283020019531,36.167301177978516
9235538,2021,2021-04-26,5406,2021-02-10,1850,77,5406,3,5,4,5406,0,0,0,,0,0AO,"BLACKSTONE ST",LYNDALE,0.00,,Y,A,-,N,,,,,,,,,,Y,3,0,4,3,A,-,03,22350,,N,D,C,A,A,H,-,C,A,0,,,,,Y,,D,22,0,2,2,0,0,0,0,0,0,"- ","- ",,,TULARE,TULARE,-119.33096313476562,36.218032836914062
9349371,2021,2021-11-02,5405,2021-09-30,1442,169,,4,5,4,5405,0,0,0,,0,,"MORTON AV","2ND ST",0.00,,Y,A,-,N,,,,,,,,,,Y,4,0,1,2,A,-,12,21453,A,N,D,C,A,A,H,-,A,A,0,,,,,Y,,A,07,0,0,1,0,0,0,0,0,0,"- ","- ",36.073040008544922,-119.01509857177734,TULARE,PORTERVILLE,-119.01515197753906,36.073078155517578
91482731,2021,2021-05-27,9481,2021-05-15,0500,021234,,6,3,9,5400,0,1,3,,1,037,"STATE ROUTE 65","AVENUE 32",25.00,S,N,A,-,Y,,,65,,,,,,,Y,3,0,2,3,A,-,03,22350,,N,C,C,A,A,H,-,B,D,0,,,,Y,Y,,A,07,0,1,1,0,0,0,0,0,0,"- ","- ",35.848579406738281,-119.0537109375,TULARE,UNINCORPORATED,-119.05372619628906,35.848579406738281
91554312,2021,2021-08-25,9480,2021-08-23,2117,019543,,1,2,9,5400,0,3,5,,2,002,"ROAD 120","AVE 416",18.00,N,N,A,-,N,,,,,,,,,,N,4,0,2,2,A,-,03,22350,,N,C,C,A,A,H,-,C,A,0,,,,,Y,,A,07,0,0,2,0,0,0,0,0,0,"- ","- ",36.545318603515625,-119.30452728271484,TULARE,UNINCORPORATED,,
9272429,2021,2021-06-09,5407,2021-04-25,0038,A339,480,7,5,5,5407,0,0,0,,0,033,"S SANTE FE ST","E PARADISE AV",0.00,,Y,A,-,N,,,,,,,,,,Y,2,0,3,2,A,-,09,21802,A,N,D,C,A,A,H,-,C,D,0,,,,,Y,,A,01,1,2,0,0,0,0,0,0,0,"- ","- ",,,TULARE,VISALIA,-119.28749084472656,36.316493988037109
9272432,2021,2021-06-09,5407,2021-04-29,1607,A350,480,4,5,5,5407,0,0,0,,0,026,"E MAIN ST","BRADLEY ST",180.00,W,N,A,-,N,,,,,,,,,,Y,4,0,2,2,A,-,09,21801,A,N,A,C,A,A,H,-,A,D,0,,,,,Y,,A,01,0,0,2,0,0,0,0,0,0,"- ","- ",36.330120086669922,-119.2818603515625,TULARE,VISALIA,-119.28265380859375,36.330192565917969
9366537,2021,2021-11-30,5405,2021-10-17,2156,281,,7,5,4,5405,0,0,0,,0,002,"MAIN ST","HENDERSON AV",1270.00,N,N,A,-,N,,,,,,,,,,Y,4,0,1,2,A,-,03,22350,,N,C,C,A,A,H,-,A,D,0,,,,,Y,,A,01,0,0,1,0,0,0,0,0,0,"- ","- ",,,TULARE,PORTERVILLE,-119.02220153808594,36.082973480224609
91502483,2021,2021-06-22,9481,2021-06-13,0310,019578,,7,3,4,5405,0,1,3,,1,037,"STATE ROUTE 65","STATE ROUTE 190",447.00,N,N,A,-,Y,,,65,,,,,,,Y,3,0,1,2,A,-,05,21651,B,M,A,C,A,A,H,-,D,D,0,,,,Y,Y,Y,A,01,0,1,0,0,0,0,0,0,0,"- ","- ",36.053050994873047,-119.03916168212891,TULARE,PORTERVILLE,-119.03914642333984,36.053050994873047
91512859,2021,2021-07-05,9481,2021-06-26,0800,016147,,6,1,9,5400,0,1,3,,1,012,"STATE ROUTE 65","AVENUE 208",0.00,,Y,A,-,Y,,,65,,,,,,,Y,2,0,2,2,A,-,09,21802,A,N,D,C,A,A,H,-,A,A,0,,,,,Y,,A,01,2,0,0,0,0,0,0,0,0,"- ","- ",36.167278289794922,-119.08294677734375,TULARE,UNINCORPORATED,-119.08296966552734,36.167270660400391
91514376,2021,2021-07-07,9480,2021-06-22,0915,016240,,2,1,9,5400,0,3,5,,2,001,"AVENUE 424","ROAD 68",950.00,W,N,A,-,N,,,,,,,,,,Y,3,0,4,2,A,-,08,22107,,N,E,I,A,A,E,-,A,D,0,,,,,Y,,D,22,0,3,1,0,0,0,0,0,0,"- ","- ",36.560710906982422,-119.42591094970703,TULARE,UNINCORPORATED,-119.42551422119141,36.5606689453125
91537651,2021,2021-08-05,9481,2021-07-27,1746,018113,,2,2,9,5400,0,3,5,,2,050,"E DATE AVENUE","LEGGETT STREET",280.00,E,N,A,-,N,,,,,,,,,,N,4,0,1,3,A,-,03,22350,,N,C,C,A,A,H,-,A,D,0,,,,,Y,,A,01,0,0,1,0,0,0,0,0,0,"- ","- ",36.058448791503906,-118.99835205078125,TULARE,UNINCORPORATED,-118.99864196777344,36.058452606201172
91601711,2021,2021-10-20,9480,2021-10-17,1405,016995,,7,2,9,5400,0,3,5,,2,006,"AVENUE 256","ROAD 156",50.00,W,N,A,-,N,,,,,,,,,,Y,4,0,2,2,A,-,03,22350,,N,C,C,A,A,H,-,A,D,0,,,,,Y,,A,01,0,0,2,0,0,0,0,0,0,"- ","- ",36.254379272460938,-119.25501251220703,TULARE,UNINCORPORATED,-119.22492218017578,36.254383087158203
9238504,2021,2021-04-02,5404,2021-02-15,1228,686,3,1,5,2,5404,0,0,0,,0,20L,HICKORY,PARKSIDE,16.00,W,N,A,-,N,,,,,,,,,,N,4,0,1,2,A,-,03,22350,,N,C,C,A,A,H,-,A,D,0,,,,,Y,,-,,0,0,1,0,0,0,0,0,0,"- ","- ",,,TULARE,LINDSAY,-119.09171295166016,36.217857360839844
9242556,2021,2021-04-12,5405,2021-03-16,1435,229,,2,5,4,5405,0,0,0,,0,"SEC 3","RT 190","PLANO ST",0.00,,Y,A,-,Y,TUL,6,190,-,-,16.967,I,5,W,N,4,0,1,2,A,-,12,21453,A,N,D,C,A,A,D,-,A,A,0,,,,,Y,,A,01,0,0,1,0,0,0,0,0,0,"- ","- ",36.051109313964844,-119.00821685791016,TULARE,PORTERVILLE,-119.00818634033203,36.051158905029297
9256153,2021,2023-06-17,5406,2021-04-04,1715,53,5406,7,5,4,5406,0,0,0,,0,0SE,MORRISON,"ALPINE ST",310.00,S,N,A,-,N,,,,,,,,,,Y,1,1,0,1,A,-,03,22350,,N,B,I,A,A,H,-,A,D,0,,,Y,,Y,Y,C,02,0,0,0,0,0,0,0,1,0,"- ","- ",,,TULARE,TULARE,-119.30350494384766,36.201202392578125
9256289,2021,2021-06-29,5406,2021-05-23,1857,39,5406,7,5,4,5406,0,0,0,,0,0AO,BLACKSTONE,"EDISON POLE #4110057E",21.00,N,N,A,-,N,,,,,,,,,,Y,1,1,0,2,A,-,09,21804,A,N,D,C,A,A,H,-,A,D,0,,,,,Y,,A,01,0,0,0,0,0,0,0,0,0,"- ","- ",,,TULARE,TULARE,,
9288553,2021,2021-09-07,5407,2021-06-10,0824,A302,480,4,5,5,5407,0,0,0,,0,033,"E TULARE AV","COURT ST",0.00,,Y,A,-,N,,,,,,,,,,Y,3,0,2,2,A,-,12,21453,A,N,D,C,A,A,H,-,A,A,0,,,,,Y,,-,,0,1,1,0,0,0,0,0,0,"- ","- ",,,TULARE,VISALIA,-119.29216003417969,36.320095062255859
9350929,2021,2021-11-10,5407,2021-09-26,1114,C57,480,7,5,5,5407,0,0,0,,0,033,"S SANTA FE ST","E CYPRESS AV",0.00,,Y,A,-,N,,,,,,,,,,Y,2,0,2,2,A,-,12,22450,,N,D,C,A,A,H,-,A,A,0,,,,,Y,,A,07,1,0,1,0,0,0,0,0,0,"- ","- ",36.323738098144531,-119.28775024414062,TULARE,VISALIA,-119.28775024414062,36.323757171630859
91492334,2021,2021-06-08,9480,2021-05-26,1630,019048,,3,2,9,5400,0,3,5,,2,004,"BEECHWOOD AVE","ROAD 158",235.00,E,N,A,-,N,,,,,,,,,,N,4,0,1,2,A,-,05,21650,,N,A,G,A,A,H,-,A,D,0,,Y,,,Y,,L,04,0,0,1,0,0,0,1,0,0,"- ","- ",36.378719329833984,-119.21962738037109,TULARE,UNINCORPORATED,-119.21957397460938,36.378749847412109
91559926,2021,2021-08-31,9480,2021-08-24,1030,018202,,2,1,9,5400,0,1,3,,1,021,"SR-63 (ROAD 128)","AVE 284",0.00,,Y,A,-,Y,,,63,,,,,,,Y,4,0,3,3,A,-,12,21453,A,N,D,C,A,A,H,-,A,A,0,,,,,Y,,A,01,0,0,3,0,0,0,0,0,0,"- ","- ",36.486721038818359,-119.28723907470703,TULARE,UNINCORPORATED,-119.28720092773438,36.486709594726562
91597465,2021,2021-10-15,9480,2021-10-09,0925,017108,,6,1,9,5400,0,3,5,,2,006,"S. CORNUCOPIA ROAD","AVENUE 276 (W. FIREBAUGH AVE)",0.00,,Y,A,-,N,,,,,,,,,,Y,3,0,3,2,A,-,09,21802,A,N,D,C,A,A,H,-,A,A,0,,,,Y,Y,,F,26,0,2,1,0,0,0,0,0,0,"- ","- ",36.290218353271484,-119.16754150390625,TULARE,UNINCORPORATED,-119.16752624511719,36.290195465087891
91630613,2021,2021-11-19,9481,2021-11-14,0415,021234,,7,3,9,5400,0,2,4,,1,031,"ROAD 238","TEAPOT DOME AVENUE",632.00,S,N,E,-,N,,,,,,,,,,Y,2,0,1,1,A,-,01,23152,A,N,E,I,A,A,H,-,D,D,0,,,,,Y,Y,A,01,1,0,0,0,0,0,0,0,0,"- ","- ",36.020698547363281,-119.02709197998047,TULARE,UNINCORPORATED,-119.02703094482422,36.020702362060547
91669754,2021,2022-01-04,9480,2021-12-23,0640,016615,,4,1,9,5400,0,3,5,,2,003,"AVENUE 144","ROAD 96",0.00,,Y,B,C,N,,,,,,,,,,Y,2,0,1,2,A,-,11,21956,A,N,G,B,E,B,H,-,D,D,0,Y,,,,Y,,N,60,1,0,0,0,1,0,0,0,0,"- ","- ",36.051181793212891,-119.35762786865234,TULARE,UNINCORPORATED,-119.35764312744141,36.051181793212891
9216563,2021,2021-03-17,5405,2021-01-07,1057,229,,4,5,4,5405,0,0,0,,0,,"MAIN ST","NORTH GRAND AV",25.00,N,N,A,-,N,,,,,,,,,,N,3,0,1,2,A,-,03,22350,,N,C,C,A,A,H,-,A,A,0,,,,,Y,,A,01,0,1,0,0,0,0,0,0,0,"- ","- ",36.098220825195312,-119.03514862060547,TULARE,PORTERVILLE,-119.03520965576172,36.098281860351562
9252301,2021,2021-04-15,5407,2021-01-21,1232,M282,480,4,5,5,5407,0,0,0,,0,034,"E CALDWELL AVE","S PINKHAM ST",0.00,,Y,A,-,N,,,,,,,,,,N,4,0,1,2,A,-,04,21703,,N,C,C,A,A,H,-,A,A,0,,,,,Y,,A,01,0,0,1,0,0,0,0,0,0,"- ","- ",36.29827880859375,-119.26976776123047,TULARE,VISALIA,-119.26985168457031,36.29827880859375
9292653,2021,2021-07-28,5402,2021-04-19,1547,812,,1,5,2,5402,0,0,0,,0,12E,"NORTH B ST","PEACH DR",0.00,,Y,A,-,N,,,,,,,,,,Y,2,0,1,2,A,-,08,22107,,N,B,C,A,A,H,-,A,D,0,,,,,Y,,-,,1,0,0,0,0,0,0,0,0,"- ","- ",,,TULARE,EXETER,-119.13880157470703,36.301139831542969
9301256,2021,2021-08-17,5407,2021-07-08,1036,M203,480,4,5,5,5407,0,0,0,,0,,"RT 63","AV 268",0.00,,Y,A,-,Y,TUL,6,63,-,-,4.510,I,5,S,Y,3,0,1,2,A,-,12,21453,A,N,D,C,A,A,H,-,A,A,0,,,,,Y,,A,01,0,1,0,0,0,0,0,0,0,"- ","- ",36.276760101318359,-119.31336212158203,TULARE,VISALIA,-119.31346130371094,36.276775360107422
9320107,2021,2021-12-07,5401,2021-05-14,2155,2119,5401,5,5,3,5401,0,0,0,,0,00A,"MILLARD WY","HAYES AV",0.00,,Y,A,-,N,,,,,,,,,,N,1,1,0,1,A,-,03,22350,,N,E,I,A,A,H,-,C,A,0,,,Y,,Y,,C,02,0,0,0,0,0,0,0,1,0,"- ","- ",,,TULARE,DINUBA,-119.38207244873047,36.548198699951172
9258658,2021,2021-05-03,5407,2021-04-10,2333,A336,480,6,5,5,5407,0,0,0,,0,N-25,"W MINERAL KING AV","S DEMAREE ST",0.00,,Y,A,-,N,,,,,,,,,,Y,3,0,1,2,A,-,12,21453,A,N,D,C,A,A,H,-,C,A,0,,,,,Y,,A,07,0,1,0,0,0,0,0,0,0,"- ","- ",36.327598571777344,-119.33174896240234,TULARE,VISALIA,-119.33177185058594,36.327610015869141
9263372,2021,2021-06-02,5405,2021-04-09,2023,244,,5,5,4,5405,0,0,0,,0,,"NEWCOMB ST","LINDA VISTA AV",0.00,,Y,A,-,N,,,,,,,,,,Y,3,0,1,2,A,-,12,22450,A,N,D,C,A,A,H,-,C,D,0,,,,,Y,,A,01,0,1,0,0,0,0,0,0,0,"- ","- ",36.070911407470703,-119.01641845703125,TULARE,PORTERVILLE,-119.05365753173828,36.105587005615234
9353225,2021,2021-11-10,5405,2021-10-24,1641,CS026,,7,5,4,5405,0,0,0,,0,,"RT 190","JAYE ST",2400.00,W,N,B,-,Y,TUL,6,190,-,R,15.480,H,-,W,Y,3,0,1,1,A,-,03,22350,,N,F,I,A,A,H,-,A,D,0,,,,Y,Y,,F,26,0,1,0,0,0,0,0,0,0,"- ","- ",36.051628112792969,-119.03901672363281,TULARE,PORTERVILLE,-119.03461456298828,36.051651000976562
9370881,2021,2022-01-10,5405,2021-12-17,0057,257,SEC1,5,5,4,5405,0,0,0,,0,001,"SANDRA LN","INDIANA ST",390.00,E,N,A,-,N,,,,,,,,,,N,3,0,1,1,A,-,08,22107,,N,E,I,A,A,H,-,C,D,0,,,,,Y,,-,,0,1,0,0,0,0,0,0,0,"- ","- ",,,TULARE,PORTERVILLE,-119.03379821777344,36.084800720214844
9377891,2021,2022-01-13,5407,2021-12-20,1621,A346,480,1,5,5,5407,0,0,0,,0,034,"COURT ST","WALNUT AV",365.00,S,N,B,-,N,,,,,,,,,,N,4,0,1,2,A,-,04,21703,,N,C,C,A,A,H,-,A,A,0,,,,,Y,,A,01,0,0,1,0,0,0,0,0,0,"- ","- ",,,TULARE,VISALIA,-119.29197692871094,36.311859130859375
9377971,2021,2022-01-14,5407,2021-12-06,1059,M333,480,1,5,5,5407,0,0,0,,0,R12,"S DEMAREE ST","W WHITENDALE AV",0.00,,Y,B,-,N,,,,,,,,,,Y,4,0,1,2,A,-,12,21453,A,N,D,C,A,B,H,-,A,A,0,,,,,Y,,A,01,0,0,1,0,0,0,0,0,0,"- ","- ",,,TULARE,VISALIA,-119.33158111572266,36.3055419921875
91666734,2021,2021-12-30,9480,2021-12-18,1648,021044,,6,2,9,5400,0,3,5,,2,005,"EAST TERRA BELLA AVENUE","SOUTH ELM STREET",0.00,,Y,A,-,N,,,,,,,,,,N,4,0,2,2,A,-,09,21802,A,N,D,C,A,A,H,-,C,A,0,,,,,Y,,A,01,0,0,2,0,0,0,0,0,0,"- ","- ",35.964248657226562,-119.28607940673828,TULARE,UNINCORPORATED,-119.28620147705078,35.964332580566406
9240461,2021,2021-04-27,5407,2021-02-13,1203,C55,480,6,5,5,5407,0,0,0,,0,R12,"RT 63",A268,68.00,S,N,A,-,Y,TUL,6,63,-,-,4.500,H,-,N,N,3,0,1,2,A,-,03,22350,,N,C,C,A,A,H,-,A,A,0,,,,,Y,,D,22,0,1,0,0,0,0,0,0,0,"- ","- ",36.276760101318359,-119.31336212158203,TULARE,VISALIA,-119.31330871582031,36.276630401611328
9268167,2021,2021-05-26,5407,2021-05-03,1731,A306,480,1,5,5,5407,0,0,0,,0,033,"W NOBLE AV","LOCUST ST",0.00,,Y,A,-,N,,,,,,,,,,Y,4,0,2,2,A,-,12,22450,A,N,D,C,A,A,H,-,A,A,0,,,,,Y,,A,01,0,0,2,0,0,0,0,0,0,"- ","- ",36.326431274414062,-119.29338073730469,TULARE,VISALIA,-119.29341888427734,36.326419830322266
9297991,2021,2021-08-11,5407,2021-06-28,1631,A349,480,1,5,5,5407,0,0,0,,0,P33,"SOUTH PINKHAM ST","EAST VASSAR AV",155.00,N,N,A,B,N,,,,,,,,,,Y,3,0,1,2,A,-,05,21650,,N,A,E,A,A,H,-,A,D,0,,,,,Y,,A,01,0,1,0,0,0,0,0,0,0,"- ","- ",36.314418792724609,-119.26956176757812,TULARE,VISALIA,-119.26953887939453,36.313785552978516