CASE_ID,ACCIDENT_YEAR,PROC_DATE,JURIS,COLLISION_DATE,COLLISION_TIME,OFFICER_ID,REPORTING_DISTRICT,DAY_OF_WEEK,CHP_SHIFT,POPULATION,CNTY_CITY_LOC,SPECIAL_COND,BEAT_TYPE,CHP_BEAT_TYPE,CITY_DIVISION_LAPD,CHP_BEAT_CLASS,BEAT_NUMBER,PRIMARY_RD,SECONDARY_RD,DISTANCE,DIRECTION,INTERSECTION,WEATHER_1,WEATHER_2,STATE_HWY_IND,CALTRANS_COUNTY,CALTRANS_DISTRICT,STATE_ROUTE,ROUTE_SUFFIX,POSTMILE_PREFIX,POSTMILE,LOCATION_TYPE,RAMP_INTERSECTION,SIDE_OF_HWY,TOW_AWAY,COLLISION_SEVERITY,NUMBER_KILLED,NUMBER_INJURED,PARTY_COUNT,PRIMARY_COLL_FACTOR,PCF_CODE_OF_VIOL,PCF_VIOL_CATEGORY,PCF_VIOLATION,PCF_VIOL_SUBSECTION,HIT_AND_RUN,TYPE_OF_COLLISION,MVIW,PED_ACTION,ROAD_SURFACE,ROAD_COND_1,ROAD_COND_2,LIGHTING,CONTROL_DEVICE,CHP_ROAD_TYPE,PEDESTRIAN_ACCIDENT,BICYCLE_ACCIDENT,MOTORCYCLE_ACCIDENT,TRUCK_ACCIDENT,NOT_PRIVATE_PROPERTY,ALCOHOL_INVOLVED,STWD_VEHTYPE_AT_FAULT,CHP_VEHTYPE_AT_FAULT,COUNT_SEVERE_INJ,COUNT_VISIBLE_INJ,COUNT_COMPLAINT_PAIN,COUNT_PED_KILLED,COUNT_PED_INJURED,COUNT_BICYCLIST_KILLED,COUNT_BICYCLIST_INJURED,COUNT_MC_KILLED,COUNT_MC_INJURED,PRIMARY_RAMP,SECONDARY_RAMP,LATITUDE,LONGITUDE,COUNTY,CITY,POINT_X,POINT_Y
9320295,2021,2022-01-20,5406,2021-12-04,1112,63,5406,6,5,4,5406,0,0,0,,0,0AO,"RT 137",CHERRY,0.00,,Y,A,-,Y,TUL,6,137,-,-,16.116,I,5,W,Y,1,1,1,2,A,-,03,22350,,N,D,C,A,A,H,-,A,A,0,,,,,Y,,A,01,1,0,0,0,0,0,0,0,0,"- ","- ",,,TULARE,TULARE,-119.33731079101562,36.209392547607422
9320560,2021,2022-03-24,5407,2021-08-12,0225,M203,480,4,5,5,5407,0,0,0,,0,,"W NOBLE AV",MARTIN,0.00,,N,A,-,N,,,,,,,,,,N,1,1,0,2,A,-,11,21956,,F,G,B,E,A,H,-,D,A,0,Y,,,,Y,,N,60,0,0,0,1,0,0,0,0,0,"- ","- ",36.326499938964844,-119.30792999267578,TULARE,VISALIA,-119.30670166015625,36.326519012451172
9384349,2021,2022-01-11,5404,2021-12-15,0800,673,20L,3,5,2,5404,0,0,0,,0,004,"HONOLULU ST",LEARNING,84.00,W,N,B,-,N,,,,,,,,,,Y,4,0,1,3,A,-,08,22103,,N,D,C,A,A,H,-,A,D,0,,,,,Y,,A,01,0,0,1,0,0,0,0,0,0,"- ","- ",,,TULARE,LINDSAY,-119.08607482910156,36.203536987304688
91459507,2021,2021-04-27,9480,2021-04-23,2500,020890,,5,4,9,5400,0,1,3,,1,064,"STATE ROUTE 198 (WESTBOUND)","PLAZA DR",380.00,E,N,A,-,Y,,,,,,,,,,Y,3,0,1,1,A,-,08,22107,,N,F,A,A,A,H,-,D,D,0,,,,,Y,,A,01,0,1,0,0,0,0,0,0,0,"- ","- ",36.327579498291016,-119.38961791992188,TULARE,UNINCORPORATED,-119.38992309570312,36.327381134033203
91589170,2021,2021-10-06,9480,2021-09-25,2225,020612,,6,3,9,5400,0,3,5,,2,006,"ROAD 156","AVENUE 288",2500.00,S,N,A,-,N,,,,,,,,,,Y,4,0,1,2,A,-,03,22350,,N,C,C,A,A,H,-,D,D,0,,,,,Y,,A,01,0,0,1,0,0,0,0,0,0,"- ","- ",36.305530548095703,-119.22474670410156,TULARE,UNINCORPORATED,-119.22480010986328,36.305591583251953
9224101,2021,2021-03-26,5407,2021-02-01,2247,A331,480,1,5,5,5407,0,0,0,,0,R12,"W CALDWELL AV","S DEMAREE ST",0.00,,Y,A,-,N,,,,,,,,,,Y,2,0,1,3,A,-,01,23152,B,N,D,D,A,A,H,-,C,A,0,,,,,Y,Y,A,01,1,0,0,0,0,0,0,0,0,"- ","- ",36.298370361328125,-119.33148956298828,TULARE,VISALIA,-119.33146667480469,36.298385620117188
9252337,2021,2021-04-19,5407,2021-02-26,1628,C56,480,5,5,5,5407,0,0,0,,0,Q34,"E CALDWELL AV","S BEN MADDOX WY",335.00,W,N,A,-,N,,,,,,,,,,Y,4,0,1,4,A,-,03,22350,,N,C,C,A,A,H,-,A,A,0,,,,,Y,,A,01,0,0,1,0,0,0,0,0,0,"- ","- ",,,TULARE,VISALIA,-119.27968597412109,36.298152923583984
9357218,2021,2021-12-14,5405,2021-10-27,1550,273,,3,5,4,5405,0,0,0,,0,004,"COTTAGE ST","PUTNAM AV",0.00,,Y,A,-,N,,,,,,,,,,Y,4,0,1,2,A,-,12,22450,A,N,D,C,A,A,H,-,A,A,0,,,,,Y,,A,01,0,0,1,0,0,0,0,0,0,"- ","- ",36.069599151611328,-119.03289031982422,TULARE,PORTERVILLE,-119.03292846679688,36.069595336914062
91427242,2021,2021-03-15,9480,2021-03-04,1255,016723,,4,1,9,5400,0,1,3,,2,091,"STATE ROUTE 99 (SOUTHBOUND)","STATE ROUTE 198 (WESTBOUND)",1325.00,N,N,A,-,Y,,,99,,,,,,,Y,3,0,1,2,A,-,17,23114,A,N,E,J,A,A,H,-,A,D,0,,,,,Y,,K,45,0,1,0,0,0,0,0,0,0,"- ","- ",36.333549499511719,-119.4132080078125,TULARE,UNINCORPORATED,-119.41321563720703,36.333541870117188
91542285,2021,2021-08-11,9480,2021-08-01,0125,020612,,7,3,5,5407,0,1,3,,1,064,"STATE ROUTE 198 EASTBOUND","STATE ROUTE 63 (MOONEY BLVD)",600.00,W,N,A,-,Y,,,198,,,,,,E,Y,3,0,1,1,A,-,01,23152,A,N,E,I,A,A,H,-,D,D,0,,,,,Y,Y,A,01,0,1,0,0,0,0,0,0,0,"- ","- ",36.326938629150391,-119.31626892089844,TULARE,VISALIA,-119.31625366210938,36.327095031738281
91573156,2021,2021-09-17,9480,2021-04-26,0750,019186,,1,1,9,5400,0,1,3,,1,051,"STATE ROUTE 43 (CENTRAL VALLEY HIGHWAY)","AVENUE 108",3802.00,S,N,A,-,Y,,,43,,,,,,,Y,1,1,1,3,A,-,08,22107,,N,B,C,A,A,H,-,A,D,0,,,,Y,Y,,A,01,1,0,0,0,0,0,0,0,0,"- ","- ",35.975730895996094,-119.46690368652344,TULARE,UNINCORPORATED,-119.46689605712891,35.975730895996094
91617111,2021,2021-11-05,9480,2021-10-30,0257,021175,,6,3,9,5400,0,3,5,,2,005,"ROAD 112","AVENUE 176",3168.00,S,N,A,-,N,,,,,,,,,,Y,3,0,1,2,A,-,01,23152,A,N,A,C,A,A,H,-,D,D,0,,,,Y,Y,Y,A,01,0,1,0,0,0,0,0,0,0,"- ","- ",36.094108581542969,-119.32170104980469,TULARE,UNINCORPORATED,-119.32191467285156,36.100555419921875
91632974,2021,2021-11-23,9481,2021-11-16,1810,021183,,2,2,9,5400,0,3,5,,2,030,"ROAD 192","COUNTY LINE ROAD",0.00,,Y,A,-,N,,,,,,,,,,Y,3,0,1,2,A,-,08,22107,,N,A,C,A,A,H,-,D,A,0,,,,,Y,,A,07,0,1,0,0,0,0,0,0,0,"- ","- ",35.790748596191406,-119.14315795898438,TULARE,UNINCORPORATED,,
91659195,2021,2021-12-22,9480,2021-12-14,1540,017291,,2,2,9,5400,0,3,5,,2,001,"AVENUE 384","ROAD 48",22.00,E,N,B,-,N,,,,,,,,,,N,4,0,1,1,A,-,08,22107,,N,E,I,A,B,H,-,A,A,0,,,,,Y,,A,07,0,0,1,0,0,0,0,0,0,"- ","- ",36.488479614257812,-119.46684265136719,TULARE,UNINCORPORATED,-119.46692657470703,36.488559722900391
9252332,2021,2021-04-19,5407,2021-02-03,2228,A300,480,3,5,5,5407,0,0,0,,0,,ATKINS,BURKE,75.00,E,N,A,-,N,,,,,,,,,,Y,4,0,1,2,A,-,07,21658,A,N,F,E,A,A,H,-,D,D,0,,,,,Y,Y,A,01,0,0,1,0,0,0,0,0,0,"- ","- ",36.34423828125,-119.28218841552734,TULARE,VISALIA,-119.28294372558594,36.344169616699219
9257623,2021,2021-05-05,5407,2021-04-06,1559,M226,480,2,5,5,5407,0,0,0,,0,025,"W GOSHEN AV","N MOONEY BL",0.00,,Y,A,-,N,,,,,,,,,,Y,3,0,1,2,A,-,12,21453,A,N,D,C,A,A,H,-,A,A,0,,,,,Y,,D,22,0,1,0,0,0,0,0,0,0,"- ","- ",36.335708618164062,-119.314208984375,TULARE,VISALIA,-119.31417083740234,36.335708618164062
9367673,2021,2021-12-17,5405,2021-11-16,1550,259,"SEC 3",2,5,4,5405,0,0,0,,0,,"PLANO ST","VANDALIA AV",0.00,,Y,A,-,N,,,,,,,,,,Y,3,0,5,3,A,-,09,21802,A,N,A,C,A,A,H,-,A,A,0,,,,,Y,,A,01,0,2,3,0,0,0,0,0,0,"- ","- ",36.053371429443359,-119.00814056396484,TULARE,PORTERVILLE,-119.00817108154297,36.052650451660156
9385788,2021,2022-01-14,5406,2021-11-23,1325,27,,2,5,4,5406,0,0,0,,0,0DT,K,OWENS,61.00,N,N,A,-,N,,,,,,,,,,N,2,0,1,2,A,-,11,21954,A,N,G,B,D,A,H,-,A,D,0,Y,,,,Y,,N,60,1,0,0,0,1,0,0,0,0,"- ","- ",,,TULARE,TULARE,-119.34532165527344,36.204334259033203
91432089,2021,2021-03-22,9481,2021-03-15,0451,020917,,1,3,9,5400,0,3,5,,2,010,"ROAD 152","AVENUE 168",2130.00,S,N,B,C,N,,,,,,,,,,Y,4,0,1,1,C,-,18,,,N,H,H,A,B,H,-,D,D,0,,,,,Y,,-,"- ",0,0,1,0,0,0,0,0,0,"- ","- ",36.088569641113281,-119.23235321044922,TULARE,UNINCORPORATED,-119.23230743408203,36.088863372802734
91487366,2021,2021-06-02,9480,2021-05-17,1515,019697,,1,2,9,5400,0,1,3,,2,095,"SR-99 N/B","AVENUE 24",1584.00,S,N,A,-,Y,,,99,,,,,,N,Y,2,0,3,1,A,-,08,22107,,N,E,I,A,A,H,-,A,D,0,,,,,Y,,A,07,2,0,1,0,0,0,0,0,0,"- ","- ",35.828578948974609,-119.25904846191406,TULARE,UNINCORPORATED,-119.25909423828125,35.828567504882812
91634366,2021,2021-11-24,9480,2021-11-19,1034,013914,,5,1,9,5400,0,1,3,,1,044,"STATE ROUTE 198","ROAD 217",165.00,W,N,B,-,Y,,,198,,,,,,,Y,3,0,1,2,A,-,09,21801,A,N,A,C,A,A,H,-,A,D,0,,,Y,,Y,,A,01,0,1,0,0,0,0,0,0,1,"- ","- ",36.325489044189453,-119.08843231201172,TULARE,UNINCORPORATED,-119.08843231201172,36.325492858886719
91645468,2021,2021-12-07,9480,2021-11-29,1600,019647,,1,2,9,5400,0,3,5,,2,006,"SR-65 N/B","SR-198 E/B",1478.00,S,N,A,-,Y,,,65,,,,,,N,Y,4,0,2,3,A,-,03,22350,,N,C,C,A,A,H,-,A,D,0,,,,,Y,,A,01,0,0,2,0,0,0,0,0,0,"- ","- ",36.321891784667969,-119.13494110107422,TULARE,UNINCORPORATED,-119.13501739501953,36.321891784667969
91429911,2021,2021-03-18,9480,2021-03-12,2307,017452,,5,3,9,5400,0,3,5,,2,001,"ROAD 80","AVENUE 328",7305.00,N,N,A,-,N,,,,,,,,,,Y,4,0,1,1,A,-,08,22107,,N,E,J,A,A,H,-,D,D,0,,,,,Y,,D,22,0,0,1,0,0,0,0,0,0,"- ","- ",36.405101776123047,-119.39452362060547,TULARE,UNINCORPORATED,-119.39479064941406,36.405403137207031
91596130,2021,2021-10-14,9480,2021-10-06,0350,016145,,3,3,5,5407,0,1,3,,1,064,"SR-198 E/B TO BEN MADDOX WAY","BEN MADDOX WAY",693.00,E,N,A,-,Y,,,198,,,,R,,E,Y,3,0,1,1,A,-,01,23152,A,N,E,I,A,A,H,-,C,D,0,,,,,Y,Y,A,01,0,1,0,0,0,0,0,0,0,"- ","- ",36.326019287109375,-119.27587890625,TULARE,VISALIA,-119.27587890625,36.326019287109375
91617391,2021,2021-11-05,9481,2021-11-02,0740,015290,,2,1,9,5400,0,3,5,,2,030,"WESTWOOD STREET","TULE RIVER BRIDGE",500.00,S,N,A,-,N,,,,,,,,,,N,4,0,1,2,A,-,03,22350,,N,C,C,A,A,H,-,A,D,0,,,,,Y,,A,01,0,0,1,0,0,0,0,0,0,"- ","- ",36.058689117431641,-119.07105255126953,TULARE,UNINCORPORATED,,
91621985,2021,2021-11-10,9480,2021-11-04,1010,016615,,4,1,9,5400,0,1,3,,2,091,SR-99,"AVE 328",2110.00,N,N,A,-,Y,,,99,,,,,,,Y,4,0,1,2,A,-,03,22350,,N,C,C,A,A,H,-,A,D,0,,,,,Y,,A,01,0,0,1,0,0,0,0,0,0,"- ","- ",36.390350341796875,-119.44732666015625,TULARE,UNINCORPORATED,-119.4473876953125,36.390308380126953
9252539,2021,2021-04-21,5407,2021-02-18,1613,C56,480,4,5,5,5407,0,0,0,,0,Q34,"E WALNUT AV","S GARDEN ST",0.00,,Y,A,-,N,,,,,,,,,,Y,4,0,1,4,A,-,03,22350,,F,C,C,A,A,H,-,A,D,0,,,,,Y,,A,01,0,0,1,0,0,0,0,0,0,"- ","- ",,,TULARE,VISALIA,-119.2896728515625,36.3128662109375
9272434,2021,2021-06-09,5407,2021-04-15,2050,A186,480,4,5,5,5407,0,0,0,,0,,WALNUT,CENTRAL,0.00,E,N,A,-,N,,,,,,,,,,N,2,0,1,2,A,-,11,21954,A,N,G,B,D,A,H,-,C,A,0,Y,,,,Y,,N,60,1,0,0,0,1,0,0,0,0,"- ","- ",36.318229675292969,-119.31221008300781,TULARE,VISALIA,-119.31211090087891,36.312957763671875
9322403,2021,2021-11-02,5407,2021-09-08,1214,A352,480,3,5,5,5407,0,0,0,,0,034,"E K AV","PINKHAM ST",39.00,E,N,A,-,N,,,,,,,,,,N,3,0,1,1,A,-,08,22107,,N,H,A,A,A,H,-,A,A,0,,,Y,,Y,,C,02,0,1,0,0,0,0,0,0,1,"- ","- ",,,TULARE,VISALIA,-119.26935577392578,36.306140899658203
9349221,2021,2021-12-08,5405,2021-10-02,1425,281,,6,5,4,5405,0,0,0,,0,001,"PROSPECT ST","MULBERRY AV",0.00,,Y,A,-,N,,,,,,,,,,Y,3,0,2,2,A,-,08,22107,,N,D,C,A,A,H,-,A,A,0,,,,,Y,,A,01,0,1,1,0,0,0,0,0,0,"- ","- ",,,TULARE,PORTERVILLE,-119.04403686523438,36.084041595458984
9355876,2021,2021-11-12,5407,2021-10-06,1307,M201,480,3,5,5,5407,0,0,0,,0,,"RT 63","VISALIA PKWY",646.00,S,N,A,-,Y,TUL,6,63,-,-,5.390,H,-,N,N,3,0,2,3,A,-,03,22350,,N,C,C,A,A,H,-,A,A,0,,,,,Y,,A,07,0,1,1,0,0,0,0,0,0,"- ","- ",36.291210174560547,-119.3135986328125,TULARE,VISALIA,-119.31352233886719,36.289455413818359
9373777,2021,2021-12-14,5407,2021-10-13,1304,M203,480,3,5,5,5407,0,0,0,,0,,"N CHINOWTH ST",GOSHEN,0.00,,Y,A,-,N,,,,,,,,,,Y,3,0,2,2,A,-,09,21804,A,N,D,C,A,A,H,-,A,A,0,,,,,Y,,A,01,0,2,0,0,0,0,0,0,0,"- ","- ",36.339511871337891,-119.33634948730469,TULARE,VISALIA,-119.33634185791016,36.339454650878906
9379143,2021,2022-01-12,5407,2021-12-09,0934,M333,480,4,5,5,5407,0,0,0,,0,P33,"RT 63","S COURT ST",0.00,,Y,C,-,Y,TUL,6,63,-,L,7.949,I,5,N,N,4,0,1,2,A,-,12,21453,A,N,D,C,A,B,H,-,A,A,0,,,,,Y,,A,07,0,0,1,0,0,0,0,0,0,"- ","- ",,,TULARE,VISALIA,-119.31397247314453,36.326526641845703
9391625,2021,2022-03-07,5405,2021-12-26,0147,270,SEC1,7,5,4,5405,0,0,0,,0,SEC1,"WHITE CHAPEL LN","WESTWOOD ST",0.00,,Y,C,-,N,,,,,,,,,,Y,3,0,1,1,A,-,12,22450,A,N,E,I,A,B,H,-,C,D,0,,,,,Y,Y,A,01,0,1,0,0,0,0,0,0,0,"- ","- ",,,TULARE,PORTERVILLE,-119.07083892822266,36.077068328857422
91578667,2021,2021-09-24,9481,2021-09-21,0645,015290,,2,1,9,5400,0,3,5,,2,030,"DRIVE 205 (RICHGROVE DRIVE)","AVENUE 32",250.00,S,N,A,-,N,,,,,,,,,,Y,3,0,3,3,A,-,09,21804,A,N,D,C,A,A,H,-,B,D,0,,,,,Y,,A,01,0,1,2,0,0,0,0,0,0,"- ","- ",35.848258972167969,-119.07205963134766,TULARE,UNINCORPORATED,,
91626096,2021,2021-11-16,9480,2021-11-10,0800,017108,,3,1,9,5400,0,1,3,,2,095,"STATE ROUTE 99 SOUTHBOUND","AVENUE 24",6864.00,N,N,E,-,Y,,,99,,,,,,S,Y,3,0,1,2,A,-,08,22107,,N,D,C,A,A,H,-,A,D,0,,,,Y,Y,,D,22,0,1,0,0,0,0,0,0,0,"- ","- ",35.852928161621094,-119.26712036132812,TULARE,UNINCORPORATED,-119.26709747314453,35.852935791015625
91657665,2021,2021-12-21,9481,2021-12-19,0548,020672,,7,3,9,5400,0,1,3,,1,032,SR-190,"ROAD 200",200.00,W,N,E,-,Y,,,190,,,,,,,N,2,0,1,2,A,-,11,21954,A,N,G,B,E,A,H,-,D,D,0,Y,,,Y,Y,,N,60,1,0,0,0,1,0,0,0,0,"- ","- ",36.051200866699219,-119.12608337402344,TULARE,UNINCORPORATED,-119.12608337402344,36.051231384277344
91670398,2021,2022-01-04,9480,2021-12-28,1920,017108,,2,2,9,5400,0,3,5,,2,006,"ROAD 140","AVENUE 256",1056.00,N,N,A,-,N,,,,,,,,,,Y,4,0,1,2,A,-,05,21650,,N,A,C,A,A,H,-,D,D,0,,,,,Y,,A,01,0,0,1,0,0,0,0,0,0,"- ","- ",36.259269714355469,-119.26068878173828,TULARE,UNINCORPORATED,-119.26068878173828,36.258358001708984
9227053,2021,2021-03-23,5405,2021-02-26,1529,265,"SEC 2",5,5,4,5405,0,0,0,,0,002,"3RD ST","PUTNAM AV",0.00,,Y,A,-,N,,,,,,,,,,Y,4,0,1,2,A,-,09,21801,A,N,D,C,A,A,H,-,A,A,0,,,,,Y,,A,01,0,0,1,0,0,0,0,0,0,"- ","- ",36.069988250732422,-119.01412200927734,TULARE,PORTERVILLE,-119.01424407958984,36.069461822509766
9314831,2021,2021-10-05,5405,2021-08-16,1804,172,1,1,5,4,5405,0,0,0,,0,,"E ST","THURMAN AV",114.00,S,N,A,-,N,,,,,,,,,,N,3,0,1,2,A,-,21,22106,,N,B,C,A,A,H,-,A,D,0,,,,,Y,,A,01,0,1,0,0,0,0,0,0,0,"- ","- ",36.071430206298828,-119.01986694335938,TULARE,PORTERVILLE,-119.01994323730469,36.07110595703125
91390840,2021,2021-01-19,9480,2021-01-13,1433,019349,,3,2,9,5400,0,3,5,,2,003,"DRIVE 92B","STATE ROUTE 99 SB",72.00,W,N,A,-,N,,,,,,,,,,Y,4,0,2,2,A,-,09,21801,A,N,A,C,A,A,H,-,A,D,0,,,,,Y,,A,01,0,0,2,0,0,0,0,0,0,"- ","- ",36.266361236572266,-119.36418914794922,TULARE,UNINCORPORATED,-119.36428833007812,36.266269683837891
91429023,2021,2021-03-17,9481,2021-03-10,2140,020784,,3,2,9,5400,0,2,4,,2,052,"MOUNTAIN ROAD 137 (RESERVATION ROAD)","CHIMNEY RD.",410.00,W,N,C,-,N,,,,,,,,,,Y,4,0,3,1,A,-,08,22107,,N,E,I,A,B,H,-,D,D,0,,,,,Y,,A,07,0,0,3,0,0,0,0,0,0,"- ","- ",36.016201019287109,-118.82687377929688,TULARE,UNINCORPORATED,,
91437258,2021,2021-03-26,9481,2021-03-17,1640,017991,,3,2,9,5400,0,1,3,,1,012,"STATE ROUTE 65","AVENUE 208",0.00,,Y,A,-,Y,,,65,,,,,,,Y,4,0,5,2,A,-,09,21801,A,N,D,C,A,A,H,-,A,D,0,,,,,Y,,A,01,0,0,5,0,0,0,0,0,0,"- ","- ",36.167320251464844,-119.08321380615234,TULARE,UNINCORPORATED,-119.08325958251953,36.16729736328125
91486364,2021,2021-06-01,9480,2021-05-20,2135,020273,,4,2,5,5407,1,1,S,,2,106,"SR-198 W/B","GIDDINGS ST.",150.00,W,N,A,-,Y,,,,,,,,,,Y,3,0,2,2,A,-,08,22107,,N,C,E,A,A,H,-,C,D,0,,,,,Y,,A,01,0,1,1,0,0,0,0,0,0,"- ","- ",36.327129364013672,-119.70623779296875,TULARE,VISALIA,-119.30586242675781,36.3270263671875
91565785,2021,2021-09-08,9480,2021-08-31,1055,016240,,2,1,9,5400,0,1,3,,1,010,"SR-201 (AVENUE 400)","ROAD 74",0.00,,Y,A,-,Y,,,201,,,,,,,Y,3,0,3,2,A,-,09,21802,A,N,D,C,A,A,H,-,A,A,0,,,,,Y,,A,01,0,2,1,0,0,0,0,0,0,"- ","- ",36.516941070556641,-119.40856170654297,TULARE,UNINCORPORATED,-119.40856170654297,36.517059326171875
91576968,2021,2021-09-22,9481,2021-09-09,1905,018029,,4,2,9,5400,0,2,4,,1,031,"ROAD 236","AVENUE 68",2112.00,N,N,B,-,N,,,,,,,,,,Y,2,0,3,2,A,-,05,21460,A,N,A,C,A,A,H,-,B,D,0,,,,,Y,,A,01,2,1,0,0,0,0,0,0,0,"- ","- ",35.919158935546875,-119.04486083984375,TULARE,UNINCORPORATED,-119.04492950439453,35.919235229492188
9223631,2021,2021-03-24,5407,2021-01-15,1751,C51,480,5,5,5,5407,0,0,0,,0,R12,"W NICHOLAS AV","N ELKO ST",0.00,,Y,A,-,N,,,,,,,,,,N,4,0,1,2,A,-,08,22107,,N,B,E,A,A,H,-,C,D,0,,,,,Y,,A,07,0,0,1,0,0,0,0,0,0,"- ","- ",36.336620330810547,-119.39997863769531,TULARE,VISALIA,-119.39998626708984,36.336616516113281
9252340,2021,2021-04-19,5407,2021-02-23,1430,C57,480,2,5,5,5407,0,0,0,,0,033,"S BRIDGE ST",MYRTLE,129.00,N,N,A,-,N,,,,,,,,,,Y,3,0,1,4,A,-,08,22107,,N,B,C,A,A,H,-,A,A,0,,,,,Y,,A,01,0,1,0,0,0,0,0,0,0,"- ","- ",,,TULARE,VISALIA,-119.28891754150391,36.325275421142578
9256333,2021,2021-07-06,5407,2021-03-31,2001,M226,480,3,5,5,5407,0,0,0,,0,012,"S DEMAREE ST","W PRYOR AV",70.00,N,N,A,-,N,,,,,,,,,,Y,1,1,1,4,A,-,05,21650,,N,A,C,E,A,H,-,C,A,0,Y,,Y,,Y,,C,02,1,0,0,0,1,0,0,1,0,"- ","- ",36.309581756591797,-119.33164215087891,TULARE,VISALIA,-119.33164978027344,36.309791564941406
9258713,2021,2021-05-07,5407,2021-04-06,2137,A178,480,2,5,5,5407,0,0,0,,0,M11,"S AKERS ST",HILLSDALE,180.00,S,N,A,-,N,,,,,,,,,,N,3,0,1,2,A,-,11,21955,,N,B,B,D,A,H,-,C,D,0,Y,,,,Y,,N,60,0,1,0,0,1,0,0,0,0,"- ","- ",36.327800750732422,-119.34967803955078,TULARE,VISALIA,-119.34979248046875,36.329055786132812
91392631,2021,2021-01-22,9481,2021-01-21,0640,015290,,4,1,9,5400,0,2,4,,1,035,"AVENUE 56","ROAD 176",1056.00,W,N,A,-,N,,,,,,,,,,Y,4,0,1,2,A,-,03,22350,,N,C,C,A,A,H,-,B,D,0,,,,,Y,,D,22,0,0,1,0,0,0,0,0,0,"- ","- ",35.891979217529297,-119.18386840820312,TULARE,UNINCORPORATED,-119.18288421630859,35.891918182373047
91418820,2021,2021-03-02,9480,2021-02-21,0128,017452,,7,3,9,5400,0,3,5,,2,003,"AVENUE 232","ROAD 68",0.00,,Y,A,-,N,,,,,,,,,,Y,3,0,3,2,A,-,12,22450,A,F,E,J,A,A,H,-,C,A,0,,,,,Y,,-,99,0,1,2,0,0,0,0,0,0,"- ","- ",36.210609436035156,-119.42108154296875,TULARE,UNINCORPORATED,-119.42110443115234,36.2108154296875
91514425,2021,2021-08-18,9480,2021-06-25,1745,017291,,5,2,9,5400,0,3,5,,2,001,"AVENUE 384","ROAD 44",11.00,E,N,A,-,N,,,,,,,,,,Y,4,0,1,2,A,-,05,21752,D,N,D,C,A,A,H,-,A,A,0,,,,,Y,,A,01,0,0,1,0,0,0,0,0,0,"- ","- ",36.488529205322266,-119.46623229980469,TULARE,UNINCORPORATED,-119.46625518798828,36.488559722900391
91530477,2021,2021-07-28,9480,2021-07-16,1120,015282,,5,1,9,5400,0,3,5,,2,002,"AVENUE 416","ROAD 96",0.00,,Y,A,-,N,,,,,,,,,,Y,3,0,2,2,A,-,09,21802,A,N,D,C,A,A,H,-,A,A,0,,,,,Y,,A,01,0,2,0,0,0,0,0,0,0,"- ","- ",36.545619964599609,-119.35862731933594,TULARE,UNINCORPORATED,,
91574955,2021,2021-10-19,9480,2021-09-12,1822,019846,,7,2,9,5400,0,3,5,,2,002,"RAILROAD DRIVE","SR-63 (ROAD 128)",0.00,,Y,A,-,Y,,,,,,,,,,Y,4,0,3,3,A,-,09,21801,A,N,D,C,A,A,H,-,A,A,0,,,,,Y,,A,01,0,0,3,0,0,0,0,0,0,"- ","- ",36.522041320800781,-119.28682708740234,TULARE,UNINCORPORATED,-119.28672790527344,36.522010803222656
9288551,2021,2021-09-07,5407,2021-06-01,1347,M194,480,2,5,5,5407,0,0,0,,0,011,DEMAREE,DAMSEN,0.00,,Y,A,-,N,,,,,,,,,,Y,4,0,1,2,A,-,09,21801,A,N,D,C,A,A,H,-,A,A,0,,,,,Y,,A,08,0,0,1,0,0,0,0,0,0,"- ","- ",36.333889007568359,-119.33187866210938,TULARE,VISALIA,-119.33189392089844,36.333900451660156
91381203,2021,2021-01-05,9480,2021-01-04,1450,020837,,1,2,9,5400,0,1,3,,1,021,"STATE ROUTE 63","AVENUE 352",0.00,,Y,B,-,N,,,63,,,,,,,N,4,0,1,2,A,-,03,22350,,N,B,C,A,A,H,-,A,C,0,,,,Y,Y,,F,26,0,0,1,0,0,0,0,0,0,"- ","- ",36.428749084472656,-119.29586791992188,TULARE,UNINCORPORATED,-119.29588317871094,36.428749084472656
91422574,2021,2021-03-08,9480,2021-03-02,0618,018202,,2,1,9,5400,0,1,3,,2,095,"SR-99 N/B","AVE 76",54.00,N,N,A,-,Y,,,99,,,,,,N,Y,4,0,1,2,A,-,08,22107,,N,E,I,A,A,H,-,B,D,0,,,,,Y,,D,22,0,0,1,0,0,0,0,0,0,"- ","- ",35.928230285644531,-119.28204345703125,TULARE,UNINCORPORATED,-119.281982421875,35.928245544433594
91479790,2021,2021-05-27,9480,2021-05-08,2350,020612,,6,3,9,5400,0,3,5,,2,006,"STATE ROUTE 65","AVENUE 242",240.00,N,N,A,-,Y,,,65,,,,,,,Y,2,0,1,1,A,-,01,23152,A,N,E,I,A,A,H,-,D,D,0,,,,,Y,Y,A,01,1,0,0,0,0,0,0,0,0,"- ","- ",36.228870391845703,-119.13642883300781,TULARE,UNINCORPORATED,-119.13645935058594,36.228870391845703
91487346,2021,2021-06-02,9481,2021-05-29,0450,016776,,6,3,9,5400,0,1,3,,1,012,"STATE ROUTE 65","LINDMORE STREET",50.00,S,N,A,-,Y,,,65,,,,,,,Y,4,0,2,2,A,-,01,23152,A,N,C,2,A,A,H,-,B,D,0,,,,,Y,Y,A,01,0,0,2,0,0,0,0,0,0,"- ","- ",36.195919036865234,-119.09951782226562,TULARE,UNINCORPORATED,-119.09956359863281,36.195892333984375