CASE_ID,ACCIDENT_YEAR,PROC_DATE,JURIS,COLLISION_DATE,COLLISION_TIME,OFFICER_ID,REPORTING_DISTRICT,DAY_OF_WEEK,CHP_SHIFT,POPULATION,CNTY_CITY_LOC,SPECIAL_COND,BEAT_TYPE,CHP_BEAT_TYPE,CITY_DIVISION_LAPD,CHP_BEAT_CLASS,BEAT_NUMBER,PRIMARY_RD,SECONDARY_RD,DISTANCE,DIRECTION,INTERSECTION,WEATHER_1,WEATHER_2,STATE_HWY_IND,CALTRANS_COUNTY,CALTRANS_DISTRICT,STATE_ROUTE,ROUTE_SUFFIX,POSTMILE_PREFIX,POSTMILE,LOCATION_TYPE,RAMP_INTERSECTION,SIDE_OF_HWY,TOW_AWAY,COLLISION_SEVERITY,NUMBER_KILLED,NUMBER_INJURED,PARTY_COUNT,PRIMARY_COLL_FACTOR,PCF_CODE_OF_VIOL,PCF_VIOL_CATEGORY,PCF_VIOLATION,PCF_VIOL_SUBSECTION,HIT_AND_RUN,TYPE_OF_COLLISION,MVIW,PED_ACTION,ROAD_SURFACE,ROAD_COND_1,ROAD_COND_2,LIGHTING,CONTROL_DEVICE,CHP_ROAD_TYPE,PEDESTRIAN_ACCIDENT,BICYCLE_ACCIDENT,MOTORCYCLE_ACCIDENT,TRUCK_ACCIDENT,NOT_PRIVATE_PROPERTY,ALCOHOL_INVOLVED,STWD_VEHTYPE_AT_FAULT,CHP_VEHTYPE_AT_FAULT,COUNT_SEVERE_INJ,COUNT_VISIBLE_INJ,COUNT_COMPLAINT_PAIN,COUNT_PED_KILLED,COUNT_PED_INJURED,COUNT_BICYCLIST_KILLED,COUNT_BICYCLIST_INJURED,COUNT_MC_KILLED,COUNT_MC_INJURED,PRIMARY_RAMP,SECONDARY_RAMP,LATITUDE,LONGITUDE,COUNTY,CITY,POINT_X,POINT_Y
91519936,2021,2021-10-05,9480,2021-07-08,0430,017452,,4,3,9,5400,0,3,5,,2,003,"AVENUE 184","ROAD 72",2006.00,W,N,A,-,N,,,,,,,,,,Y,4,0,1,2,A,-,03,22350,,N,C,C,A,A,H,-,D,D,0,,,,,Y,,A,01,0,0,1,0,0,0,0,0,0,"- ","- ",36.123321533203125,-119.41860961914062,TULARE,UNINCORPORATED,-119.41841125488281,36.1234130859375
91523374,2021,2021-07-19,9480,2021-07-12,0915,017108,,1,1,9,5400,0,3,5,,2,006,"ROAD 128","AVENUE 48",416.00,N,N,A,-,N,,,,,,,,,,Y,2,0,2,1,A,-,08,22107,,N,E,I,A,A,H,-,A,D,0,,,,,Y,,A,01,1,1,0,0,0,0,0,0,0,"- ","- ",35.878501892089844,-119.285888671875,TULARE,UNINCORPORATED,,
91543732,2021,2021-10-06,9480,2021-08-07,0710,016233,,6,1,9,5400,0,1,3,,2,095,"SR-99 S/B","AVE. 72",952.00,N,N,A,-,Y,,,99,,,,,,S,Y,4,0,1,1,A,-,08,22107,,N,E,I,A,A,H,-,A,D,0,,,,,Y,,A,01,0,0,1,0,0,0,0,0,0,"- ","- ",35.923801422119141,-119.28215026855469,TULARE,UNINCORPORATED,-119.281982421875,35.923789978027344
91612519,2021,2021-11-01,9481,2021-10-22,1540,019422,,5,2,9,5400,0,2,4,,1,021,"AVENUE 194","ORANGE BELT DRIVE",0.00,,Y,B,-,N,,,,,,,,,,Y,4,0,1,2,A,-,09,21802,A,N,D,C,A,A,H,-,A,A,0,,,,,Y,,A,01,0,0,1,0,0,0,0,0,0,"- ","- ",36.142021179199219,-119.05914306640625,TULARE,UNINCORPORATED,-119.05914306640625,36.141910552978516
9297790,2021,2021-08-17,5405,2021-07-18,2233,265,SEC3,7,5,4,5405,0,0,0,,0,003,"CORONA DR","PARK ST",99.00,W,N,A,-,N,,,,,,,,,,N,4,0,1,2,A,-,03,22350,,F,G,B,E,A,H,-,D,D,0,Y,,,,Y,,A,01,0,0,1,0,1,0,0,0,0,"- ","- ",36.065479278564453,-119.00444793701172,TULARE,PORTERVILLE,-119.00459289550781,36.065738677978516
91458163,2021,2021-04-26,9481,2021-04-23,0835,017991,,5,1,9,5400,0,3,5,,2,050,"ROAD 234","AVENUE 92",183.00,N,N,A,-,N,,,,,,,,,,Y,4,0,2,2,A,-,09,21804,A,N,D,C,A,A,H,-,A,D,0,,,,,Y,,E,22,0,0,2,0,0,0,0,0,0,"- ","- ",35.957481384277344,-119.04939270019531,TULARE,UNINCORPORATED,-119.04940795898438,35.957393646240234
91526533,2021,2021-07-22,9481,2021-07-10,1630,019162,,6,2,9,5400,0,1,3,,1,054,"STATE ROUTE 190","MOUNTAIN ROAD 190A (RIO VISTA DRIVE)",4752.00,E,N,A,-,Y,,,190,,,,,,,Y,4,0,1,2,A,-,01,23152,A,N,B,C,A,A,H,-,A,D,0,,,,,Y,Y,A,01,0,0,1,0,0,0,0,0,0,"- ","- ",36.143760681152344,-118.7657470703125,TULARE,UNINCORPORATED,-118.76573944091797,36.143741607666016
91640759,2021,2021-12-02,9481,2021-11-28,0710,018595,,7,1,9,5400,0,3,5,,2,050,"INDIANA STREET","CRAWFORD AVENUE",250.00,S,N,A,-,N,,,,,,,,,,Y,2,0,2,2,A,-,08,22107,,N,E,I,A,A,H,-,A,D,0,,,,,Y,,A,01,1,1,0,0,0,0,0,0,0,"- ","- ",36.030570983886719,-119.03556060791016,TULARE,UNINCORPORATED,-119.03547668457031,36.030612945556641
9206317,2021,2021-03-17,5407,2021-01-06,1619,C51,480,3,5,5,5407,0,0,0,,0,P33,"BURKE ST","LAUREL ST",0.00,,Y,A,-,N,,,,,,,,,,Y,4,0,1,2,A,-,12,22450,A,N,D,C,A,A,H,-,B,A,0,,,,,Y,,A,07,0,0,1,0,0,0,0,0,0,"- ","- ",36.322330474853516,-119.28298187255859,TULARE,VISALIA,-119.2830810546875,36.322162628173828
91419724,2021,2021-03-03,9481,2021-03-02,1418,018113,,2,2,9,5400,0,3,5,,2,010,"AVENUE 164","ROAD 208",160.00,W,N,A,-,N,,,,,,,,,,Y,4,0,2,1,A,-,08,22107,,N,E,I,A,A,H,-,A,D,0,,,,,Y,,A,07,0,0,2,0,0,0,0,0,0,"- ","- ",36.087471008300781,-119.10817718505859,TULARE,UNINCORPORATED,-119.1080322265625,36.087516784667969
91499867,2021,2021-06-17,9480,2021-02-28,0120,018421,,7,3,9,5400,0,3,5,,2,002,"SOUTH HILLS VALLEY ROAD","EAST RAILROAD AVENUE",42.00,S,N,A,-,N,,,,,,,,,,Y,1,1,2,1,A,-,01,23152,A,N,E,I,A,A,H,-,D,A,0,,,,,Y,Y,D,22,2,0,0,0,0,0,0,0,0,"- ","- ",36.617908477783203,-119.30474853515625,TULARE,UNINCORPORATED,-119.30484008789062,36.617893218994141
91505888,2021,2021-06-24,9481,2021-06-13,1818,019422,,7,2,9,5400,0,3,5,,2,020,"AVENUE 216","STRATHMORE ROAD (ROAD 228)",0.00,,Y,A,-,N,,,,,,,,,,Y,2,0,1,2,A,-,12,22450,A,F,D,C,A,A,H,-,A,A,0,,,,,Y,,A,07,1,0,0,0,0,0,0,0,0,"- ","- ",36.181770324707031,-119.06369781494141,TULARE,UNINCORPORATED,-119.06369781494141,36.181827545166016
91520007,2021,2021-07-14,9480,2021-07-09,0215,016145,,5,3,9,5400,0,3,5,,2,002,"ROAD 144","AVENUE 384",0.00,,Y,A,-,N,,,,,,,,,,Y,3,0,1,1,A,-,03,22350,,N,E,I,A,A,H,-,C,A,0,,,,,Y,,A,01,0,1,0,0,0,0,0,0,0,"- ","- ",36.486858367919922,-119.30442810058594,TULARE,UNINCORPORATED,-119.25004577636719,36.486297607421875
91545867,2021,2021-08-16,9480,2021-08-14,1720,019846,,6,2,9,5400,0,1,3,,1,025,"STATE ROUTE 245 (MILLWOOD DRIVE)","BOYD DR",159.00,S,N,B,-,Y,,,245,,,,,,,Y,2,0,3,2,A,-,01,23152,A,N,A,C,A,A,H,-,A,A,0,,,,,Y,Y,A,01,2,1,0,0,0,0,0,0,0,"- ","- ",36.566009521484375,-119.13359832763672,TULARE,UNINCORPORATED,-119.13358306884766,36.566001892089844
91573477,2021,2021-09-17,9480,2021-09-10,0900,016233,,5,1,9,5400,0,1,3,,1,021,SR-63,"MARLIN AVE",82.00,S,N,A,-,N,,,63,,,,,,,Y,3,0,2,2,A,-,08,22103,,N,D,C,A,A,H,-,A,A,0,,,,,Y,,A,07,0,1,1,0,0,0,0,0,0,"- ","- ",36.368679046630859,-119.29694366455078,TULARE,UNINCORPORATED,-119.29698944091797,36.368682861328125
9233191,2021,2021-04-06,5405,2021-02-12,1808,259,,5,5,4,5405,0,0,0,,0,003,"PLANO ST","LOCUST AV",0.00,,Y,A,-,N,,,,,,,,,,Y,4,0,2,2,A,-,09,21804,A,N,D,C,A,A,H,-,D,A,0,,,,,Y,,A,01,0,0,2,0,0,0,0,0,0,"- ","- ",36.059780120849609,-119.00775146484375,TULARE,PORTERVILLE,-119.00775146484375,36.059741973876953
9272732,2021,2021-06-14,5405,2021-05-29,1257,259,"SEC 4",6,5,4,5405,0,0,0,,0,,"INDIANA ST","HENDERSON AV",285.00,S,N,C,-,N,,,,,,,,,,Y,4,0,2,3,A,-,09,21804,A,N,C,C,A,A,H,-,A,D,0,,,,Y,Y,,A,01,0,0,2,0,0,0,0,0,0,"- ","- ",36.080501556396484,-119.03495788574219,TULARE,PORTERVILLE,-119.03495788574219,36.079727172851562
9278155,2021,2021-07-13,5405,2021-06-01,1907,CS026,,2,5,4,5405,0,0,0,,0,,"MORTON AV","G ST",0.00,,Y,A,-,N,,,,,,,,,,Y,3,0,2,2,A,-,09,21802,A,N,D,C,A,A,H,-,A,A,0,,,,,Y,,A,01,0,2,0,0,0,0,0,0,0,"- ","- ",36.073139190673828,-119.02118682861328,TULARE,PORTERVILLE,-119.02252960205078,36.073143005371094
9373731,2021,2022-01-10,5407,2021-11-13,1612,A354,480,6,5,5,5407,0,0,0,,0,034,"W VISALIA PKWY","RT 63",292.00,W,N,A,-,N,,,,,,,,,,Y,3,0,1,2,A,-,21,22106,,N,D,C,A,A,H,-,B,A,0,,,,,Y,,A,01,0,1,0,0,0,0,0,0,0,"- ","- ",,,TULARE,VISALIA,-119.31466674804688,36.291271209716797
91465425,2021,2021-05-04,9480,2021-04-23,1300,015282,,5,1,9,5400,0,3,5,,2,002,"AVENUE 416","ROAD 120",1530.00,E,N,A,-,Y,,,,,,,,,,Y,4,0,1,1,A,-,08,22107,,N,E,J,A,A,H,-,A,D,0,,,,,Y,,A,08,0,0,1,0,0,0,0,0,0,"- ","- ",36.544971466064453,-119.29940795898438,TULARE,UNINCORPORATED,,
91493867,2021,2021-06-10,9480,2021-05-30,2349,020612,,7,3,9,5400,0,3,5,,2,001,"AVENUE 424","ROAD 68",1050.00,W,N,A,-,N,,,,,,,,,,Y,3,0,1,1,A,-,01,23152,A,N,E,I,A,A,H,-,D,D,0,,,,,Y,Y,A,01,0,1,0,0,0,0,0,0,0,"- ","- ",36.560691833496094,-119.4261474609375,TULARE,UNINCORPORATED,-119.42584991455078,36.560672760009766
8799835,2021,2022-09-26,5407,2021-12-31,1758,M282,480,5,5,5,5407,0,0,0,,0,026,"HOUSTON AV","BURKE ST",510.00,E,N,B,-,N,,,,,,,,,,N,2,0,1,2,A,-,11,21956,,N,A,B,D,A,H,-,C,A,0,Y,,,,Y,,N,60,1,0,0,0,1,0,0,0,0,"- ","- ",36.418319702148438,-119.28321075439453,TULARE,VISALIA,-119.28147125244141,36.341842651367188
8872315,2021,2021-10-15,5405,2021-09-15,0813,CSO26,,3,5,4,5405,0,0,0,,0,001,"RT 65","LINDA VISTA AV",0.00,,Y,A,-,Y,TUL,6,65,-,-,21.840,H,-,S,Y,2,0,2,2,C,-,18,,,N,C,C,A,A,H,-,A,A,0,,,,,Y,,-,"- ",1,1,0,0,0,0,0,0,0,"- ","- ",36.10430908203125,-119.04306030273438,TULARE,PORTERVILLE,-119.04323577880859,36.104408264160156
91380982,2021,2021-01-05,9480,2021-01-04,1415,017854,,1,2,9,5400,0,3,5,,2,006,"ROAD 164","AVENUE 256",0.00,,Y,A,-,N,,,,,,,,,,Y,4,0,2,2,A,-,12,22450,A,N,D,C,A,A,H,-,A,A,0,,,,,Y,,A,01,0,0,2,0,0,0,0,0,0,"- ","- ",36.254180908203125,-119.20688629150391,TULARE,UNINCORPORATED,-119.20692443847656,36.254215240478516
91382778,2021,2021-01-06,9480,2021-01-05,1345,019846,,2,1,9,5400,0,1,3,,2,093,"SR-99 SOUTBOUND (GOLDEN STATE FREEWAY)","SR-99 NORTHBOUND FROM J STREET",184.00,N,N,A,-,Y,,,99,,,,,,,N,4,0,1,2,A,-,08,22107,,M,B,C,A,A,H,-,A,D,0,,,,,Y,,A,01,0,0,1,0,0,0,0,0,0,"- ","- ",36.257419586181641,-119.35910797119141,TULARE,UNINCORPORATED,-119.35909271240234,36.257434844970703
91384369,2021,2021-01-08,9481,2021-01-07,0550,015290,,4,3,9,5400,0,3,5,,2,010,"AVENUE 160","ROAD 212",1584.00,E,N,B,-,N,,,,,,,,,,Y,3,0,1,1,A,-,08,22107,,N,E,I,A,A,H,-,D,D,0,,,,,Y,,D,22,0,1,0,0,0,0,0,0,0,"- ","- ",36.080360412597656,-119.09165954589844,TULARE,UNINCORPORATED,-119.09223937988281,36.080364227294922
91384847,2021,2021-01-11,9480,2021-01-05,2045,019846,,2,2,9,5400,0,1,3,,2,093,"SR-99 S/B (GOLDEN STATE FREEWAY)","AVENUE 152",1637.00,N,N,A,-,Y,,,99,,,,,,S,Y,2,0,1,1,A,-,08,22107,,N,E,I,A,A,H,-,D,D,0,,,,,Y,,A,07,1,0,0,0,0,0,0,0,0,"- ","- ",36.070228576660156,-119.31639099121094,TULARE,UNINCORPORATED,-119.31632995605469,36.070259094238281
91387395,2021,2021-01-14,9480,2021-01-06,1807,019427,,3,2,9,5400,0,1,3,,2,091,"STATE ROUTE 99 S/B TO BETTY DRIVE","BETTY DRIVE",30.00,N,N,A,-,Y,,,99,,,,R,,S,Y,4,0,3,2,A,-,03,22350,,N,C,C,A,A,H,-,C,D,0,,,,,Y,,A,01,0,0,3,0,0,0,0,0,0,"- ","- ",36.350879669189453,-119.42880249023438,TULARE,UNINCORPORATED,-119.42880249023438,36.350879669189453
91387398,2021,2021-01-14,9481,2021-01-08,0040,021175,,5,3,9,5400,0,3,5,,2,020,"ORANGE BELT DRIVE","AVENUE 200",274.00,S,N,A,-,N,,,,,,,,,,Y,3,0,1,2,A,-,01,23152,A,M,E,I,A,A,H,-,D,D,0,,,,,Y,Y,A,01,0,1,0,0,0,0,0,0,0,"- ","- ",36.152381896972656,-119.06459808349609,TULARE,UNINCORPORATED,-119.06447601318359,36.152168273925781
91387546,2021,2021-01-14,9480,2021-01-12,0910,016210,,2,1,9,5400,0,3,5,,2,006,"BELMONT ROAD","TUOHY AVENUE",70.00,N,N,B,-,N,,,,,,,,,,Y,3,0,1,2,A,-,05,21650,,M,E,I,A,A,H,-,A,A,0,,,,,Y,,D,22,0,1,0,0,0,0,0,0,0,"- ","- ",36.277618408203125,-119.15403747558594,TULARE,UNINCORPORATED,-119.15410614013672,36.277553558349609
91387641,2021,2021-01-14,9481,2021-01-03,0820,018595,,7,1,9,5400,0,3,5,,2,010,"AVENUE 168","ROAD 152",0.00,,Y,A,-,N,,,,,,,,,,Y,2,0,1,2,A,-,09,21802,A,N,D,C,A,A,H,-,A,A,0,,,,,Y,,D,22,1,0,0,0,0,0,0,0,0,"- ","- ",36.094699859619141,-119.23233032226562,TULARE,UNINCORPORATED,-119.23230743408203,36.094707489013672
91388982,2021,2021-01-18,9481,2021-01-05,1700,020238,,2,2,9,5400,0,2,4,,1,011,"AVENUE 192","ROAD 196",1260.00,E,N,A,-,N,,,,,,,,,,Y,4,0,3,2,A,-,05,21650,,N,A,C,A,A,H,-,D,D,0,,,,,Y,,D,22,0,0,3,0,0,0,0,0,0,"- ","- ",36.138351440429688,-119.1304931640625,TULARE,UNINCORPORATED,-119.12982940673828,36.138290405273438
91389091,2021,2021-01-18,9480,2021-01-10,1147,017108,,7,1,4,5406,0,1,3,,2,093,"STATE ROUTE 99 NORTHBOUND","BARDSLEY AVENUE",792.00,S,N,A,-,Y,,,99,,,,,,N,Y,3,0,3,3,A,-,03,22350,,N,C,C,A,D,D,-,A,D,0,,,,,Y,,A,01,0,1,2,0,0,0,0,0,0,"- ","- ",36.194370269775391,-119.32846832275391,TULARE,TULARE,-119.32843780517578,36.194370269775391
91389880,2021,2021-01-18,9480,2021-01-16,1315,016210,,6,1,9,5400,0,1,3,,1,063,"SR-63 (MOONEY BLVD)","E.OAKDALE AVE.",0.00,,Y,A,-,Y,,,63,,,,,,,Y,4,0,1,2,A,-,17,21451,A,N,D,C,A,A,H,-,A,A,0,,,,,Y,,A,01,0,0,1,0,0,0,0,0,0,"- ","- ",36.254901885986328,-119.313232421875,TULARE,UNINCORPORATED,-119.31324005126953,36.254898071289062
91391276,2021,2021-01-20,9480,2021-01-17,1130,013914,,7,1,9,5400,0,1,3,,1,025,"STATE ROUTE 245","BOYD DRIVE",9400.00,S,N,A,-,Y,,,245,,,,,,,Y,3,0,2,3,A,-,05,21460,A,N,A,C,A,A,H,-,A,D,0,,,Y,,Y,,-,"- ",0,1,1,0,0,0,0,0,2,"- ","- ",36.543220520019531,-119.12651062011719,TULARE,UNINCORPORATED,-119.12637329101562,36.543094635009766
91391389,2021,2021-01-20,9481,2021-01-18,1814,021175,,1,2,9,5400,0,3,5,,2,020,"PLANO STREET","REID AVENUE",2112.00,N,N,A,-,N,,,,,,,,,,Y,3,0,1,1,A,-,01,23152,A,N,E,I,A,A,H,-,D,D,0,,,,,Y,Y,A,01,0,1,0,0,0,0,0,0,0,"- ","- ",36.104831695556641,-119.00811767578125,TULARE,UNINCORPORATED,-119.00885772705078,36.102294921875
91392158,2021,2021-01-21,9480,2021-01-15,0300,016145,,5,3,9,5400,0,3,5,,2,006,"RD 100","AVE 272",1123.00,S,N,A,-,N,,,,,,,,,,Y,3,0,1,1,A,-,01,23152,A,N,E,I,A,A,H,-,D,D,0,,,,,Y,Y,A,01,0,1,0,0,0,0,0,0,0,"- ","- ",36.28057861328125,-119.34934997558594,TULARE,UNINCORPORATED,-119.34930419921875,36.280628204345703
91392674,2021,2021-01-22,9480,2021-01-16,1733,016233,,6,2,5,5407,0,1,3,,1,064,"SR-198 W/B FROM SHIRK RD.","SHIRK RD",1079.00,W,N,A,-,Y,,,198,,,,R,,W,N,3,0,1,2,A,-,08,22107,,N,B,G,A,A,H,-,B,D,0,,Y,,,Y,,L,04,0,1,0,0,0,0,1,0,0,"- ","- ",36.327308654785156,-119.37187194824219,TULARE,VISALIA,-119.37187194824219,36.327308654785156
91393283,2021,2021-01-25,9480,2021-01-19,1145,018202,,2,1,9,5400,0,3,5,,2,005,"MARKET ST","BRADBURY AVE",180.00,S,N,A,-,N,,,,,,,,,,N,4,0,2,1,C,-,18,,,N,H,H,A,A,H,-,A,D,0,,,Y,,Y,,-,"- ",0,0,2,0,0,0,0,0,2,"- ","- ",35.965461730957031,-119.29396057128906,TULARE,UNINCORPORATED,-119.2939453125,35.965496063232422
91393467,2021,2021-01-25,9480,2021-01-22,0550,018202,,5,3,5,5407,0,1,3,,1,064,"SR-198 W/B TO PLAZA DR","PLAZA DR",15.00,E,N,A,-,Y,,,198,,,,R,,W,N,4,0,2,2,A,-,03,22350,,N,C,C,A,A,H,-,C,A,0,,,,,Y,,A,07,0,0,2,0,0,0,0,0,0,"- ","- ",36.328231811523438,-119.38987731933594,TULARE,VISALIA,-119.38987731933594,36.328231811523438
91393715,2021,2021-01-25,9480,2021-01-20,1324,017108,,3,1,9,5400,0,3,5,,2,003,"AVENUE 280","ROAD 48",60.00,E,N,A,-,N,,,,,,,,,,Y,2,0,1,2,A,-,08,22107,,N,A,C,A,A,H,-,A,D,0,,,,Y,Y,,D,22,1,0,0,0,0,0,0,0,0,"- ","- ",36.297779083251953,-119.46521759033203,TULARE,UNINCORPORATED,-119.46524810791016,36.297836303710938
91393720,2021,2021-01-25,9481,2021-01-24,0805,016147,,7,1,9,5400,0,3,5,,2,010,"ROAD 208","AVENUE 176",1056.00,N,N,B,-,N,,,,,,,,,,Y,4,0,1,1,A,-,08,22107,,N,E,I,A,A,H,-,A,D,0,,,,,Y,,A,01,0,0,1,0,0,0,0,0,0,"- ","- ",36.112400054931641,-119.10726928710938,TULARE,UNINCORPORATED,-119.10752868652344,36.112106323242188
91394915,2021,2021-01-27,9480,2021-01-16,1650,016240,,6,2,9,5400,0,1,3,,1,044,"SR-198 (SIERRA DRIVE)","AVENUE 324",7392.00,W,N,A,-,Y,,,198,,,,,,,Y,2,0,1,3,A,-,06,21751,,N,A,C,A,A,H,-,A,D,0,,,Y,,Y,,C,02,1,0,0,0,0,0,0,0,1,"- ","- ",36.35723876953125,-119.03994750976562,TULARE,UNINCORPORATED,-119.03993988037109,36.357231140136719
91395254,2021,2021-01-27,9480,2021-01-17,1730,019186,,7,2,9,5400,0,3,5,,2,005,"LAVONIA AVE","ELM RD",40.00,W,N,A,-,N,,,,,,,,,,N,4,0,1,2,A,-,08,22107,,N,E,J,A,A,H,-,D,D,0,,,,,Y,,A,42,0,0,1,0,0,0,0,0,0,"- ","- ",35.965721130371094,-119.28642272949219,TULARE,UNINCORPORATED,-119.28636169433594,35.965778350830078
91395262,2021,2021-01-27,9480,2021-01-22,1635,016995,,5,2,9,5400,0,1,3,,1,021,"STATE ROUTE 63","AVENUE 322",20.00,N,N,C,-,Y,,,63,,,,,,,Y,4,0,1,2,A,-,03,22350,,N,C,C,A,B,H,-,D,D,0,,,,,Y,,A,01,0,0,1,0,0,0,0,0,0,"- ","- ",36.375141143798828,-119.29691314697266,TULARE,UNINCORPORATED,-119.29692077636719,36.375141143798828
91398943,2021,2021-01-29,9480,2021-01-22,2050,016995,,5,2,9,5400,0,3,5,,2,002,"AVENUE 416","PERKINS AVE",175.00,E,N,C,-,N,,,,,,,,,,Y,2,0,4,2,A,-,03,22350,,N,A,C,A,B,H,-,D,D,0,,,,,Y,,A,01,3,1,0,0,0,0,0,0,0,"- ","- ",36.545238494873047,-119.3365478515625,TULARE,UNINCORPORATED,,
91399475,2021,2021-02-01,9481,2021-01-25,1620,021234,,1,2,9,5400,0,3,5,,2,030,"ROAD 192","AVENUE 104",106.00,S,N,B,-,N,,,,,,,,,,Y,3,0,1,1,C,-,18,,,N,H,H,A,B,H,-,A,D,0,,,,,Y,,-,"- ",0,1,0,0,0,0,0,0,0,"- ","- ",35.978561401367188,-119.14321899414062,TULARE,UNINCORPORATED,-119.14324951171875,35.978618621826172
91400461,2021,2021-02-02,9480,2021-01-28,1200,013821,,4,1,9,5400,0,1,3,,2,093,"SR-99 NB TO SR-198 EB",SR-198,700.00,S,N,B,C,Y,,,99,,,,R,,N,Y,4,0,1,1,A,-,03,22350,,N,E,I,A,B,H,-,A,D,0,,,,,Y,,A,01,0,0,1,0,0,0,0,0,0,"- ","- ",36.323959350585938,-119.40242767333984,TULARE,UNINCORPORATED,-119.40242767333984,36.323959350585938
91400751,2021,2021-02-02,9480,2021-01-19,1350,016210,,2,1,9,5400,0,1,3,,1,060,SR-137,"ROAD 152",0.00,,Y,A,-,Y,,,137,,,,,,,Y,2,0,1,2,A,-,12,21453,A,N,D,C,A,A,H,-,A,A,0,,,,Y,Y,,D,22,1,0,0,0,0,0,0,0,0,"- ","- ",36.210838317871094,-119.23348236083984,TULARE,UNINCORPORATED,-119.23348236083984,36.210826873779297
91401128,2021,2021-02-02,9480,2021-01-31,1820,020837,,7,2,9,5400,0,1,3,,2,095,"STATE ROUTE 99 SOUTHBOUND","AVENUE 48",1320.00,N,N,B,-,Y,,,99,,,,,,S,Y,3,0,1,2,A,-,03,22350,,N,C,C,A,A,H,-,D,D,0,,,,,Y,,A,01,0,1,0,0,0,0,0,0,0,"- ","- ",35.880149841308594,-119.271240234375,TULARE,UNINCORPORATED,-119.271240234375,35.880149841308594
91401136,2021,2021-02-02,9480,2021-02-02,0620,018202,,2,1,9,5400,0,1,3,,2,095,"SR-99 S/B","AVE 48",4752.00,S,N,A,-,Y,,,99,,,,,,S,Y,3,0,1,1,A,-,08,22107,,N,E,I,A,A,H,-,B,D,0,,,,,Y,,A,01,0,1,0,0,0,0,0,0,0,"- ","- ",35.864398956298828,-119.26966857910156,TULARE,UNINCORPORATED,-119.26974487304688,35.8643798828125
91401537,2021,2021-02-03,9481,2021-01-25,0640,016147,,1,1,9,5400,0,1,3,,1,012,"STATE ROUTE 65 (NORTHBOUND)","LINDMORE STREET",0.00,,Y,B,-,Y,,,65,,,,,,,Y,4,0,1,3,A,-,09,21801,A,N,D,C,A,B,H,-,A,D,0,,,,Y,Y,,G,25,0,0,1,0,0,0,0,0,0,"- ","- ",36.195999145507812,-119.099609375,TULARE,UNINCORPORATED,-119.09962463378906,36.195987701416016
91401945,2021,2021-02-03,9480,2021-01-28,1745,019846,,4,2,9,5400,0,1,3,,2,093,"SR 99 N/B (GOLDEN STATE HIGHWAY)","DRIVE 92B",1825.00,S,N,B,C,Y,,,99,,,,,,N,Y,3,0,1,1,A,-,03,22350,,N,E,I,A,B,H,-,D,D,0,,,,,Y,,A,01,0,1,0,0,0,0,0,0,0,"- ","- ",36.262138366699219,-119.36128234863281,TULARE,UNINCORPORATED,-119.36134338378906,36.262107849121094
91402392,2021,2021-02-04,9480,2021-01-30,1838,019846,,6,2,9,5400,0,3,5,,2,006,"ROAD 188","AVENUE 264",1848.00,N,N,A,-,N,,,,,,,,,,Y,2,0,1,1,A,-,01,23152,A,N,E,J,A,A,H,-,C,D,0,,,,,Y,Y,A,01,1,0,0,0,0,0,0,0,0,"- ","- ",36.273300170898438,-119.15411376953125,TULARE,UNINCORPORATED,-119.15415191650391,36.273399353027344
91404623,2021,2021-02-08,9480,2021-01-30,1600,016995,,6,2,9,5400,0,3,5,,2,004,"AVENUE 296","ROAD 164",0.00,,Y,A,-,N,,,,,,,,,,Y,3,0,2,2,A,-,09,21802,A,N,D,C,A,A,H,-,A,A,0,,,,,Y,,D,22,0,2,0,0,0,0,0,0,0,"- ","- ",36.328060150146484,-119.209228515625,TULARE,UNINCORPORATED,,
91404653,2021,2021-02-08,9481,2021-01-25,1600,021227,,1,2,9,5400,0,2,4,,2,052,"MOUNTAIN ROAD 137 (RESERVATION ROAD)","POTHOLE ROAD",1056.00,W,N,B,C,N,,,,,,,,,,Y,3,0,1,1,A,-,08,22107,,N,E,I,A,B,H,-,A,D,0,,,,,Y,,A,01,0,1,0,0,0,0,0,0,0,"- ","- ",36.031219482421875,-118.88655853271484,TULARE,UNINCORPORATED,,
91405863,2021,2021-02-10,9480,2021-02-03,1228,013914,,3,1,9,5400,0,1,3,,1,044,"STATE ROUTE 198","HAWK HOLLOW DRIVE",110.00,W,N,B,-,Y,,,198,,,,,,,Y,3,0,4,1,A,-,08,22107,,N,F,A,A,A,H,-,A,D,0,,,,,Y,,A,07,0,4,0,0,0,0,0,0,0,"- ","- ",36.452709197998047,-118.89453125,TULARE,UNINCORPORATED,-118.89486694335938,36.452735900878906