CASE_ID,ACCIDENT_YEAR,PROC_DATE,JURIS,COLLISION_DATE,COLLISION_TIME,OFFICER_ID,REPORTING_DISTRICT,DAY_OF_WEEK,CHP_SHIFT,POPULATION,CNTY_CITY_LOC,SPECIAL_COND,BEAT_TYPE,CHP_BEAT_TYPE,CITY_DIVISION_LAPD,CHP_BEAT_CLASS,BEAT_NUMBER,PRIMARY_RD,SECONDARY_RD,DISTANCE,DIRECTION,INTERSECTION,WEATHER_1,WEATHER_2,STATE_HWY_IND,CALTRANS_COUNTY,CALTRANS_DISTRICT,STATE_ROUTE,ROUTE_SUFFIX,POSTMILE_PREFIX,POSTMILE,LOCATION_TYPE,RAMP_INTERSECTION,SIDE_OF_HWY,TOW_AWAY,COLLISION_SEVERITY,NUMBER_KILLED,NUMBER_INJURED,PARTY_COUNT,PRIMARY_COLL_FACTOR,PCF_CODE_OF_VIOL,PCF_VIOL_CATEGORY,PCF_VIOLATION,PCF_VIOL_SUBSECTION,HIT_AND_RUN,TYPE_OF_COLLISION,MVIW,PED_ACTION,ROAD_SURFACE,ROAD_COND_1,ROAD_COND_2,LIGHTING,CONTROL_DEVICE,CHP_ROAD_TYPE,PEDESTRIAN_ACCIDENT,BICYCLE_ACCIDENT,MOTORCYCLE_ACCIDENT,TRUCK_ACCIDENT,NOT_PRIVATE_PROPERTY,ALCOHOL_INVOLVED,STWD_VEHTYPE_AT_FAULT,CHP_VEHTYPE_AT_FAULT,COUNT_SEVERE_INJ,COUNT_VISIBLE_INJ,COUNT_COMPLAINT_PAIN,COUNT_PED_KILLED,COUNT_PED_INJURED,COUNT_BICYCLIST_KILLED,COUNT_BICYCLIST_INJURED,COUNT_MC_KILLED,COUNT_MC_INJURED,PRIMARY_RAMP,SECONDARY_RAMP,LATITUDE,LONGITUDE,COUNTY,CITY,POINT_X,POINT_Y
91406659,2021,2021-02-11,9480,2021-02-01,0500,016240,,1,3,9,5400,0,3,5,,2,005,"CHURCH ROAD","KOVACEVICH STREET",250.00,S,N,B,-,N,,,,,,,,,,Y,3,0,1,3,A,-,08,22107,,N,C,E,A,A,H,-,C,D,0,,,,,Y,,A,01,0,1,0,0,0,0,0,0,0,"- ","- ",35.890659332275391,-119.26821136474609,TULARE,UNINCORPORATED,-119.26815795898438,35.8905029296875
91407176,2021,2021-02-11,9480,2021-02-07,2500,017108,,7,4,9,5400,0,3,5,,2,005,"AVE 88","ROAD 120",0.00,,Y,A,-,N,,,,,,,,,,Y,3,0,1,1,A,-,03,22350,,N,E,I,A,A,H,-,D,A,0,,,,,Y,,A,01,0,1,0,0,0,0,0,0,0,"- ","- ",35.949741363525391,-119.30365753173828,TULARE,UNINCORPORATED,-119.30374145507812,35.94970703125
91407707,2021,2021-02-12,9480,2021-02-08,0515,020450,,1,3,9,5400,0,1,3,,2,093,"SR-99 NB","AVENUE 184",5808.00,S,N,A,-,Y,,,99,,,,,,N,Y,3,0,1,2,A,-,07,21658,A,N,C,C,A,A,H,-,D,D,0,,,,,Y,,A,01,0,1,0,0,0,0,0,0,0,"- ","- ",36.106288909912109,-119.32314300537109,TULARE,UNINCORPORATED,-119.32314300537109,36.106288909912109
91407772,2021,2021-02-12,9480,2021-02-09,1051,013914,,2,1,9,5400,0,3,5,,2,002,"AVENUE 420","ROAD 142",0.00,,Y,B,-,N,,,,,,,,,,Y,3,0,4,2,A,-,12,22450,A,N,D,C,A,A,H,-,A,A,0,,,,,Y,,A,01,0,3,1,0,0,0,0,0,0,"- ","- ",36.551620483398438,-119.25553131103516,TULARE,UNINCORPORATED,-119.25543212890625,36.551582336425781
91407936,2021,2021-02-12,9480,2021-02-06,1415,016995,,6,2,9,5400,0,3,5,,2,006,"STATE ROUTE 65 (KAWEAH AVE)","GLAZE AVE",30.00,N,N,A,-,Y,,,65,,,,,,,Y,4,0,3,2,A,-,01,23152,A,N,C,C,A,A,H,-,A,D,0,,,,,Y,Y,D,22,0,0,3,0,0,0,0,0,0,"- ","- ",36.282730102539062,-119.13619232177734,TULARE,UNINCORPORATED,-119.13618469238281,36.282730102539062
91408389,2021,2021-02-15,9481,2021-01-30,1845,21227,,6,2,4,5405,0,3,5,,2,050,"S. PARK STREET","E. SUCCESS DR",9.00,N,N,A,-,N,,,,,,,,,,Y,3,0,1,1,A,-,01,23152,A,N,E,I,A,A,H,-,C,A,0,,,,,Y,Y,A,01,0,1,0,0,0,0,0,0,0,"- ","- ",36.059719085693359,-119.00385284423828,TULARE,PORTERVILLE,-119.0037841796875,36.059722900390625
91408704,2021,2021-02-16,9480,2021-02-06,2220,018421,,6,3,9,5400,0,3,5,,2,002,"ASH AVE","BIRCH RD",155.00,W,N,A,-,N,,,,,,,,,,Y,3,0,1,2,A,-,01,23152,A,N,C,E,A,A,H,-,C,D,0,,,,,Y,Y,A,01,0,1,0,0,0,0,0,0,0,"- ","- ",36.535850524902344,-119.29736328125,TULARE,UNINCORPORATED,-119.29724884033203,36.535762786865234
91408719,2021,2021-02-16,9480,2021-01-30,1823,019349,,6,2,9,5400,0,3,5,,2,001,"STATE ROUTE 201 (AVENUE 400)","ROAD 64",438.00,E,N,A,-,Y,,,,,,,,,,Y,2,0,2,2,A,-,01,23152,A,N,A,C,A,A,H,-,D,D,0,,,,,Y,Y,A,01,1,0,1,0,0,0,0,0,0,"- ","- ",36.517189025878906,-119.72844696044922,TULARE,UNINCORPORATED,-119.42912292480469,36.517292022705078
91409219,2021,2021-02-16,9480,2021-02-12,2110,020837,,5,2,9,5400,0,1,3,,2,093,"STATE ROUTE 99 SOUTHBOUND","AVENUE 280",3696.00,N,N,B,-,Y,,,99,,,,,,S,Y,3,0,1,1,A,-,08,22107,,N,E,I,A,A,H,-,D,D,0,,,,,Y,,A,01,0,1,0,0,0,0,0,0,0,"- ","- ",36.306819915771484,-119.39112854003906,TULARE,UNINCORPORATED,-119.39121246337891,36.306766510009766
91409944,2021,2021-02-17,9481,2021-02-16,1155,015218,,2,1,9,5400,0,1,3,,1,037,"STATE ROUTE 65 (NORTHBOUND)","AVENUE 56",92.00,S,N,A,-,Y,,,65,,,,,,,N,4,0,1,2,A,-,03,22350,,N,C,C,A,A,H,-,A,A,0,,,,,Y,,A,08,0,0,1,0,0,0,0,0,0,"- ","- ",35.891288757324219,-119.05342102050781,TULARE,UNINCORPORATED,-119.05348968505859,35.891288757324219
91412690,2021,2021-02-22,9480,2021-02-09,1130,013821,,2,1,9,5400,0,3,5,,2,002,"ROAD 92","AVENUE 320",0.00,,Y,A,-,N,,,,,,,,,,Y,4,0,2,3,A,-,09,21802,A,N,D,C,A,A,H,-,A,A,0,,,,Y,Y,,A,01,0,0,2,0,0,0,0,0,0,"- ","- ",36.370918273925781,-119.36791229248047,TULARE,UNINCORPORATED,-119.36794281005859,36.370906829833984
91413259,2021,2021-02-23,9481,2021-02-01,1830,021227,,1,2,9,5400,0,1,3,,1,053,SR-190,"HEAD QUARTERS DRIVE",0.00,,Y,A,-,Y,,,190,,,,,,,Y,3,0,2,3,A,-,05,21650,,N,A,C,A,A,H,-,D,D,0,,,,,Y,Y,A,07,0,2,0,0,0,0,0,0,0,"- ","- ",36.056270599365234,-118.91523742675781,TULARE,UNINCORPORATED,-118.91526031494141,36.056289672851562
91418141,2021,2021-03-01,9480,2021-02-19,1120,017108,,5,1,9,5400,0,1,3,,2,095,"STATE ROUTE 99 SOUTHBOUND","AVENUE 48",581.00,N,N,A,-,Y,,,99,,,,,,S,Y,4,0,1,3,A,-,03,22350,,N,C,C,A,A,D,-,A,D,0,,,,,Y,,A,07,0,0,1,0,0,0,0,0,0,"- ","- ",35.879161834716797,-119.27100372314453,TULARE,UNINCORPORATED,-119.27101135253906,35.879158020019531
91418316,2021,2021-03-01,9480,2021-02-27,1910,020837,,6,2,9,5400,0,3,5,,2,003,"STATE ROUTE 137","AVENUE 216",0.00,,Y,A,-,Y,,,137,,,,,,,Y,2,0,3,2,A,-,01,23152,A,N,D,C,A,A,H,-,D,A,0,,,,,Y,Y,A,01,1,1,1,0,0,0,0,0,0,"- ","- ",36.18109130859375,-119.49330902099609,TULARE,UNINCORPORATED,-119.49330139160156,36.18109130859375
91418770,2021,2021-03-02,9480,2021-02-20,2135,020612,,6,2,9,5400,0,1,3,,1,040,"STATE ROUTE 216","AVENUE 320",0.00,,Y,A,-,Y,,,216,,,,,,,Y,3,0,2,2,A,-,01,23152,A,N,D,C,A,A,H,-,D,A,0,,,,,Y,Y,A,01,0,1,1,0,0,0,0,0,0,"- ","- ",36.370571136474609,-119.21562194824219,TULARE,UNINCORPORATED,-119.21566009521484,36.370571136474609
91419206,2021,2021-03-02,9480,2021-02-23,0300,019543,,2,3,9,5400,0,1,3,,2,093,"SR-99 N/B","AVE 164",1056.00,N,N,A,-,Y,,,99,,,,,,N,Y,2,0,1,1,A,-,08,22107,,N,E,J,A,A,H,-,D,A,0,,,,,Y,,A,01,1,0,0,0,0,0,0,0,0,"- ","- ",36.276840209960938,-119.37113952636719,TULARE,UNINCORPORATED,-119.37122344970703,36.276782989501953
91420008,2021,2021-03-03,9480,2021-02-28,1120,016046,,7,1,9,5400,0,1,3,,1,044,"STATE ROUTE 198","HORSE CREEK ROAD",345.00,W,N,A,-,Y,,,,,,,,,,N,3,0,1,1,A,-,08,22107,,N,F,A,A,A,H,-,A,D,0,,,Y,,Y,,C,02,0,1,0,0,0,0,0,0,1,"- ","- ",36.387401580810547,-119.947509765625,TULARE,UNINCORPORATED,-118.94741058349609,36.387470245361328
91420449,2021,2021-03-04,9481,2021-02-25,1130,016065,,4,1,9,5400,0,1,3,,1,053,"STATE ROUTE 190","RANCHO RIO VISTA ROAD",7920.00,E,N,A,-,Y,,,190,,,,,,,N,4,0,1,1,A,-,08,22107,,N,E,I,A,A,H,-,A,D,0,,,,,Y,,A,07,0,0,1,0,0,0,0,0,0,"- ","- ",36.146610260009766,-118.75644683837891,TULARE,UNINCORPORATED,-118.75637817382812,36.146564483642578
91420483,2021,2021-03-04,9480,2021-02-20,1310,013821,,6,1,9,5400,0,1,3,,2,093,"SR-99 S/B","AVENUE 280 O/C",4224.00,S,N,A,G,Y,,,99,,,,,,S,Y,3,0,1,1,A,-,08,22107,,N,F,I,A,A,H,-,A,D,0,,,Y,,Y,,C,02,0,1,0,0,0,0,0,0,1,"- ","- ",36.288131713867188,-119.37890625,TULARE,UNINCORPORATED,-119.37895965576172,36.288097381591797
91421256,2021,2021-03-05,9481,2021-02-28,1559,019578,,7,2,9,5400,0,3,5,,2,010,"OAK AVENUE","MONROE ROAD",0.00,,Y,A,-,N,,,,,,,,,,N,2,0,2,2,A,-,09,21800,B,F,D,C,A,A,H,-,A,D,0,,,Y,,Y,,C,06,1,1,0,0,0,0,0,0,2,"- ","- ",36.093788146972656,-119.20249176025391,TULARE,UNINCORPORATED,-119.2025146484375,36.093761444091797
91421396,2021,2021-03-05,9480,2021-02-27,0805,018202,,6,1,9,5400,0,1,3,,2,091,"SR-99 N/B","MERRITT DR",7392.00,N,N,A,-,Y,,,99,,,,,,N,Y,3,0,2,2,A,-,03,22350,,N,C,C,A,A,H,-,A,D,0,,,,,Y,,A,01,0,2,0,0,0,0,0,0,0,"- ","- ",36.471488952636719,-119.50057983398438,TULARE,UNINCORPORATED,-119.50054931640625,36.471508026123047
91422016,2021,2021-03-08,9481,2021-02-19,1500,021227,,5,2,9,5400,0,3,5,,2,050,"MOUNTAIN 120 (DEER CREEK DRIVE)","MOUNTAIN 137 (RESERVATION ROAD)",21120.00,S,N,A,-,N,,,,,,,,,,Y,3,0,1,1,A,-,08,22107,,M,E,I,A,A,H,-,A,D,0,,,Y,,Y,,C,02,0,1,0,0,0,0,0,0,1,"- ","- ",35.987220764160156,-118.93073272705078,TULARE,UNINCORPORATED,,
91422352,2021,2021-03-08,9480,2021-02-28,1420,019349,,7,2,9,5400,0,1,3,,2,093,"STATE ROUTE 99 N/B","STATE ROUTE 198",2323.00,S,N,A,-,Y,,,99,,,,,,N,Y,4,0,1,1,A,-,08,22107,,N,E,I,A,A,H,-,A,D,0,,,,,Y,,A,01,0,0,1,0,0,0,0,0,0,"- ","- ",36.321079254150391,-119.40132904052734,TULARE,UNINCORPORATED,-119.40126800537109,36.321186065673828
91422656,2021,2021-03-08,9480,2021-03-04,0941,013914,,4,1,9,5400,0,2,S,,2,800,"AVENUE 416","ROAD 127",0.00,,Y,A,-,N,,,,,,,,,,Y,4,0,1,2,A,-,09,21802,A,N,D,C,A,A,H,-,A,A,0,,,,,Y,,A,01,0,0,1,0,0,0,0,0,0,"- ","- ",36.54473876953125,-119.18923187255859,TULARE,UNINCORPORATED,,
91424931,2021,2021-03-11,9481,2021-03-06,0357,016776,,6,3,9,5400,0,3,5,,2,020,"ROAD 228","AVENUE 208",1354.00,N,N,A,-,N,,,,,,,,,,Y,3,0,2,1,A,-,01,23152,A,N,E,I,A,A,H,-,D,D,0,,,,,Y,Y,A,01,0,1,1,0,0,0,0,0,0,"- ","- ",36.17108154296875,-119.0634765625,TULARE,UNINCORPORATED,-119.06339263916016,36.171012878417969
91425124,2021,2021-03-16,9480,2021-03-10,0752,013914,,3,1,9,5400,0,3,5,,2,002,"AVEUNE 408","ROAD 116",63.00,E,N,B,-,N,,,,,,,,,,Y,3,0,1,2,A,-,03,22350,,N,C,C,A,B,H,-,A,D,0,,,,,Y,,A,01,0,1,0,0,0,0,0,0,0,"- ","- ",36.530521392822266,-119.31345367431641,TULARE,UNINCORPORATED,-119.3134765625,36.530475616455078
91426907,2021,2021-03-15,9481,2021-03-08,1245,021687,,1,1,9,5400,0,3,5,,2,010,"ROAD 192","AVENUE 152",20.00,N,N,A,-,N,,,,,,,,,,N,4,0,1,2,A,-,03,22350,,N,C,C,A,A,H,-,A,A,0,,,,,Y,,D,22,0,0,1,0,0,0,0,0,0,"- ","- ",36.065948486328125,-119.14321899414062,TULARE,UNINCORPORATED,-119.14315795898438,36.065925598144531
91427868,2021,2021-03-16,9481,2021-03-06,1730,021175,,6,2,9,5400,0,3,5,,2,030,"RICHGROVE DRIVE","AVEUE 32",4224.00,N,N,A,-,N,,,,,,,,,,Y,3,0,1,1,A,-,08,22107,,N,F,A,A,A,H,-,A,D,0,,,,Y,Y,,G,25,0,1,0,0,0,0,0,0,0,"- ","- ",35.854759216308594,-119.06005859375,TULARE,UNINCORPORATED,-119.06000518798828,35.855205535888672
91428181,2021,2021-03-16,9480,2021-03-14,0550,016046,,7,3,9,5400,0,3,5,,2,003,"AVENUE 232","ROAD 60",475.00,E,N,B,-,N,,,,,,,,,,Y,3,0,1,1,A,-,08,22107,,N,E,I,A,A,H,-,D,D,0,,,,,Y,,D,22,0,1,0,0,0,0,0,0,0,"- ","- ",36.210269927978516,-119.43727111816406,TULARE,UNINCORPORATED,-119.43746185302734,36.210353851318359
91429485,2021,2021-03-17,9480,2021-03-10,1419,019846,,3,2,9,5400,0,1,3,,2,095,"SR-99 N/B (GOLDEN STATE HIGHWAY)","WHITE RIVER",80.00,N,N,C,-,Y,,,99,,,,,,N,Y,3,0,1,1,A,-,03,22350,,N,E,I,A,B,H,-,A,D,0,,,,,Y,,A,01,0,1,0,0,0,0,0,0,0,"- ","- ",35.854778289794922,-119.26725006103516,TULARE,UNINCORPORATED,-119.26721954345703,35.854785919189453
91429886,2021,2021-03-18,9481,2021-03-10,2115,017991,,3,2,9,5400,0,2,4,,2,052,"MOUNTAIN ROAD 137 (RESERVATION ROAD)","SUCCESS VALLEY DRIVE",240.00,W,N,B,-,N,,,,,,,,,,Y,4,0,1,1,A,-,08,22107,,N,E,I,A,B,H,-,D,D,0,,,,,Y,,D,22,0,0,1,0,0,0,0,0,0,"- ","- ",36.032760620117188,-118.86006164550781,TULARE,UNINCORPORATED,,
91433084,2021,2021-03-23,9480,2021-03-11,2325,018861,,4,3,9,5400,0,3,5,,2,003,"ROAD 64","AVENUE 176",474.00,S,N,A,-,N,,,,,,,,,,Y,2,0,3,1,A,-,08,22107,,N,F,I,A,A,H,-,D,D,0,,,,,Y,,A,07,2,1,0,0,0,0,0,0,0,"- ","- ",36.107769012451172,-119.42904663085938,TULARE,UNINCORPORATED,-119.42894744873047,36.107780456542969
91434057,2021,2021-03-24,9480,2021-03-16,0620,016046,,2,1,9,5400,0,3,5,,2,001,"ROAD 56","AVENUE 408",0.00,,Y,B,-,N,,,,,,,,,,Y,3,0,2,2,A,-,12,22450,A,N,D,C,A,A,H,-,D,A,0,,,,,Y,,A,08,0,1,1,0,0,0,0,0,0,"- ","- ",36.531879425048828,-119.44866180419922,TULARE,UNINCORPORATED,-119.44863891601562,36.531864166259766
91434936,2021,2021-03-25,9480,2021-03-16,1653,017291,,2,2,9,5400,0,1,3,,1,010,"STATE ROUTE 201","ROAD 48",0.00,,Y,A,-,Y,,,201,,,,,,,Y,4,0,3,2,A,-,09,21802,A,N,D,C,A,A,H,-,A,A,0,,,,,Y,,A,01,0,0,3,0,0,0,0,0,0,"- ","- ",36.517848968505859,-119.4669189453125,TULARE,UNINCORPORATED,-119.4669189453125,36.517520904541016
91436916,2021,2021-03-26,9480,2021-03-17,1439,017291,,3,2,9,5400,0,1,3,,2,091,"STATE ROUTE 99 (SOUTHBOUND)","AVENUE 384",1584.00,S,N,A,-,Y,,,99,,,,,,,Y,4,0,1,1,A,-,01,23152,A,N,F,I,A,A,H,-,A,D,0,,,,,Y,Y,A,08,0,0,1,0,0,0,0,0,0,"- ","- ",36.486740112304688,-119.51335906982422,TULARE,UNINCORPORATED,-119.51334381103516,36.486770629882812
91436970,2021,2021-03-26,9481,2021-03-16,1745,017991,,2,2,9,5400,0,3,5,,2,010,"ROAD 192","AVENUE 208",0.00,,Y,A,-,N,,,,,,,,,,Y,2,0,3,2,A,-,12,22450,A,N,D,C,A,A,H,-,A,D,0,,,Y,,Y,,C,06,1,1,1,0,0,0,0,0,2,"- ","- ",36.167259216308594,-119.14386749267578,TULARE,UNINCORPORATED,-119.14387512207031,36.167236328125
91437447,2021,2021-03-29,9481,2021-03-10,1540,018029,,3,2,9,5400,0,2,4,,1,031,"RICHGROVE DRIVE","AVENUE 32",2209.00,N,N,B,C,N,,,,,,,,,,Y,3,0,2,2,A,-,03,22350,,N,D,C,A,B,H,-,A,D,0,,,,,Y,,A,01,0,2,0,0,0,0,0,0,0,"- ","- ",35.852008819580078,-119.06471252441406,TULARE,UNINCORPORATED,-119.06501007080078,35.851905822753906
91438436,2021,2021-03-29,9480,2021-03-13,0315,018809,,6,3,9,5400,0,3,5,,2,006,"AVENUE 200","LASPINA ST",1027.00,E,N,A,-,N,,,,,,,,,,Y,4,0,1,1,A,-,01,23152,A,N,E,I,A,A,H,-,D,D,0,,,,,Y,Y,A,01,0,0,1,0,0,0,0,0,0,"- ","- ",36.152759552001953,-119.31716156005859,TULARE,UNINCORPORATED,,
91439159,2021,2021-03-30,9481,2021-03-18,2246,020917,,4,3,9,5400,0,3,5,,2,010,"ROAD 196","AVENUE 220",259.00,S,N,B,-,N,,,,,,,,,,Y,3,0,3,1,A,-,01,23152,A,N,E,I,A,A,H,-,D,D,0,,,,,Y,Y,A,01,0,3,0,0,0,0,0,0,0,"- ","- ",36.18804931640625,-119.13539886474609,TULARE,UNINCORPORATED,-119.13554382324219,36.188350677490234
91439254,2021,2021-04-29,9481,2021-03-19,0340,018595,,5,3,9,5400,0,1,3,,1,053,"STATE ROUTE 190","SUCCESS VALLEY DRIVE",3733.00,E,N,A,-,Y,,,190,,,,,,,Y,1,1,0,1,A,-,01,23152,F,N,E,I,A,A,H,-,D,D,0,,,,,Y,,A,01,0,0,0,0,0,0,0,0,0,"- ","- ",36.088298797607422,-118.89048767089844,TULARE,UNINCORPORATED,-118.89048767089844,36.088291168212891
91439328,2021,2021-03-30,9480,2021-03-17,1610,019186,,3,2,9,5400,0,1,3,,1,025,"SR-245 N/B","BOYD DR",13728.00,N,N,A,-,Y,,,245,,,,,,N,Y,2,0,1,1,A,-,03,22350,,N,F,A,A,A,H,-,A,D,0,,,Y,,Y,,C,02,1,0,0,0,0,0,0,0,1,"- ","- ",36.587028503417969,-119.10856628417969,TULARE,UNINCORPORATED,-119.10856628417969,36.587005615234375
91440244,2021,2021-03-31,9480,2021-03-25,1735,019846,,4,2,9,5400,0,3,5,,2,004,"ROAD 156","AVENUE 344",0.00,,Y,B,-,N,,,,,,,,,,Y,4,0,1,2,A,-,12,22450,A,N,D,C,A,A,H,-,A,A,0,,,,,Y,,D,22,0,0,1,0,0,0,0,0,0,"- ","- ",36.413959503173828,-119.22415161132812,TULARE,UNINCORPORATED,-119.22415924072266,36.413928985595703
91440336,2021,2021-03-31,9480,2021-03-30,1145,013914,,2,1,4,5406,0,1,3,,2,093,"STATE ROUTE 99 (NORTHBOUND)","CROSS AVENUE",650.00,N,N,A,-,Y,,,99,,,,,,,N,4,0,1,2,A,-,03,22350,,N,B,C,A,A,H,-,A,D,0,,,,,Y,,A,01,0,0,1,0,0,0,0,0,0,"- ","- ",36.216999053955078,-119.32978057861328,TULARE,TULARE,-119.32976531982422,36.217002868652344
91441945,2021,2021-04-02,9481,2021-04-02,0840,019578,,5,1,9,5400,0,2,4,,1,051,"ORANGE BELT DRIVE","AVENUE 120",330.00,N,N,A,-,N,,,,,,,,,,N,4,0,1,2,A,-,08,22107,,N,D,C,A,A,D,-,A,A,0,,,,,Y,,A,01,0,0,1,0,0,0,0,0,0,"- ","- ",36.015781402587891,-119.02970886230469,TULARE,UNINCORPORATED,-119.03403472900391,36.008506774902344
91442894,2021,2021-04-05,9481,2021-03-30,1235,015290,,2,1,9,5400,0,3,5,,2,010,"AVENUE 160","ROAD 200",0.00,,N,A,-,N,,,,,,,,,,N,3,0,1,2,A,-,08,22107,,N,D,G,A,A,H,-,A,D,0,,Y,,,Y,,L,04,0,1,0,0,0,0,1,0,0,"- ","- ",36.080371856689453,-119.12384033203125,TULARE,UNINCORPORATED,-119.12535858154297,36.080333709716797
91444489,2021,2021-04-06,9480,2021-03-30,0737,016046,,2,1,9,5400,0,3,5,,2,001,"STATE ROUTE 99 S/B TO BETTY DRIVE","BETTY DRIVE",0.00,,Y,A,-,Y,,,99,,,,R,,S,Y,4,0,1,2,D,-,00,,,N,D,C,A,A,H,-,A,A,0,,,,,Y,,-,"- ",0,0,1,0,0,0,0,0,0,"- ","- ",36.350719451904297,-119.42875671386719,TULARE,UNINCORPORATED,-119.42875671386719,36.350719451904297
91445237,2021,2021-04-07,9480,2021-04-01,1605,020733,,4,2,9,5400,0,1,3,,2,091,"STATE ROUTE 99 NORTHBOUND","18TH AVENUE",1637.00,S,N,A,-,Y,,,99,,,,,,N,Y,4,0,1,2,A,-,03,22350,,N,C,C,A,A,H,-,A,D,0,,,,,Y,,A,01,0,0,1,0,0,0,0,0,0,"- ","- ",36.503738403320312,-119.54364776611328,TULARE,UNINCORPORATED,-119.54363250732422,36.503765106201172
91445961,2021,2021-04-08,9480,2021-03-26,1149,016233,,5,1,9,5400,0,3,5,,2,005,"RD. 136","AVE. 72",886.00,N,N,A,-,N,,,,,,,,,,Y,4,0,1,1,A,-,08,22107,,N,E,I,A,A,H,-,A,D,0,,,,,Y,,A,01,0,0,1,0,0,0,0,0,0,"- ","- ",35.923610687255859,-119.26808929443359,TULARE,UNINCORPORATED,-119.26819610595703,35.923240661621094
91447329,2021,2021-04-09,9481,2021-03-31,1220,015218,,3,1,9,5400,0,3,5,,2,030,"ROAD 208","AVENUE 112",0.00,,Y,A,-,N,,,,,,,,,,Y,4,0,1,2,A,-,12,22450,A,N,D,D,A,A,H,-,A,A,0,,,,,Y,,A,01,0,0,1,0,0,0,0,0,0,"- ","- ",35.993289947509766,-119.10740661621094,TULARE,UNINCORPORATED,-119.107421875,35.993278503417969
91447355,2021,2021-04-09,9480,2021-03-31,1544,017291,,3,2,9,5400,0,1,3,,2,091,"SR-99 S/B TO SR-198 E/B","STATE ROUTE 198",1056.00,N,N,A,-,Y,,,99,,,,R,,S,Y,2,0,1,1,A,-,08,22107,,N,F,A,A,A,H,-,A,D,0,,,Y,,Y,,C,02,1,0,0,0,0,0,0,0,1,"- ","- ",36.331291198730469,-119.41187286376953,TULARE,UNINCORPORATED,-119.41187286376953,36.331291198730469
91447394,2021,2021-04-09,9480,2021-04-06,1616,017291,,2,2,9,5400,0,3,5,,2,003,"ROAD 92","GAIL AVE",87.00,S,N,A,-,N,,,,,,,,,,Y,4,0,1,2,A,-,03,22350,,N,C,C,A,A,H,-,A,D,0,,,,,Y,,A,01,0,0,1,0,0,0,0,0,0,"- ","- ",36.228618621826172,-119.36685180664062,TULARE,UNINCORPORATED,,
91449136,2021,2021-04-13,9481,2021-04-12,1530,021175,,1,2,9,5400,0,3,5,,2,030,"ROAD 192","AVENUE 56",0.00,,Y,A,-,N,,,,,,,,,,Y,4,0,2,2,A,-,12,22450,A,N,D,C,A,A,H,-,A,A,0,,,,Y,Y,,G,25,0,0,2,0,0,0,0,0,0,"- ","- ",35.891708374023438,-119.143798828125,TULARE,UNINCORPORATED,-119.1436767578125,35.891845703125
91449948,2021,2021-04-14,9481,2021-04-08,1752,017894,,4,2,9,5400,0,3,5,,2,020,"LINDMORE AVENUE","LINDSAY STREET",0.00,,Y,A,-,N,,,,,,,,,,Y,2,0,2,2,A,-,09,21802,A,N,D,C,A,A,H,-,A,A,0,,,,Y,Y,,D,22,1,0,1,0,0,0,0,0,0,"- ","- ",36.196121215820312,-119.09120178222656,TULARE,UNINCORPORATED,-119.09120941162109,36.196117401123047
91450075,2021,2021-04-14,9480,2021-04-05,1915,019543,,1,2,9,5400,0,3,5,,2,003,"N. WEST ST","ZUMWALT AVE",10.00,N,N,A,-,N,,,,,,,,,,Y,3,0,2,1,A,-,08,22107,,N,E,I,A,A,H,-,C,D,0,,,,,Y,,A,01,0,2,0,0,0,0,0,0,0,"- ","- ",36.232948303222656,-119.36708831787109,TULARE,UNINCORPORATED,-119.36679077148438,36.232929229736328
91450091,2021,2021-04-14,9480,2021-04-04,0010,018861,,7,3,9,5400,0,1,3,,2,091,"STATE ROUTE 99 (N/B)","AVENUE 328",6916.00,N,N,A,-,Y,,,,,,,,,,Y,3,0,3,2,A,-,03,22350,,N,C,C,A,A,H,-,D,D,0,,,,,Y,,A,01,0,3,0,0,0,0,0,0,0,"- ","- ",36.402130126953125,-119.45835876464844,TULARE,UNINCORPORATED,-119.45657348632812,36.404300689697266
91453000,2021,2021-04-19,9481,2021-04-16,0030,020784,,5,3,9,5400,0,2,4,,2,052,"MOUNTAIN ROAD 137","SUCCESS VALLEY DRIVE",2627.00,W,N,A,-,N,,,,,,,,,,Y,3,0,1,1,A,-,01,23152,F,N,E,I,A,A,H,-,D,D,0,,,,,Y,,A,01,0,1,0,0,0,0,0,0,0,"- ","- ",36.033439636230469,-118.866943359375,TULARE,UNINCORPORATED,,
91453973,2021,2021-04-20,9480,2021-04-10,1230,015282,,6,1,9,5400,0,3,5,,2,002,"AVENUE 404","ROAD 140",2265.00,W,N,A,-,N,,,,,,,,,,N,2,0,1,1,A,-,08,22107,,N,E,I,A,A,H,-,A,D,0,,,Y,,Y,,C,06,1,0,0,0,0,0,0,0,1,"- ","- ",36.522789001464844,-119.26882171630859,TULARE,UNINCORPORATED,-119.26744842529297,36.522754669189453