CASE_ID,ACCIDENT_YEAR,PROC_DATE,JURIS,COLLISION_DATE,COLLISION_TIME,OFFICER_ID,REPORTING_DISTRICT,DAY_OF_WEEK,CHP_SHIFT,POPULATION,CNTY_CITY_LOC,SPECIAL_COND,BEAT_TYPE,CHP_BEAT_TYPE,CITY_DIVISION_LAPD,CHP_BEAT_CLASS,BEAT_NUMBER,PRIMARY_RD,SECONDARY_RD,DISTANCE,DIRECTION,INTERSECTION,WEATHER_1,WEATHER_2,STATE_HWY_IND,CALTRANS_COUNTY,CALTRANS_DISTRICT,STATE_ROUTE,ROUTE_SUFFIX,POSTMILE_PREFIX,POSTMILE,LOCATION_TYPE,RAMP_INTERSECTION,SIDE_OF_HWY,TOW_AWAY,COLLISION_SEVERITY,NUMBER_KILLED,NUMBER_INJURED,PARTY_COUNT,PRIMARY_COLL_FACTOR,PCF_CODE_OF_VIOL,PCF_VIOL_CATEGORY,PCF_VIOLATION,PCF_VIOL_SUBSECTION,HIT_AND_RUN,TYPE_OF_COLLISION,MVIW,PED_ACTION,ROAD_SURFACE,ROAD_COND_1,ROAD_COND_2,LIGHTING,CONTROL_DEVICE,CHP_ROAD_TYPE,PEDESTRIAN_ACCIDENT,BICYCLE_ACCIDENT,MOTORCYCLE_ACCIDENT,TRUCK_ACCIDENT,NOT_PRIVATE_PROPERTY,ALCOHOL_INVOLVED,STWD_VEHTYPE_AT_FAULT,CHP_VEHTYPE_AT_FAULT,COUNT_SEVERE_INJ,COUNT_VISIBLE_INJ,COUNT_COMPLAINT_PAIN,COUNT_PED_KILLED,COUNT_PED_INJURED,COUNT_BICYCLIST_KILLED,COUNT_BICYCLIST_INJURED,COUNT_MC_KILLED,COUNT_MC_INJURED,PRIMARY_RAMP,SECONDARY_RAMP,LATITUDE,LONGITUDE,COUNTY,CITY,POINT_X,POINT_Y
91454647,2021,2021-04-20,9480,2021-04-08,1910,019427,,4,2,9,5400,0,3,5,,2,006,"ROAD 156","AVENUE 256",0.00,,Y,A,-,N,,,,,,,,,,Y,2,0,2,2,A,-,01,23152,F,N,D,C,A,A,H,-,A,A,0,,,,,Y,,A,01,2,0,0,0,0,0,0,0,0,"- ","- ",36.297821044921875,-119.22489166259766,TULARE,UNINCORPORATED,-119.22474670410156,36.254375457763672
91454933,2021,2021-04-21,9480,2021-04-10,1500,019427,,6,2,9,5400,0,3,5,,2,006,"OAKMORE ST","CARTMILL AVE",200.00,S,N,A,-,N,,,,,,,,,,Y,4,0,1,1,A,-,01,23152,A,N,E,I,A,A,H,-,A,D,0,,,,,Y,Y,A,01,0,0,1,0,0,0,0,0,0,"- ","- ",36.238838195800781,-119.29606628417969,TULARE,UNINCORPORATED,,
91455274,2021,2021-04-21,9480,2021-04-17,1445,020273,,6,2,9,5400,0,3,5,,2,002,"ROAD 124","RAILROAD DR",0.00,,Y,A,-,N,,,,,,,,,,Y,3,0,2,2,A,-,05,21460,A,N,A,C,A,A,H,-,A,D,0,,,,,Y,,A,01,0,2,0,0,0,0,0,0,0,"- ","- ",36.525848388671875,-119.29575347900391,TULARE,UNINCORPORATED,-119.29576110839844,36.525886535644531
91455851,2021,2021-04-29,9480,2021-04-10,0340,016145,,6,3,9,5400,0,3,5,,2,002,"AVENUE 416","ROAD 96",142.00,W,N,A,-,N,,,,,,,,,,Y,2,0,1,1,A,-,01,23152,A,N,E,I,A,A,H,-,C,D,0,,,,,Y,Y,A,01,1,0,0,0,0,0,0,0,0,"- ","- ",36.545879364013672,-119.36093902587891,TULARE,UNINCORPORATED,,
91455958,2021,2021-04-22,9480,2021-04-13,1513,017291,,2,2,9,5400,0,1,3,,2,093,"STATE ROUTE 99 N/B TO PAIGE AVE","PAIGE AVE",100.00,S,N,A,-,Y,,,,,,,,,,N,3,0,1,1,A,-,03,22350,,N,F,A,A,A,H,-,A,D,0,,,Y,,Y,,C,02,0,1,0,0,0,0,0,0,1,"- ","- ",36.181838989257812,-119.32760620117188,TULARE,UNINCORPORATED,-119.32846832275391,36.182025909423828
91456156,2021,2021-04-22,9480,2021-04-20,1205,018202,,2,1,9,5400,0,1,3,,2,091,"SR-99 S/B","CROSS CREEK",50.00,N,N,A,-,Y,,,99,,,,,,S,Y,4,0,1,1,A,-,08,22107,,N,E,I,A,A,H,-,A,D,0,,,,Y,Y,,F,27,0,0,1,0,0,0,0,0,0,"- ","- ",36.404560089111328,-119.45662689208984,TULARE,UNINCORPORATED,-119.45671844482422,36.404499053955078
91456443,2021,2021-04-22,9480,2021-04-14,0810,013914,,3,1,5,5407,0,1,3,,1,064,"STATE ROUTE 198 (WESTBOUND)","BRIDGE STREET",50.00,W,N,A,-,Y,,,198,,,,,,,Y,2,0,1,3,A,-,03,22350,,N,C,C,A,A,H,-,A,D,0,,,,,Y,,A,01,1,0,0,0,0,0,0,0,0,"- ","- ",36.326980590820312,-119.28919982910156,TULARE,VISALIA,-119.28919982910156,36.326908111572266
91456900,2021,2021-04-23,9480,2021-04-17,0230,021249,,6,3,9,5400,0,3,5,,2,006,"ROAD 288","E. MYER DRIVE (AVENUE 272)",9.00,S,N,A,-,N,,,,,,,,,,Y,3,0,2,1,A,-,01,23152,A,N,E,I,A,A,H,-,D,A,0,,,,,Y,Y,A,01,0,2,0,0,0,0,0,0,0,"- ","- ",36.282501220703125,-119.06376647949219,TULARE,UNINCORPORATED,,
91459119,2021,2021-04-27,9480,2021-04-24,1630,018202,,6,2,9,5400,0,3,5,,2,003,"DR 92B",SR-99,120.00,W,N,A,-,N,,,,,,,,,,Y,3,0,3,2,A,-,09,21802,A,N,D,C,A,A,H,-,A,A,0,,,,,Y,,A,01,0,2,1,0,0,0,0,0,0,"- ","- ",36.266288757324219,-119.36427307128906,TULARE,UNINCORPORATED,-119.36428833007812,36.266269683837891
91459252,2021,2021-04-27,9480,2021-04-18,0100,019828,,7,3,9,5400,0,1,3,,1,060,SR-137,"RD. 188",0.00,,Y,A,-,Y,,,137,,,,,,,Y,4,0,1,2,A,-,09,21802,A,N,D,C,A,A,H,-,D,A,0,,,,,Y,,A,01,0,0,1,0,0,0,0,0,0,"- ","- ",36.210758209228516,-119.15406799316406,TULARE,UNINCORPORATED,-119.15406799316406,36.210784912109375
91459333,2021,2021-04-27,9480,2021-04-18,2200,019828,,7,3,5,5407,0,1,3,,1,064,"SR-198 W/B","MOONEY BLVD.",1056.00,E,N,A,-,Y,,,198,,,,,,W,Y,3,0,1,1,A,-,01,23152,A,N,E,I,A,A,H,-,D,D,0,,,,,Y,Y,A,01,0,1,0,0,0,0,0,0,0,"- ","- ",36.327079772949219,-119.30986785888672,TULARE,VISALIA,-119.30986785888672,36.326980590820312
91459475,2021,2021-04-27,9480,2021-04-16,0237,018861,,5,3,9,5400,0,1,3,,2,091,"SR-99 S/B","AVENUE 328",4623.00,S,N,A,-,Y,,,99,,,,,,S,Y,3,0,1,1,A,-,01,23152,A,N,F,A,A,A,H,-,D,D,0,,,,Y,Y,Y,G,25,0,1,0,0,0,0,0,0,0,"- ","- ",36.374240875244141,-119.4368896484375,TULARE,UNINCORPORATED,-119.43682098388672,36.374286651611328
91460228,2021,2021-04-28,9480,2021-03-12,1323,020837,,5,1,9,5400,0,1,3,,2,095,"STATE ROUTE 99 NORTHBOUND","AVENUE 48",5808.00,S,N,A,-,Y,,,99,,,,,,N,Y,1,2,1,2,A,-,03,22350,,N,C,C,A,A,H,-,A,D,0,,,,,Y,,D,22,0,1,0,0,0,0,0,0,0,"- ","- ",35.861091613769531,-119.26863098144531,TULARE,UNINCORPORATED,-119.26868438720703,35.861076354980469
91460321,2021,2021-04-28,9480,2021-04-27,0515,018421,,2,3,9,5400,0,3,5,,2,002,"BEINHORN RD","AVENUE 414",245.00,S,N,B,-,N,,,,,,,,,,Y,3,0,1,1,A,-,03,22350,,N,E,I,A,A,H,-,C,D,0,,,,,Y,,A,01,0,1,0,0,0,0,0,0,0,"- ","- ",36.540458679199219,-119.28807830810547,TULARE,UNINCORPORATED,-119.28813171386719,36.540599822998047
91461635,2021,2021-04-29,9480,2021-04-20,0737,015282,,2,1,9,5400,0,3,5,,2,002,"ROAD 104","AVENUE 388",490.00,N,N,A,-,N,,,,,,,,,,Y,4,0,1,1,A,-,03,22350,,N,E,I,A,A,H,-,A,D,0,,,,,Y,,A,01,0,0,1,0,0,0,0,0,0,"- ","- ",36.495929718017578,-119.34062194824219,TULARE,UNINCORPORATED,-119.34044647216797,36.495388031005859
91461708,2021,2021-04-29,9480,2021-04-29,0758,013914,,4,1,9,5400,0,3,5,,2,006,"ROAD 168","AVENUE 240",2640.00,N,N,A,-,N,,,,,,,,,,Y,3,0,1,1,A,-,08,22107,,N,E,I,A,A,H,-,A,A,0,,,,,Y,,A,01,0,1,0,0,0,0,0,0,0,"- ","- ",36.232509613037109,-119.19928741455078,TULARE,UNINCORPORATED,-119.19929504394531,36.232414245605469
91463000,2021,2021-04-30,9481,2021-04-26,1404,021687,,1,2,9,5400,0,2,4,,2,052,"MOUNTAIN ROAD 137 (RESERVATION ROAD)","CHIMNEY ROAD",200.00,W,N,A,-,N,,,,,,,,,,Y,4,0,1,1,A,-,08,22107,,N,F,A,A,A,H,-,A,D,0,,,,,Y,,A,07,0,0,1,0,0,0,0,0,0,"- ","- ",36.015769958496094,-118.82756805419922,TULARE,UNINCORPORATED,,
91463040,2021,2021-04-30,9480,2021-04-23,1130,016723,,5,1,9,5400,0,3,5,,2,004,"ROAD 132","AVENUE 320",0.00,,Y,A,-,N,,,,,,,,,,Y,4,0,1,2,A,-,09,21801,A,N,D,C,A,A,H,-,A,D,0,,,,,Y,,D,22,0,0,1,0,0,0,0,0,0,"- ","- ",36.3709716796875,-119.27877807617188,TULARE,UNINCORPORATED,-119.27877044677734,36.3709716796875
91464485,2021,2021-05-03,9480,2021-04-21,2349,018861,,3,3,9,5400,0,1,3,,2,095,"STATE ROUTE 99 (N/B)","TERRA BELLA AVE",8686.00,S,N,A,-,Y,,,99,,,,,,,Y,3,0,3,3,A,-,08,22107,,N,E,I,A,A,H,-,C,D,0,,,,,Y,,A,01,0,3,0,0,0,0,0,0,0,"- ","- ",35.940631866455078,-119.28687286376953,TULARE,UNINCORPORATED,-119.28701782226562,35.940597534179688
91464699,2021,2021-05-03,9480,2021-04-25,1910,020060,,7,2,9,5400,0,1,3,,2,095,"STATE ROUTE 99 S/B","COUNTY LINE ROAD (AVE 0)",975.00,N,N,C,-,Y,,,99,,,,,,S,Y,3,0,2,1,A,-,08,22107,,N,E,I,A,B,H,-,D,D,0,,,,,Y,,A,07,0,2,0,0,0,0,0,0,0,"- ","- ",35.792800903320312,-119.25286865234375,TULARE,UNINCORPORATED,-119.25276184082031,35.792869567871094
91465208,2021,2021-05-04,9480,2021-04-26,1740,019543,,1,2,9,5400,0,3,5,,2,004,"MINERAL KING AVENUE","ROAD 158",0.00,,Y,A,-,N,,,,,,,,,,Y,4,0,2,2,A,-,09,21802,A,N,D,C,A,A,H,-,A,A,0,,,,,Y,,A,01,0,0,2,0,0,0,0,0,0,"- ","- ",36.327110290527344,-119.22028350830078,TULARE,UNINCORPORATED,,
91465304,2021,2021-05-04,9480,2021-04-24,1328,015282,,6,1,9,5400,0,1,3,,1,020,"STATE ROUTE 201 (AVENUE 400)","ROAD 84",0.00,,Y,B,-,Y,,,201,,,,,,,Y,3,0,2,2,A,-,09,21802,A,N,D,C,A,A,H,-,A,A,0,,,,,Y,,A,01,0,2,0,0,0,0,0,0,0,"- ","- ",36.516651153564453,-119.38587951660156,TULARE,UNINCORPORATED,-119.38587951660156,36.516754150390625
91465559,2021,2021-05-04,9480,2021-05-02,1630,020060,,7,2,9,5400,0,1,3,,1,060,"STATE ROUTE 137 (AVENUE 232)","ROAD 152",0.00,,Y,A,-,Y,,,,,,,,,,Y,4,0,1,2,A,-,09,21801,A,N,D,C,A,A,H,-,A,A,0,,,,,Y,,A,01,0,0,1,0,0,0,0,0,0,"- ","- ",36.210880279541016,-119.23348999023438,TULARE,UNINCORPORATED,,
91465596,2021,2021-05-04,9480,2021-05-04,0645,013914,,2,1,9,5400,0,3,5,,2,006,"ROAD 164","AVENUE 256",0.00,,Y,A,-,N,,,,,,,,,,Y,3,0,1,3,A,-,12,22450,A,N,D,C,A,A,H,-,A,A,0,,,,,Y,,A,07,0,1,0,0,0,0,0,0,0,"- ","- ",36.25421142578125,-119.2069091796875,TULARE,UNINCORPORATED,-119.20692443847656,36.254215240478516
91466020,2021,2021-05-05,9480,2021-04-26,1635,017291,,1,2,9,5400,0,1,3,,2,093,"STATE ROUTE 99 (SOUTHBOUND)","AVENUE 280",2640.00,S,N,A,-,Y,,,99,,,,,,,Y,4,0,1,2,A,-,07,21658,A,N,B,C,A,A,H,-,A,D,0,,,,Y,Y,,G,25,0,0,1,0,0,0,0,0,0,"- ","- ",36.283351898193359,-119.37602996826172,TULARE,UNINCORPORATED,-119.37586975097656,36.283454895019531
91466466,2021,2021-05-05,9480,2021-03-20,2119,019349,,6,2,9,5400,0,3,5,,2,001,"ROAD 56","AVENUE 416",1056.00,N,N,A,-,N,,,,,,,,,,Y,1,1,5,2,A,-,08,22107,,N,A,C,A,A,H,-,D,D,0,,,,,Y,,A,01,0,3,2,0,0,0,0,0,0,"- ","- ",36.549839019775391,-119.44870758056641,TULARE,UNINCORPORATED,,
91466873,2021,2021-05-06,9480,2021-05-01,1325,016723,,6,1,9,5400,0,3,5,,2,002,"AVENUE 408","ROAD 120",0.00,,Y,A,-,N,,,,,,,,,,Y,4,0,1,2,A,-,09,21802,B,N,A,C,A,A,H,-,A,A,0,,,,,Y,,A,01,0,0,1,0,0,0,0,0,0,"- ","- ",36.530399322509766,-119.30490875244141,TULARE,UNINCORPORATED,-119.30491638183594,36.530380249023438
91467270,2021,2021-05-06,9480,2021-04-25,1950,016995,,7,2,9,5400,0,1,3,,2,093,"STATE ROUTE 99 (NB)","AVENUE 264",2640.00,S,N,C,-,Y,,,,,,,,,,Y,4,0,1,2,A,-,03,22350,,N,D,C,A,B,H,-,D,A,0,,,,,Y,,A,01,0,0,1,0,0,0,0,0,0,"- ","- ",35.831981658935547,-119.36949157714844,TULARE,UNINCORPORATED,-119.36551666259766,36.269004821777344
91468301,2021,2021-05-07,9480,2021-05-03,1412,021249,,1,2,9,5400,0,3,5,,2,005,"ROAD 144","AVENUE 24",600.00,N,N,A,-,N,,,,,,,,,,Y,3,0,1,1,A,-,08,22107,,N,E,I,A,A,H,-,A,D,0,,,,,Y,,A,01,0,1,0,0,0,0,0,0,0,"- ","- ",35.835659027099609,-119.25025939941406,TULARE,UNINCORPORATED,-119.25023651123047,35.835556030273438
91469428,2021,2021-05-10,9481,2021-05-03,1458,018113,,1,2,9,5400,0,1,3,,1,012,"STATE ROUTE 65 (SB)","LINDMORE AVENUE",0.00,,Y,A,-,Y,,,65,,,,,,,Y,4,0,2,2,A,-,09,21801,A,N,D,C,A,A,H,-,A,A,0,,,,,Y,,A,01,0,0,2,0,0,0,0,0,0,"- ","- ",36.195968627929688,-119.09983825683594,TULARE,UNINCORPORATED,-119.09989166259766,36.195938110351562
91469851,2021,2021-05-11,9480,2021-05-04,1600,019048,,2,2,5,5407,0,1,3,,1,064,"SR-198 E/B","PLAZA DR.",1056.00,E,N,A,-,Y,,,198,,,,,,E,Y,4,0,1,3,A,-,03,22350,,N,C,C,A,A,H,-,A,D,0,,,,,Y,,A,01,0,0,1,0,0,0,0,0,0,"- ","- ",36.3271484375,-119.38346862792969,TULARE,VISALIA,-119.38346862792969,36.327133178710938
91469970,2021,2021-05-11,9480,2021-05-04,1355,021249,,2,1,9,5400,0,1,3,,2,095,"SR-99 SB","AVENUE 48",1056.00,N,N,A,-,Y,,,,,,,,,,Y,4,0,1,3,A,-,07,21658,A,N,B,C,A,A,H,-,A,D,0,,,,Y,Y,,G,25,0,0,1,0,0,0,0,0,0,"- ","- ",35.525520324707031,-119.16182708740234,TULARE,UNINCORPORATED,-119.2706298828125,35.877521514892578
91470096,2021,2021-05-11,9481,2021-05-08,1745,019422,,6,2,9,5400,0,2,4,,1,021,"ORANGE BELT DRIVE","AVENUE 204",200.00,S,N,A,-,N,,,,,,,,,,Y,4,0,1,1,A,-,08,22107,,N,F,A,A,A,H,-,A,D,0,,,,,Y,,D,22,0,0,1,0,0,0,0,0,0,"- ","- ",36.159500122070312,-119.06867218017578,TULARE,UNINCORPORATED,-119.06862640380859,36.159538269042969
91472255,2021,2021-05-13,9481,2021-05-07,1820,017894,,5,2,9,5400,0,2,4,,1,021,"ORANGE BELT DRIVE","AVENUE 198",501.00,N,N,A,-,N,,,,,,,,,,Y,4,0,3,3,A,-,03,22350,,N,C,C,A,A,H,-,A,D,0,,,,,Y,,D,22,0,0,3,0,0,0,0,0,0,"- ","- ",36.150749206542969,-119.06314086914062,TULARE,UNINCORPORATED,-119.06307983398438,36.15045166015625
91473813,2021,2021-05-27,9480,2021-05-13,1003,013914,,4,1,9,5400,0,1,3,,1,060,"STATE ROUTE 137","ROAD 188",30.00,W,N,A,-,Y,,,137,,,,,,,Y,3,0,1,2,A,-,03,22350,,N,C,C,A,A,H,-,A,D,0,,,,,Y,,A,01,0,1,0,0,0,0,0,0,0,"- ","- ",36.210788726806641,-119.15419769287109,TULARE,UNINCORPORATED,-119.15419769287109,36.210784912109375
91473861,2021,2021-05-27,9480,2021-05-07,2110,019846,,5,2,9,5400,0,3,5,,2,002,"ROAD 139","AVENUE 417",44.00,S,N,A,-,N,,,,,,,,,,N,3,0,1,2,A,-,01,23152,A,N,B,E,A,A,H,-,C,D,0,,,,,Y,Y,A,07,0,1,0,0,0,0,0,0,0,"- ","- ",36.546199798583984,-119.26251983642578,TULARE,UNINCORPORATED,-119.26261138916016,36.546340942382812
91475443,2021,2021-05-18,9480,2021-05-06,1652,019048,,4,2,9,5400,0,1,3,,1,044,SR-198,"HORSE CREEK",9504.00,W,N,A,-,Y,,,198,,,,,,,Y,2,0,1,1,A,-,08,22107,,N,F,A,A,A,H,-,A,D,0,,,Y,,Y,,C,02,1,0,0,0,0,0,0,0,1,"- ","- ",36.398899078369141,-118.97389221191406,TULARE,UNINCORPORATED,-118.97388458251953,36.398853302001953
91476023,2021,2021-05-18,9480,2021-05-05,1350,016995,,3,1,9,5400,0,3,5,,2,006,"ROAD 124","AVENUE 264",1584.00,N,N,A,-,N,,,,,,,,,,Y,2,0,2,2,A,-,08,22107,,N,D,C,A,A,H,-,A,A,0,,,,,Y,,A,01,2,0,0,0,0,0,0,0,0,"- ","- ",36.275760650634766,-119.29659271240234,TULARE,UNINCORPORATED,-119.29666900634766,36.274627685546875
91476045,2021,2021-05-27,9480,2021-05-11,1552,017291,,2,2,9,5400,0,3,5,,2,001,"AVENUE 384","ROAD 76",10.00,W,N,A,-,N,,,,,,,,,,Y,4,0,2,2,A,-,03,22350,,N,C,C,A,A,H,-,A,D,0,,,,,Y,,A,01,0,0,2,0,0,0,0,0,0,"- ","- ",36.481960296630859,-119.40267944335938,TULARE,UNINCORPORATED,-119.40255737304688,36.488010406494141
91476245,2021,2021-05-19,9481,2021-05-01,2230,019149,,6,3,9,5400,0,3,5,,2,010,"ROAD 196","AVENUE 208",1056.00,S,N,A,-,N,,,,,,,,,,Y,2,0,5,2,A,-,03,22350,,F,C,C,A,A,H,-,D,D,0,,,,,Y,,A,01,1,1,3,0,0,0,0,0,0,"- ","- ",36.164070129394531,-119.13484954833984,TULARE,UNINCORPORATED,-119.13485717773438,36.164344787597656
91476251,2021,2021-05-19,9481,2021-05-05,1640,021227,,3,2,9,5400,0,2,4,,1,051,"SOUTH MAIN STREET","AVENUE 128",2112.00,N,N,A,-,N,,,,,,,,,,Y,4,0,1,2,A,-,06,21751,,N,D,C,A,A,H,-,A,D,0,,,,,Y,,D,22,0,0,1,0,0,0,0,0,0,"- ","- ",36.027381896972656,-119.02288818359375,TULARE,UNINCORPORATED,,
91476278,2021,2021-05-19,9481,2021-05-09,1810,021227,,7,2,9,5400,0,3,5,,2,050,"AVENUE 96","ROAD 237",0.00,,Y,A,-,N,,,,,,,,,,Y,4,0,2,2,A,-,09,21804,A,N,D,C,A,A,H,-,A,D,0,,,,,Y,,A,07,0,0,2,0,0,0,0,0,0,"- ","- ",36.964210510253906,-119.04000091552734,TULARE,UNINCORPORATED,-119.04208374023438,35.964260101318359
91480186,2021,2021-05-27,9481,2021-05-19,0600,015290,,3,1,9,5400,0,3,5,,2,020,"HARVARD ROAD","WADDELL AVENUE",1056.00,N,N,A,-,N,,,,,,,,,,Y,4,0,1,2,A,-,05,21650,,N,B,C,A,A,H,-,B,A,0,,,,,Y,,A,01,0,0,1,0,0,0,0,0,0,"- ","- ",36.191680908203125,-119.08216857910156,TULARE,UNINCORPORATED,-119.08211517333984,36.191875457763672
91481284,2021,2021-05-27,9480,2021-05-10,0725,016240,,1,1,9,5400,0,1,3,,2,091,"SR-99 S/B","AVENUE 384",1793.00,N,N,A,-,Y,,,99,,,,,,S,Y,3,0,2,1,A,-,08,22107,,N,E,I,A,A,H,-,A,D,0,,,,,Y,,A,01,0,2,0,0,0,0,0,0,0,"- ","- ",36.492889404296875,-119.52365112304688,TULARE,UNINCORPORATED,-119.52362823486328,36.492931365966797
91481419,2021,2021-05-27,9480,2021-05-18,2226,017452,,2,3,9,5400,0,3,5,,2,002,"AVENUE 384","ROAD 84",85.00,W,N,A,-,N,,,,,,,,,,Y,3,0,1,2,A,-,01,23152,A,N,A,C,A,A,H,-,D,D,0,,,,Y,Y,Y,A,01,0,1,0,0,0,0,0,0,0,"- ","- ",36.487831115722656,-119.38604736328125,TULARE,UNINCORPORATED,-119.38494873046875,36.487766265869141
91482697,2021,2021-05-27,9481,2021-05-23,1527,021183,,7,2,9,5400,0,3,5,,2,050,"MOUNTAIN ROAD 109","WHITE RIVER ROAD",11141.00,N,N,A,-,N,,,,,,,,,,Y,4,0,1,1,A,-,08,22107,,N,E,I,A,A,H,-,A,D,0,,,,,Y,,M,47,0,0,1,0,0,0,0,0,0,"- ","- ",35.785900115966797,-118.77230072021484,TULARE,UNINCORPORATED,,
91483164,2021,2021-05-27,9481,2021-05-17,2300,019149,,1,3,4,5405,0,1,3,,1,012,"STATE ROUTE 65 (NB OFF TO HENDERSON AVENUE)","HENDERSON AVENUE",164.00,S,N,A,-,Y,,,65,,,,R,,,Y,4,0,1,1,B,-,22,,,N,E,8,A,A,H,-,C,A,0,,,,,Y,,J,48,0,0,1,0,0,0,0,0,0,"- ","- ",36.080020904541016,-119.03884887695312,TULARE,PORTERVILLE,-119.03884887695312,36.080020904541016
91486240,2021,2021-06-01,9481,2021-05-22,2156,019578,,6,2,9,5400,0,3,5,,2,050,"AVENUE 80","ROAD 248",0.00,,Y,A,-,N,,,,,,,,,,Y,4,0,3,2,A,-,09,21802,A,N,D,C,A,A,H,-,D,A,0,,,,,Y,,A,07,0,0,3,0,0,0,0,0,0,"- ","- ",35.935100555419922,-119.01805877685547,TULARE,UNINCORPORATED,-119.01805877685547,35.935054779052734
91486604,2021,2021-06-01,9480,2021-05-21,0640,016233,,5,1,9,5400,0,1,3,,1,051,"SR-43 (CENTRAL VALLEY HWY)","AVENUE 56",3691.00,N,N,A,-,Y,,,43,,,,,,,Y,4,0,1,1,A,-,08,22107,,N,F,I,A,A,H,-,A,A,0,,,,,Y,,A,07,0,0,1,0,0,0,0,0,0,"- ","- ",35.899971008300781,-119.41152954101562,TULARE,UNINCORPORATED,-119.41156768798828,35.899944305419922
91486833,2021,2021-06-01,9481,2021-05-26,1205,015290,,3,1,9,5400,0,1,3,,1,054,"REDWOOD ROAD","STATE ROUTE 190",12672.00,N,N,A,-,N,,,,,,,,,,Y,3,0,1,1,A,-,03,22350,,N,F,A,A,A,H,-,A,D,0,,,,Y,Y,,F,27,0,1,0,0,0,0,0,0,0,"- ","- ",36.157981872558594,-118.62471771240234,TULARE,UNINCORPORATED,-118.57637023925781,36.147331237792969
91486854,2021,2021-06-01,9480,2021-05-18,1710,019543,,2,2,9,5400,0,3,5,,2,002,"SR-201 (AVENUE 384)","ROAD 140",27.00,W,N,A,-,N,,,201,,,,,,,Y,4,0,1,2,A,-,03,22350,,N,C,C,A,A,H,-,A,A,0,,,Y,,Y,,C,02,0,0,1,0,0,0,0,0,1,"- ","- ",36.486469268798828,-119.25885009765625,TULARE,UNINCORPORATED,-119.25885009765625,36.486335754394531
91486951,2021,2021-06-01,9480,2021-05-23,0130,018421,,7,3,9,5400,0,3,5,,2,004,"ROAD 196","AVENUE 336",634.00,S,N,A,-,N,,,,,,,,,,Y,2,0,1,1,A,-,08,22107,,N,E,I,A,A,H,-,D,D,0,,,,,Y,,A,01,1,0,0,0,0,0,0,0,0,"- ","- ",36.397598266601562,-119.13538360595703,TULARE,UNINCORPORATED,-119.13534545898438,36.397579193115234
91486957,2021,2021-06-01,9480,2021-05-23,0930,017108,,7,1,9,5400,0,3,5,,2,005,"AIRPORT ROAD","COMPTON AVE",0.00,,Y,A,-,N,,,,,,,,,,Y,3,0,2,2,A,-,09,21802,A,N,D,C,A,A,H,-,A,A,0,,,,,Y,,A,01,0,2,0,0,0,0,0,0,0,"- ","- ",35.966678619384766,-119.30403900146484,TULARE,UNINCORPORATED,-119.30406188964844,35.966690063476562
91487379,2021,2021-06-02,9480,2021-05-20,1910,017291,,4,2,9,5400,0,1,3,,2,091,"STATE ROUTE 99 (NORTHBOUND)","AVENUE 328",150.00,S,N,A,-,Y,,,99,,,,,,,N,4,0,1,1,A,-,08,22107,,N,E,I,A,A,H,-,A,A,0,,,,,Y,,A,08,0,0,1,0,0,0,0,0,0,"- ","- ",36.387210845947266,-119.44476318359375,TULARE,UNINCORPORATED,-119.44495391845703,36.3870849609375
91488396,2021,2021-06-03,9480,2021-05-23,2000,019697,,7,2,4,5406,0,1,3,,2,093,"SR-99 N/B","PAIGE AVE.",2112.00,N,N,A,-,Y,,,99,,,,,,N,Y,2,0,1,1,A,-,01,23152,A,N,E,8,A,A,H,-,C,D,0,,,,,Y,Y,A,01,1,0,0,0,0,0,0,0,0,"- ","- ",36.188919067382812,-119.32826995849609,TULARE,TULARE,-119.32844543457031,36.188919067382812
91488424,2021,2021-06-03,9480,2021-05-25,1442,017291,,2,2,9,5400,0,3,5,,2,001,"ROAD 80","AVENUE 388",0.00,,Y,A,-,N,,,,,,,,,,Y,4,0,2,2,A,-,09,21802,A,N,D,C,A,A,H,-,A,A,0,,,,,Y,,D,22,0,0,2,0,0,0,0,0,0,"- ","- ",36.495128631591797,-119.39460754394531,TULARE,UNINCORPORATED,-119.39472961425781,36.495109558105469
91488595,2021,2021-06-03,9481,2021-05-21,1325,015218,,5,1,9,5400,0,1,3,,1,012,"STATE ROUTE 65 (S/B)","ROAD 203",180.00,S,N,A,-,Y,,,65,,,,,,,Y,2,0,5,3,A,-,03,22350,,N,C,C,A,A,H,-,A,D,0,,,,,Y,,A,01,1,0,4,0,0,0,0,0,0,"- ","- ",36.210720062255859,-119.11965179443359,TULARE,UNINCORPORATED,-119.11965179443359,36.210781097412109
91488710,2021,2021-06-03,9480,2021-05-28,0200,020837,,5,3,9,5400,0,3,5,,2,006,"ROAD 140 (LOVERS LANE)","CALDWELL AVENUE",700.00,S,N,A,-,N,,,,,,,,,,Y,3,0,1,1,A,-,01,23152,A,N,E,I,A,A,H,-,D,D,0,,,,,Y,Y,A,01,0,1,0,0,0,0,0,0,0,"- ","- ",36.296169281005859,-119.26084899902344,TULARE,UNINCORPORATED,-119.26078796386719,36.296428680419922