CASE_ID,ACCIDENT_YEAR,PROC_DATE,JURIS,COLLISION_DATE,COLLISION_TIME,OFFICER_ID,REPORTING_DISTRICT,DAY_OF_WEEK,CHP_SHIFT,POPULATION,CNTY_CITY_LOC,SPECIAL_COND,BEAT_TYPE,CHP_BEAT_TYPE,CITY_DIVISION_LAPD,CHP_BEAT_CLASS,BEAT_NUMBER,PRIMARY_RD,SECONDARY_RD,DISTANCE,DIRECTION,INTERSECTION,WEATHER_1,WEATHER_2,STATE_HWY_IND,CALTRANS_COUNTY,CALTRANS_DISTRICT,STATE_ROUTE,ROUTE_SUFFIX,POSTMILE_PREFIX,POSTMILE,LOCATION_TYPE,RAMP_INTERSECTION,SIDE_OF_HWY,TOW_AWAY,COLLISION_SEVERITY,NUMBER_KILLED,NUMBER_INJURED,PARTY_COUNT,PRIMARY_COLL_FACTOR,PCF_CODE_OF_VIOL,PCF_VIOL_CATEGORY,PCF_VIOLATION,PCF_VIOL_SUBSECTION,HIT_AND_RUN,TYPE_OF_COLLISION,MVIW,PED_ACTION,ROAD_SURFACE,ROAD_COND_1,ROAD_COND_2,LIGHTING,CONTROL_DEVICE,CHP_ROAD_TYPE,PEDESTRIAN_ACCIDENT,BICYCLE_ACCIDENT,MOTORCYCLE_ACCIDENT,TRUCK_ACCIDENT,NOT_PRIVATE_PROPERTY,ALCOHOL_INVOLVED,STWD_VEHTYPE_AT_FAULT,CHP_VEHTYPE_AT_FAULT,COUNT_SEVERE_INJ,COUNT_VISIBLE_INJ,COUNT_COMPLAINT_PAIN,COUNT_PED_KILLED,COUNT_PED_INJURED,COUNT_BICYCLIST_KILLED,COUNT_BICYCLIST_INJURED,COUNT_MC_KILLED,COUNT_MC_INJURED,PRIMARY_RAMP,SECONDARY_RAMP,LATITUDE,LONGITUDE,COUNTY,CITY,POINT_X,POINT_Y
91488762,2021,2021-06-03,9480,2021-05-28,1340,019543,,5,1,9,5400,0,3,5,,2,002,SR-63,"AVENUE 368",0.00,,Y,A,-,Y,,,63,,,,,,,Y,3,0,3,2,A,-,09,21802,A,N,D,C,A,A,H,-,A,A,0,,,,,Y,,D,22,0,3,0,0,0,0,0,0,0,"- ","- ",36.544948577880859,-119.28733825683594,TULARE,UNINCORPORATED,-119.28693389892578,36.544971466064453
91489702,2021,2021-06-15,9480,2021-05-26,1758,017291,,3,2,9,5400,0,1,3,,2,091,"STATE ROUTE 99 (NORTHBOUND)","MERRITT DR",5280.00,N,N,A,-,Y,,,99,,,,,,,N,4,0,1,2,A,-,08,22107,,N,B,C,A,A,H,-,A,A,0,,,,Y,Y,,A,07,0,0,1,0,0,0,0,0,0,"- ","- ",36.478500366210938,-119.50534820556641,TULARE,UNINCORPORATED,-119.50521850585938,36.478588104248047
91489750,2021,2021-06-04,9480,2021-06-03,2330,020837,,4,3,9,5400,0,1,3,,2,095,"STATE ROUTE 99 SOUTHBOUND","AVENUE 152",5280.00,N,N,A,-,Y,,,99,,,,,,S,Y,4,0,1,2,A,-,08,22107,,M,C,C,A,A,H,-,D,D,0,,,,,Y,,A,01,0,0,1,0,0,0,0,0,0,"- ","- ",36.077251434326172,-119.31851196289062,TULARE,UNINCORPORATED,-119.31852722167969,36.077247619628906
91489882,2021,2021-06-04,9480,2021-05-22,1715,016995,,6,2,9,5400,0,3,5,,2,004,"AVENUE 336","ROAD 132",0.00,,Y,A,-,N,,,,,,,,,,Y,3,0,2,2,A,-,09,21802,A,N,D,C,A,A,H,-,A,A,0,,,,,Y,,A,07,0,1,1,0,0,0,0,0,0,"- ","- ",36.399658203125,-119.27837371826172,TULARE,UNINCORPORATED,-119.27834320068359,36.399635314941406
91490410,2021,2021-06-07,9480,2021-05-23,2335,020612,,7,3,9,5400,0,3,5,,2,001,"AVENUE 416","ROAD 44",200.00,W,N,A,G,N,,,,,,,,,,N,3,0,1,2,A,-,01,23152,A,N,C,C,A,A,H,-,D,D,0,,,Y,,Y,Y,C,02,0,1,0,0,0,0,0,0,1,"- ","- ",36.546600341796875,-119.47560119628906,TULARE,UNINCORPORATED,,
91490686,2021,2021-06-07,9480,2021-05-22,1410,016995,,6,2,9,5400,0,1,3,,1,044,"STATE ROUTE 198","ROAD 210",265.00,W,N,A,-,Y,,,198,,,,,,,N,2,0,3,2,A,-,08,22107,,N,D,2,A,A,H,-,A,D,0,,,Y,,Y,,C,02,1,1,1,0,0,0,0,0,3,"- ","- ",36.325698852539062,-119.10446929931641,TULARE,UNINCORPORATED,-119.10446929931641,36.32568359375
91492752,2021,2021-06-09,9480,2021-05-27,1705,017291,,4,2,9,5400,0,1,3,,1,034,"STATE ROUTE 198 (EASTBOUND)","ROAD 48",0.00,,N,A,-,Y,,,198,,,,,,,Y,4,0,1,2,A,-,21,22106,,N,C,C,A,A,H,-,A,A,0,,,,,Y,,D,22,0,0,1,0,0,0,0,0,0,"- ","- ",36.327491760253906,-119.46327972412109,TULARE,UNINCORPORATED,-119.46327972412109,36.327484130859375
91492882,2021,2021-06-09,9480,2021-06-01,1055,016046,,2,1,9,5400,0,1,3,,1,040,"STATE ROUTE 216","BEECHWOOD AVENUE",25.00,N,N,A,-,Y,,,216,,,,,,,N,4,0,1,2,A,-,09,21802,A,N,D,C,A,A,H,-,A,A,0,,,,,Y,,A,01,0,0,1,0,0,0,0,0,0,"- ","- ",36.378761291503906,-119.21562194824219,TULARE,UNINCORPORATED,-119.21564483642578,36.378761291503906
91493725,2021,2021-06-10,9481,2021-06-07,2120,020238,,1,2,9,5400,0,3,5,,2,030,"NEWCOMB STREET","OLIVE AVENUE",0.00,,Y,A,-,N,,,,,,,,,,Y,4,0,2,2,A,-,09,21801,A,N,D,C,A,A,H,-,C,A,0,,,,,Y,,A,01,0,0,2,0,0,0,0,0,0,"- ","- ",36.065788269042969,-119.05293273925781,TULARE,UNINCORPORATED,-119.05299377441406,36.065845489501953
91496737,2021,2021-06-14,9480,2021-05-29,1735,020060,,6,2,9,5400,0,1,3,,1,051,"STATE ROUTE 43 S/B","SANTA FE AVENUE",0.00,,Y,A,-,Y,,,43,,,,,,S,Y,3,0,2,2,A,-,09,21801,A,N,D,C,A,A,H,-,A,D,0,,,,,Y,,A,01,0,1,1,0,0,0,0,0,0,"- ","- ",36.070499420166016,-119.53562927246094,TULARE,UNINCORPORATED,-119.53549194335938,36.070541381835938
91497023,2021,2021-06-15,9480,2021-06-03,0448,020612,,4,3,9,5400,0,1,3,,1,021,"STATE ROUTE 63","STATE ROUTE 201",443.00,N,N,A,-,Y,,,63,,,,,,,Y,3,0,2,2,C,-,18,,,N,A,C,A,A,H,-,D,D,0,,,,,Y,,-,"- ",0,1,1,0,0,0,0,0,0,"- ","- ",36.487968444824219,-119.28685760498047,TULARE,UNINCORPORATED,-119.28685760498047,36.487968444824219
91497179,2021,2021-06-15,9480,2021-06-06,2210,020612,,7,3,9,5400,0,3,5,,2,006,"AVENUE 256","ROAD 156",25.00,W,N,A,-,N,,,,,,,,,,Y,4,0,1,2,A,-,03,22350,,N,C,C,A,A,H,-,C,D,0,,,,,Y,,D,22,0,0,1,0,0,0,0,0,0,"- ","- ",36.254379272460938,-119.22486877441406,TULARE,UNINCORPORATED,-119.22483825683594,36.254379272460938
91497222,2021,2021-08-03,9480,2021-06-05,2041,019543,,6,2,9,5400,0,3,5,,2,002,SR-201,"RD 144",75.00,W,N,A,-,Y,,,201,,,,,,,N,4,0,2,2,A,-,09,21804,A,N,D,C,A,A,H,-,D,D,0,,,,,Y,,D,22,0,0,2,0,0,0,0,0,0,"- ","- ",36.486270904541016,-119.25250244140625,TULARE,UNINCORPORATED,-119.25250244140625,36.486293792724609
91498110,2021,2021-06-16,9481,2021-06-11,0510,016065,,5,3,4,5405,0,2,4,,2,052,"MOUNTAIN ROAD 137 (RESERVATION ROAD)","ROAD 296",528.00,W,N,A,-,N,,,,,,,,,,Y,4,0,1,1,A,-,01,23152,A,N,E,I,A,A,H,-,B,D,0,,,,,Y,Y,A,01,0,0,1,0,0,0,0,0,0,"- ","- ",36.025539398193359,-118.91223907470703,TULARE,PORTERVILLE,,
91498167,2021,2021-06-16,9480,2021-06-08,0600,015282,,2,1,9,5400,0,3,5,,2,002,"ROAD 88","AVENUE 288",120.00,N,N,A,-,N,,,,,,,,,,N,4,0,1,1,A,-,08,22107,,N,E,I,A,A,H,-,A,D,0,,,,,Y,,A,01,0,0,1,0,0,0,0,0,0,"- ","- ",36.494449615478516,-119.37664031982422,TULARE,UNINCORPORATED,,
91498193,2021,2021-06-16,9480,2021-06-12,0455,020890,,6,3,9,5400,0,1,3,,2,091,"STATE ROUTE 99 (SOUTHBOUND)","MERRITT DR",2640.00,N,N,A,-,Y,,,99,,,,,,,Y,4,0,1,1,A,-,08,22107,,N,E,I,A,A,H,-,B,D,0,,,,,Y,,A,01,0,0,1,0,0,0,0,0,0,"- ","- ",36.458728790283203,-119.49311065673828,TULARE,UNINCORPORATED,-119.49307250976562,36.458740234375
91498325,2021,2021-06-16,9480,2021-06-04,0350,018861,,5,3,9,5400,0,1,3,,2,091,"STATE ROUTE 99 (S/B)","18TH AVENUE",5052.00,S,N,A,-,Y,,,99,,,,,,,Y,3,0,1,2,A,-,03,22350,,N,C,C,A,A,H,-,D,D,0,,,,Y,Y,,D,22,0,1,0,0,0,0,0,0,0,"- ","- ",36.498180389404297,-119.53462982177734,TULARE,UNINCORPORATED,-119.53461456298828,36.498218536376953
91499298,2021,2021-06-17,9480,2021-06-06,2313,020612,,7,3,9,5400,0,1,3,,1,063,"STATE ROUTE 63","AVENUE 256",0.00,,Y,A,-,Y,,,63,,,,,,,Y,3,0,2,2,A,-,03,22350,,N,C,C,A,A,H,-,C,A,0,,,,,Y,,D,22,0,2,0,0,0,0,0,0,0,"- ","- ",36.254978179931641,-119.31304168701172,TULARE,UNINCORPORATED,-119.31307983398438,36.254981994628906
91499751,2021,2021-06-24,9481,2021-05-22,1143,016147,,6,1,9,5400,0,3,5,,2,020,"AVENUE 196","ROAD 216",0.00,,Y,A,-,N,,,,,,,,,,Y,1,1,2,2,A,-,09,21802,A,N,D,C,A,A,H,-,A,A,0,,,,,Y,,A,01,1,1,0,0,0,0,0,0,0,"- ","- ",36.145839691162109,-119.08966827392578,TULARE,UNINCORPORATED,-119.08966827392578,36.145492553710938
91500699,2021,2021-06-18,9480,2021-06-03,1730,018809,,4,2,9,5400,0,1,3,,1,044,"STATE ROUTE-198 W/B","ROAD 210",30.00,E,N,A,-,Y,,,198,,,,,,W,Y,2,0,4,2,A,-,03,22350,,N,C,C,A,A,H,-,A,D,0,,,,,Y,,A,08,1,2,1,0,0,0,0,0,0,"- ","- ",36.325698852539062,-119.10340881347656,TULARE,UNINCORPORATED,-119.10340881347656,36.325668334960938
91500743,2021,2021-06-18,9480,2021-06-14,1835,021249,,1,2,9,5400,0,1,3,,2,093,"SR-99 N/B","SOUTH OF DRIVE 92B",0.00,,N,A,-,Y,,,99,,,,,,N,Y,4,0,1,1,A,-,08,22107,,N,E,I,A,A,H,-,A,D,0,,,,,Y,,D,22,0,0,1,0,0,0,0,0,0,"- ","- ",36.263919830322266,-119.36216735839844,TULARE,UNINCORPORATED,-119.36216735839844,36.263919830322266
91501573,2021,2021-06-21,9480,2021-06-04,1755,016995,,5,2,9,5400,0,3,5,,2,005,"AIRPORT STREET","TERRA BELLA AVE",0.00,,Y,A,-,N,,,,,,,,,,Y,3,0,1,2,A,-,09,21802,A,N,D,C,A,A,H,-,A,A,0,,,,,Y,,A,08,0,1,0,0,0,0,0,0,0,"- ","- ",35.964309692382812,-119.30409240722656,TULARE,UNINCORPORATED,-119.30406188964844,35.964305877685547
91502948,2021,2021-06-22,9481,2021-06-20,0030,021175,,7,3,9,5400,0,3,5,,2,010,"AVENUE 168","ROAD 164",0.00,,Y,A,-,N,,,,,,,,,,Y,3,0,1,1,A,-,01,23152,A,M,E,I,A,A,H,-,D,A,0,,,,,Y,Y,A,01,0,1,0,0,0,0,0,0,0,"- ","- ",36.09490966796875,-119.20561218261719,TULARE,UNINCORPORATED,-119.20565032958984,36.094699859619141
91503122,2021,2021-06-22,9480,2021-06-14,0750,018202,,1,1,9,5400,0,3,5,,2,001,"RD 48","AVE 392",2112.00,N,N,A,-,N,,,,,,,,,,Y,4,0,3,2,A,-,08,22107,,N,D,C,A,A,H,-,A,D,0,,,,,Y,,D,22,0,0,3,0,0,0,0,0,0,"- ","- ",36.508438110351562,-119.46678161621094,TULARE,UNINCORPORATED,-119.46671295166016,36.508659362792969
91503564,2021,2021-06-23,9481,2021-06-14,1840,018029,,1,2,9,5400,0,3,5,,2,030,"ROAD 224","AVENUE 95",0.00,,Y,A,-,N,,,,,,,,,,Y,2,0,1,2,A,-,01,23152,A,N,D,C,A,A,H,-,A,A,0,,,,Y,Y,Y,A,01,1,0,0,0,0,0,0,0,0,"- ","- ",35.962429046630859,-119.07177734375,TULARE,UNINCORPORATED,-119.07169342041016,35.962444305419922
91505132,2021,2021-06-24,9480,2021-06-17,0730,019647,,4,1,9,5400,0,3,5,,2,006,"AVENUE 256","ROAD 140",3.00,E,N,A,-,N,,,,,,,,,,Y,3,0,1,2,A,-,06,21755,A,N,B,C,A,A,H,-,A,A,0,,,Y,Y,Y,,C,02,0,1,0,0,0,0,0,0,1,"- ","- ",36.255470275878906,-119.26052856445312,TULARE,UNINCORPORATED,-119.26068115234375,36.255458831787109
91506013,2021,2021-06-24,9480,2021-06-06,2048,019846,,7,2,9,5400,0,3,5,,2,006,"AVENUE 280","ROAD 156",789.00,W,N,A,-,N,,,,,,,,,,Y,4,0,1,2,A,-,01,23152,A,M,C,C,A,A,H,-,C,D,0,,,,,Y,Y,A,01,0,0,1,0,0,0,0,0,0,"- ","- ",36.297969818115234,-119.22760772705078,TULARE,UNINCORPORATED,-119.22756195068359,36.297946929931641
91506860,2021,2021-06-25,9481,2021-06-24,0847,017894,,4,1,9,5400,0,3,5,,2,010,"AVENUE 208","ROAD 188",0.00,,Y,A,-,N,,,,,,,,,,Y,4,0,2,2,A,-,09,21802,A,N,D,C,A,A,H,-,A,A,0,,,,,Y,,D,22,0,0,2,0,0,0,0,0,0,"- ","- ",36.167251586914062,-119.15283966064453,TULARE,UNINCORPORATED,-119.15283966064453,36.167236328125
91506967,2021,2021-06-25,9480,2021-06-11,1850,016995,,5,2,9,5400,0,1,3,,2,095,"STATE ROUTE 99 N/B","AVENUE 80 PED OVERCROSSING",680.00,N,N,A,-,Y,,,99,,,,,,N,Y,2,0,1,1,A,-,03,22350,,N,F,A,A,A,H,-,A,D,0,,,Y,,Y,,C,02,1,0,0,0,0,0,0,0,1,"- ","- ",35.937511444091797,-119.28633117675781,TULARE,UNINCORPORATED,-119.28626251220703,35.937538146972656
91507893,2021,2021-06-28,9480,2021-06-16,0740,016240,,3,1,9,5400,0,1,3,,2,093,"SR-99 N/B","DRIVE 92B",2746.00,S,N,A,-,Y,,,99,,,,,,N,Y,4,0,1,3,A,-,03,22350,,N,C,C,A,A,H,-,A,D,0,,,,Y,Y,,E,22,0,0,1,0,0,0,0,0,0,"- ","- ",36.259700775146484,-119.36006927490234,TULARE,UNINCORPORATED,-119.35989379882812,36.25982666015625
91509628,2021,2021-06-30,9480,2021-06-17,1220,016233,,4,1,9,5400,0,3,5,,2,003,"AVE. 152","RD. 128",2640.00,E,N,A,-,N,,,,,,,,,,Y,3,0,1,2,A,-,03,22350,,N,A,C,A,A,H,-,A,D,0,,,,,Y,,A,01,0,1,0,0,0,0,0,0,0,"- ","- ",36.065731048583984,-119.27543640136719,TULARE,UNINCORPORATED,-119.27706909179688,36.065696716308594
91510220,2021,2021-06-30,9480,2021-06-20,1730,019697,,7,2,4,5406,0,1,3,,2,093,"SR-99 S/B TO BLACKSTONE ST.","BLACKSTONE ST.",528.00,E,N,A,-,Y,,,99,,,,R,,S,Y,2,0,1,1,A,-,08,22107,,N,F,A,A,A,H,-,A,D,0,,,Y,,Y,,C,02,1,0,0,0,0,0,0,0,1,"- ","- ",36.183368682861328,-119.3291015625,TULARE,TULARE,-119.3291015625,36.183368682861328
91510838,2021,2021-07-01,9480,2021-06-21,2015,019697,,1,2,9,5400,0,1,3,,1,030,SR-137,"ROAD 56",528.00,E,N,A,-,Y,,,,,,,,,,Y,3,0,1,2,A,-,03,22350,,N,C,C,A,A,H,-,D,D,0,,,,,Y,,A,01,0,1,0,0,0,0,0,0,0,"- ","- ",36.263111114501953,-119.44613647460938,TULARE,UNINCORPORATED,-119.44644927978516,36.203102111816406
91510857,2021,2021-07-01,9481,2021-06-20,1710,021227,,7,2,4,5405,0,3,5,,2,030,"ROAD 192","AVENUE 120",2650.00,S,N,A,-,N,,,,,,,,,,N,4,0,1,1,A,-,08,22107,,N,E,I,A,A,H,-,A,D,0,,,,,Y,,A,01,0,0,1,0,0,0,0,0,0,"- ","- ",36.003059387207031,-119.14353942871094,TULARE,PORTERVILLE,-119.14344024658203,36.000759124755859
91511366,2021,2021-07-01,9480,2021-06-28,2256,020612,,1,3,9,5400,0,1,3,,1,021,"STATE ROUTE 201 (AVENUE 400)","STATE ROUTE 63 (ROAD 128)",0.00,,Y,A,-,Y,,,201,,,,,,,Y,3,0,2,2,A,-,12,22450,A,N,D,C,A,A,H,-,D,A,0,,,,,Y,,A,01,0,1,1,0,0,0,0,0,0,"- ","- ",36.515731811523438,-119.28668975830078,TULARE,UNINCORPORATED,-119.28673553466797,36.515785217285156
91511945,2021,2021-07-02,9480,2021-06-21,1721,021249,,1,2,9,5400,0,1,3,,1,051,"SR-43 (CENTRAL VALLEY HWY)","AVENUE 56",0.00,,Y,A,-,Y,,,,,,,,,,Y,3,0,2,2,A,-,12,22450,A,N,D,C,A,A,H,-,A,A,0,,,,,Y,,A,01,0,2,0,0,0,0,0,0,0,"- ","- ",35.532890319824219,-119.24192047119141,TULARE,UNINCORPORATED,-119.40534210205078,35.891361236572266
91512877,2021,2021-07-05,9481,2021-06-28,1810,018113,,1,2,9,5400,0,1,3,,1,012,"SOUTHBOUND STATE ROUTE 65","AVENUE 196",354.00,S,N,A,-,Y,,,65,,,,,,,N,4,0,1,2,A,-,03,22350,,N,C,C,A,A,H,-,A,A,0,,,,,Y,,E,22,0,0,1,0,0,0,0,0,0,"- ","- ",36.14447021484375,-119.07199859619141,TULARE,UNINCORPORATED,-119.07194519042969,36.144496917724609
91513433,2021,2021-07-06,9480,2021-06-20,1905,016995,,7,2,9,5400,0,3,5,,2,002,"AVENUE 432","ROAD 80",1056.00,E,N,A,-,N,,,,,,,,,,Y,2,0,2,1,A,-,08,22107,,N,E,I,A,A,H,-,A,D,0,,,,,Y,,A,01,1,0,1,0,0,0,0,0,0,"- ","- ",36.574798583984375,-119.38636779785156,TULARE,UNINCORPORATED,-119.39145660400391,36.574878692626953
91513943,2021,2021-07-06,9480,2021-06-21,1610,016995,,1,2,9,5400,0,3,5,,2,006,"YOKOHL DRIVE","AVENUE 294",4752.00,S,N,A,-,N,,,,,,,,,,Y,4,0,1,1,A,-,08,22107,,N,E,I,A,A,H,-,A,D,0,,,,,Y,,A,01,0,0,1,0,0,0,0,0,0,"- ","- ",36.309791564941406,-119.06993103027344,TULARE,UNINCORPORATED,-119.06974792480469,36.309242248535156
91514554,2021,2021-07-07,9480,2021-06-25,1335,017291,,5,1,9,5400,0,3,5,,2,001,"AVENUE 304","ROAD 64",0.00,,Y,A,-,N,,,,,,,,,,Y,4,0,1,2,A,-,09,21802,A,N,D,C,A,A,H,-,A,A,0,,,,,Y,,A,07,0,0,1,0,0,0,0,0,0,"- ","- ",36.341678619384766,-119.43038940429688,TULARE,UNINCORPORATED,-119.43039703369141,36.341701507568359
91514604,2021,2021-07-07,9480,2021-06-27,2216,020060,,7,3,9,5400,0,3,5,,2,002,"AVENUE 416","STATE ROUTE 63 (ROAD 128)",194.00,E,N,A,-,N,,,,,,,,,,Y,3,0,1,1,A,-,08,22107,,N,E,I,A,A,H,-,C,D,0,,,,,Y,,A,01,0,1,0,0,0,0,0,0,0,"- ","- ",36.544601440429688,-119.28611755371094,TULARE,UNINCORPORATED,,
91514740,2021,2021-07-07,9480,2021-06-29,0435,019427,,2,3,9,5400,0,3,5,,2,006,"STATE ROUTE 65","AVENUE 256",500.00,N,N,A,-,Y,,,65,,,,,,,N,3,0,1,2,A,-,11,21956,A,N,G,C,E,A,H,-,D,D,0,Y,,,,Y,,N,60,0,1,0,0,1,0,0,0,0,"- ","- ",36.255870819091797,-119.13636779785156,TULARE,UNINCORPORATED,-119.13634490966797,36.255870819091797
91515016,2021,2021-07-08,9480,2021-07-01,0515,016046,,4,3,9,5400,0,3,5,,2,006,"ROAD 172","COTTONWOOD CREEK",3749.00,N,N,A,-,N,,,,,,,,,,Y,4,0,1,2,A,-,03,22350,,N,C,C,A,A,H,-,D,D,0,,,,,Y,,D,22,0,0,1,0,0,0,0,0,0,"- ","- ",36.449600219726562,-119.18859100341797,TULARE,UNINCORPORATED,,
91515054,2021,2021-07-07,9480,2021-07-01,0525,015282,,4,3,9,5400,0,3,5,,2,002,"AVENUE 384","STATE ROUTE3 63",216.00,W,N,A,-,N,,,,,,,,,,Y,4,0,2,2,A,-,03,22350,,N,C,C,A,A,H,-,B,A,0,,,,,Y,,A,01,0,0,2,0,0,0,0,0,0,"- ","- ",36.486778259277344,-119.28791809082031,TULARE,UNINCORPORATED,,
91515847,2021,2021-07-08,9480,2021-06-26,2320,019828,,6,3,9,5400,0,3,5,,2,002,"AVE. 408","RD. 104",0.00,,Y,A,-,N,,,,,,,,,,Y,2,0,1,2,A,-,01,23152,G,N,D,C,A,A,H,-,D,A,0,,,,,Y,Y,A,01,1,0,0,0,0,0,0,0,0,"- ","- ",36.530769348144531,-119.34052276611328,TULARE,UNINCORPORATED,-119.34053039550781,36.530704498291016
91515868,2021,2021-07-08,9481,2021-07-04,1250,021175,,7,1,9,5400,0,3,5,,2,010,"STATE ROUTE 65","ROAD 196",100.00,E,N,A,-,Y,,,65,,,,,,,Y,4,0,2,2,A,-,09,21804,A,N,D,C,A,A,H,-,A,D,0,,,,,Y,,D,22,0,0,2,0,0,0,0,0,0,"- ","- ",36.210739135742188,-119.13430786132812,TULARE,UNINCORPORATED,-119.13430786132812,36.2108154296875
91517010,2021,2021-07-09,9480,2021-07-04,0725,016240,,7,1,9,5400,0,3,5,,2,003,"AVENUE 232","ROAD 56",1795.00,W,N,A,-,N,,,,,,,,,,Y,4,0,2,1,A,-,08,22107,,N,F,J,A,A,H,-,A,D,0,,,,,Y,,A,01,0,0,2,0,0,0,0,0,0,"- ","- ",36.21044921875,-119.45417022705078,TULARE,UNINCORPORATED,-119.45423126220703,36.210487365722656
91517946,2021,2021-07-12,9480,2021-07-04,1100,016233,,7,1,9,5400,0,3,5,,2,003,"J ST.","CARTMILL AVE. OVERCROSSING",5280.00,N,N,A,-,N,,,,,,,,,,Y,3,0,1,2,A,-,09,21801,A,N,D,C,A,A,H,-,A,D,0,,,,,Y,,A,01,0,1,0,0,0,0,0,0,0,"- ","- ",36.253509521484375,-119.35839080810547,TULARE,UNINCORPORATED,-119.35363006591797,36.232463836669922
91517974,2021,2021-07-12,9480,2021-07-04,1820,019846,,7,2,9,5400,0,3,5,,2,002,"AVENUE 416","DAVID ROAD",24.00,E,N,A,-,N,,,,,,,,,,Y,4,0,1,2,A,-,03,22350,,N,C,C,A,A,H,-,A,D,0,,,,,Y,,A,01,0,0,1,0,0,0,0,0,0,"- ","- ",36.544811248779297,-119.29241943359375,TULARE,UNINCORPORATED,,
91518019,2021,2021-07-12,9480,2021-07-04,2137,021249,,7,2,9,5400,0,1,3,,1,045,"SR-245 (AVENUE 314)","SR-245 (ROAD 204)",27.00,E,N,A,-,Y,,,245,,,,,,,Y,3,0,5,1,A,-,03,22350,,N,E,I,A,A,H,-,D,A,0,,,,,Y,,A,07,0,2,3,0,0,0,0,0,0,"- ","- ",36.358699798583984,-119.11627960205078,TULARE,UNINCORPORATED,-119.11619567871094,36.358551025390625
91518178,2021,2021-07-12,9480,2021-07-05,2213,021249,,1,3,9,5400,0,1,3,,1,030,"SR-137 (AVENUE199)","ROAD 36",40.00,W,N,A,-,Y,,,,,,,,,,Y,3,0,1,1,A,-,03,22350,,N,F,A,A,A,H,-,C,A,0,,,,,Y,,A,01,0,1,0,0,0,0,0,0,0,"- ","- ",36.150279998779297,-119.49343872070312,TULARE,UNINCORPORATED,-119.49308776855469,36.150482177734375
91518194,2021,2021-07-12,9480,2021-07-07,1215,016233,,3,1,9,5400,0,3,5,,2,006,"ANDERSON RD.","AVE. 288",1584.00,S,N,A,-,N,,,,,,,,,,Y,4,0,1,2,A,-,03,22350,,N,C,C,A,A,H,-,A,D,0,,,,Y,Y,,D,22,0,0,1,0,0,0,0,0,0,"- ","- ",36.307071685791016,-119.17141723632812,TULARE,UNINCORPORATED,-119.17135620117188,36.3076171875
91518318,2021,2021-07-12,9481,2021-07-06,1035,021175,,2,1,9,5400,0,3,5,,2,010,"ROAD 220","AVENUE 216",0.00,,Y,A,-,N,,,,,,,,,,Y,4,0,3,2,A,-,12,22450,A,N,D,C,A,A,H,-,A,A,0,,,,,Y,,D,22,0,0,3,0,0,0,0,0,0,"- ","- ",36.181781768798828,-119.08184051513672,TULARE,UNINCORPORATED,,
91518417,2021,2021-07-12,9480,2021-07-01,1835,020273,,4,2,9,5400,0,3,5,,2,006,"AVENUE 288","ROAD 168",3360.00,E,N,A,-,N,,,,,,,,,,Y,2,0,1,1,A,-,01,23152,A,N,E,I,A,A,H,-,A,D,0,,,,,Y,Y,A,01,1,0,0,0,0,0,0,0,0,"- ","- ",,,TULARE,UNINCORPORATED,-119.18675231933594,36.312110900878906
91518461,2021,2021-07-12,9480,2021-07-07,1405,019048,,3,2,9,5400,0,1,3,,1,065,SR-65,"AVENUE 256",0.00,,Y,A,-,Y,,,65,,,,,,,Y,4,0,1,2,A,-,09,21802,A,N,D,C,A,A,H,-,A,A,0,,,,,Y,,A,08,0,0,1,0,0,0,0,0,0,"- ","- ",36.253589630126953,-119.1363525390625,TULARE,UNINCORPORATED,-119.13638305664062,36.253589630126953
91518476,2021,2021-07-12,9480,2021-07-07,1720,019846,,3,2,9,5400,0,3,5,,2,005,"ALFALFA ROAD","LINCOLN AVENUE",35.00,S,N,A,-,N,,,,,,,,,,N,4,0,1,1,C,-,18,,,N,E,I,A,A,H,-,A,A,0,,,,,Y,,-,"- ",0,0,1,0,0,0,0,0,0,"- ","- ",35.883831024169922,-119.27841949462891,TULARE,UNINCORPORATED,-119.27839660644531,35.883834838867188
91518727,2021,2021-07-13,9480,2021-07-01,1305,015282,,4,1,9,5400,0,3,5,,2,002,"STATE ROUTE 201 (AVENUE 400)","ROAD 88",0.00,,Y,A,-,Y,,,201,,,,,,,Y,3,0,1,2,A,-,12,22450,A,N,A,C,A,A,H,-,A,A,0,,,,,Y,,A,07,0,1,0,0,0,0,0,0,0,"- ","- ",36.516651153564453,-119.37664794921875,TULARE,UNINCORPORATED,-119.37664794921875,36.516613006591797
91519084,2021,2021-07-13,9480,2021-05-17,2040,017311,,1,2,9,5400,0,3,5,,2,002,"AVENUE 416  (E. EL MONTE WAY)","ROAD 125",144.00,W,N,A,-,N,,,,,,,,,,N,1,1,0,2,A,-,11,21956,A,N,G,B,E,A,H,-,D,D,0,Y,,,,Y,Y,N,60,0,0,0,1,0,0,0,0,0,"- ","- ",36.544898986816406,-119.29416656494141,TULARE,UNINCORPORATED,,