CASE_ID,ACCIDENT_YEAR,PROC_DATE,JURIS,COLLISION_DATE,COLLISION_TIME,OFFICER_ID,REPORTING_DISTRICT,DAY_OF_WEEK,CHP_SHIFT,POPULATION,CNTY_CITY_LOC,SPECIAL_COND,BEAT_TYPE,CHP_BEAT_TYPE,CITY_DIVISION_LAPD,CHP_BEAT_CLASS,BEAT_NUMBER,PRIMARY_RD,SECONDARY_RD,DISTANCE,DIRECTION,INTERSECTION,WEATHER_1,WEATHER_2,STATE_HWY_IND,CALTRANS_COUNTY,CALTRANS_DISTRICT,STATE_ROUTE,ROUTE_SUFFIX,POSTMILE_PREFIX,POSTMILE,LOCATION_TYPE,RAMP_INTERSECTION,SIDE_OF_HWY,TOW_AWAY,COLLISION_SEVERITY,NUMBER_KILLED,NUMBER_INJURED,PARTY_COUNT,PRIMARY_COLL_FACTOR,PCF_CODE_OF_VIOL,PCF_VIOL_CATEGORY,PCF_VIOLATION,PCF_VIOL_SUBSECTION,HIT_AND_RUN,TYPE_OF_COLLISION,MVIW,PED_ACTION,ROAD_SURFACE,ROAD_COND_1,ROAD_COND_2,LIGHTING,CONTROL_DEVICE,CHP_ROAD_TYPE,PEDESTRIAN_ACCIDENT,BICYCLE_ACCIDENT,MOTORCYCLE_ACCIDENT,TRUCK_ACCIDENT,NOT_PRIVATE_PROPERTY,ALCOHOL_INVOLVED,STWD_VEHTYPE_AT_FAULT,CHP_VEHTYPE_AT_FAULT,COUNT_SEVERE_INJ,COUNT_VISIBLE_INJ,COUNT_COMPLAINT_PAIN,COUNT_PED_KILLED,COUNT_PED_INJURED,COUNT_BICYCLIST_KILLED,COUNT_BICYCLIST_INJURED,COUNT_MC_KILLED,COUNT_MC_INJURED,PRIMARY_RAMP,SECONDARY_RAMP,LATITUDE,LONGITUDE,COUNTY,CITY,POINT_X,POINT_Y
91574372,2021,2021-09-20,9480,2021-09-10,0802,013914,,5,1,9,5400,0,3,5,,2,006,"AVENUE 256","ROAD 216",0.00,,Y,A,-,N,,,,,,,,,,Y,3,0,4,2,A,-,09,21802,A,N,D,C,A,A,H,-,A,A,0,,,,Y,Y,,F,26,0,3,1,0,0,0,0,0,0,"- ","- ",36.253688812255859,-119.09150695800781,TULARE,UNINCORPORATED,-119.09132385253906,36.253440856933594
91574428,2021,2021-09-20,9481,2021-09-11,1110,021183,,6,1,9,5400,0,1,3,,1,032,"ROAD 192","STATE ROUTE 190",650.00,S,N,A,-,N,,,,,,,,,,Y,3,0,1,2,A,-,08,22107,,F,B,C,A,A,H,-,A,D,0,,,,,Y,,A,01,0,1,0,0,0,0,0,0,0,"- ","- ",36.049449920654297,-119.14315795898438,TULARE,UNINCORPORATED,-119.14315032958984,36.049468994140625
91574465,2021,2021-09-20,9481,2021-09-13,1608,020238,,1,2,9,5400,0,3,5,,2,050,"ROAD 238","AVENUE 112",2112.00,S,N,A,-,N,,,,,,,,,,Y,4,0,1,2,A,-,03,22350,,N,C,C,A,A,H,-,A,D,0,,,,,Y,,A,01,0,0,1,0,0,0,0,0,0,"- ","- ",35.987491607666016,-119.04631042480469,TULARE,UNINCORPORATED,-119.04324340820312,35.993240356445312
91574614,2021,2021-09-20,9480,2021-09-11,0055,016240,,6,3,9,5400,0,3,5,,2,006,"ROAD 184","AVENUE 264",25.00,N,N,A,-,N,,,,,,,,,,Y,4,0,1,2,A,-,03,22350,,N,C,C,A,A,H,-,D,D,0,,,,,Y,Y,D,22,0,0,1,0,0,0,0,0,0,"- ","- ",36.268520355224609,-119.16325378417969,TULARE,UNINCORPORATED,-119.16313171386719,36.268478393554688
91574766,2021,2021-09-20,9481,2021-09-17,0650,015290,,5,1,9,5400,0,3,5,,2,030,"ROAD 160","AVENUE 48",0.00,,Y,A,-,N,,,,,,,,,,Y,4,0,3,2,A,-,09,21802,A,N,D,A,A,A,H,-,A,A,0,,,,,Y,,A,01,0,0,3,0,0,0,0,0,0,"- ","- ",35.877490997314453,-119.21472930908203,TULARE,UNINCORPORATED,-119.21475219726562,35.877475738525391
91575266,2021,2021-09-21,9480,2021-08-27,2245,018521,,5,3,9,5400,0,3,5,,2,001,"6TH ST","MERRITT DR",1584.00,S,N,A,-,N,,,,,,,,,,Y,3,0,1,2,A,-,05,21460,A,F,D,C,A,A,H,-,D,D,0,,,Y,,Y,,C,02,0,1,0,0,0,0,0,0,1,"- ","- ",36.449211120605469,-119.48642730712891,TULARE,UNINCORPORATED,,
91575273,2021,2021-09-21,9480,2021-09-09,0300,020612,,4,3,9,5400,0,1,3,,1,063,"STATE ROUTE 63","AVENUE 368",1090.00,N,N,A,-,Y,,,63,,,,,,,Y,3,0,1,1,A,-,01,23152,F,N,E,I,A,A,H,-,D,D,0,,,,,Y,Y,A,01,0,1,0,0,0,0,0,0,0,"- ","- ",36.460758209228516,-119.29530334472656,TULARE,UNINCORPORATED,-119.29537963867188,36.460762023925781
91575413,2021,2021-09-21,9481,2021-09-18,0625,019162,,6,1,9,5400,0,3,5,,2,030,"AVENUE 96","ROAD 208",0.00,,Y,A,-,N,,,,,,,,,,Y,4,0,2,2,A,-,12,22450,A,N,D,C,A,A,H,-,A,A,0,,,,,Y,,A,01,0,0,2,0,0,0,0,0,0,"- ","- ",35.964389801025391,-119.10749816894531,TULARE,UNINCORPORATED,-119.107421875,35.964286804199219
91575562,2021,2021-09-21,9481,2021-09-18,1430,019422,,6,2,9,5400,0,3,5,,2,010,"ROAD 168","AVENUE 192",0.00,,Y,A,-,N,,,,,,,,,,Y,3,0,1,2,A,-,12,22450,A,N,D,C,A,A,H,-,A,A,0,,,,,Y,,D,22,0,1,0,0,0,0,0,0,0,"- ","- ",36.138290405273438,-119.19645690917969,TULARE,UNINCORPORATED,-119.19670104980469,36.138259887695312
91577630,2021,2021-09-23,9480,2021-03-20,0455,017452,,6,3,9,5400,0,3,5,,2,003,"AVENUE 232","ROAD 68",105.00,W,N,B,-,N,,,,,,,,,,Y,2,0,2,2,A,-,01,23152,A,N,C,C,A,B,H,-,C,A,0,,,,Y,Y,Y,A,01,2,0,0,0,0,0,0,0,0,"- ","- ",36.210609436035156,-119.42108154296875,TULARE,UNINCORPORATED,-119.42146301269531,36.210811614990234
91577725,2021,2021-09-23,9481,2021-09-16,2230,020784,,4,3,9,5400,0,1,3,,1,037,"SR-65 SOUTHBOUND","AVENUE 012",745.00,S,N,A,-,Y,,,65,,,,,,S,Y,3,0,2,1,A,-,08,22107,,N,F,A,A,A,H,-,D,D,0,,,,,Y,,A,08,0,1,1,0,0,0,0,0,0,"- ","- ",35.810359954833984,-119.05357360839844,TULARE,UNINCORPORATED,-119.05355834960938,35.810359954833984
91577753,2021,2021-09-23,9481,2021-09-15,0615,015218,,3,1,9,5400,0,3,5,,2,030,"AVENUE 24","ROAD 176",0.00,,Y,A,-,N,,,,,,,,,,Y,4,0,2,3,A,-,09,21802,A,N,D,D,A,A,H,-,A,A,0,,,,,Y,,A,07,0,0,2,0,0,0,0,0,0,"- ","- ",35.834110260009766,-119.17893218994141,TULARE,UNINCORPORATED,-119.17900848388672,35.834121704101562
91577910,2021,2021-09-23,9481,2021-09-21,0700,018830,,2,1,9,5400,0,1,3,,1,032,"STATE ROUTE 190","ROAD 184",1056.00,W,N,A,-,Y,,,190,,,,,,,Y,4,0,1,2,A,-,05,21650,,N,A,C,A,A,H,-,A,D,0,,,,,Y,,A,01,0,0,1,0,0,0,0,0,0,"- ","- ",36.051338195800781,-119.16374969482422,TULARE,UNINCORPORATED,-119.16374969482422,36.051261901855469
91578875,2021,2021-09-24,9480,2021-09-19,1800,021175,,7,2,9,5400,0,1,3,,2,095,"STATE ROUTE 99","STATE ROUTE 190",4224.00,S,N,A,-,Y,,,99,,,,,,,Y,3,0,1,2,A,-,03,22350,,N,C,C,A,A,H,-,A,D,0,,,Y,,Y,,C,02,0,1,0,0,0,0,0,0,1,"- ","- ",36.038608551025391,-119.30947113037109,TULARE,UNINCORPORATED,-119.30950164794922,36.038604736328125
91578935,2021,2021-09-24,9480,2021-09-21,1445,019647,,2,2,4,5406,0,1,3,,1,060,SR-137,"ROAD 126",845.00,E,N,A,-,Y,,,,,,,,,,Y,3,0,2,3,A,-,08,22107,,N,B,C,A,A,H,-,A,D,0,,,,,Y,,D,22,0,2,0,0,0,0,0,0,0,"- ","- ",36.210918426513672,-119.28871917724609,TULARE,TULARE,-119.28875732421875,36.210914611816406
91579232,2021,2021-09-24,9480,2021-09-23,1749,018484,,4,2,9,5400,0,3,5,,2,005,"AVENUE 56 (SIERRA AVENUE)","ROAD 144 (KRAMER ROAD)",0.00,,Y,A,-,N,,,,,,,,,,Y,4,0,2,2,A,-,09,21801,A,N,A,C,A,A,H,-,A,D,0,,,,,Y,,A,01,0,0,2,0,0,0,0,0,0,"- ","- ",35.891899108886719,-119.25041198730469,TULARE,UNINCORPORATED,-119.25041961669922,35.891910552978516
91580816,2021,2021-09-27,9480,2021-09-26,0740,017108,,7,1,9,5400,0,3,5,,2,005,"ROAD 130","AVENUE 76",686.00,S,N,A,-,N,,,,,,,,,,Y,4,0,1,1,A,-,08,22107,,N,E,I,A,A,H,-,A,D,0,,,,,Y,,A,01,0,0,1,0,0,0,0,0,0,"- ","- ",35.925998687744141,-119.2813720703125,TULARE,UNINCORPORATED,-119.28141784667969,35.926170349121094
91582580,2021,2021-09-29,9480,2021-09-26,0850,016233,,7,1,9,5400,0,3,5,,2,006,"RD 204","AVE 256",0.00,,Y,A,-,N,,,,,,,,,,Y,4,0,1,2,A,-,12,22450,A,N,D,C,A,A,H,-,A,A,0,,,,,Y,,A,01,0,0,1,0,0,0,0,0,0,"- ","- ",36.253391265869141,-119.11836242675781,TULARE,UNINCORPORATED,-119.11837005615234,36.253402709960938
91582800,2021,2021-09-29,9480,2021-04-17,1827,020060,,6,2,9,5400,0,1,3,,2,095,"STATE ROUTE 99 NORTHBOUND","AVENUE 24",5280.00,S,N,A,-,Y,,,99,,,,,,N,Y,1,1,4,4,A,-,01,23152,A,N,B,C,A,A,H,-,A,D,0,,,Y,,Y,Y,D,22,2,2,0,0,0,0,0,1,1,"- ","- ",35.817779541015625,-119.25839996337891,TULARE,UNINCORPORATED,-119.25843048095703,35.817779541015625
91583028,2021,2022-03-14,9480,2021-08-29,0205,020612,,7,3,9,5400,0,1,3,,2,093,"STATE ROUTE 99 SOUTHBOUND","K STREET",2798.00,S,N,A,-,Y,,,99,,,,,,S,Y,1,1,1,2,A,-,03,22350,,N,C,C,A,A,H,-,D,D,0,,,,,Y,,A,01,0,0,1,0,0,0,0,0,0,"- ","- ",36.143688201904297,-119.32901763916016,TULARE,UNINCORPORATED,-119.32895660400391,36.143711090087891
91583688,2021,2021-09-30,9480,2021-09-23,0945,013914,,4,1,9,5400,0,1,3,,1,021,"STATE ROUTE 63","AVENUE 368",0.00,,Y,A,-,Y,,,63,,,,,,,Y,3,0,1,2,A,-,09,21802,A,N,D,C,A,A,H,-,A,A,0,,,,Y,Y,,A,01,0,1,0,0,0,0,0,0,0,"- ","- ",36.457721710205078,-119.29543304443359,TULARE,UNINCORPORATED,-119.29544830322266,36.457721710205078
91583728,2021,2021-09-30,9480,2021-09-28,0656,017108,,2,1,9,5400,0,3,5,,2,006,"AVENUE 288 (MARINETTE AVENUE)","ROAD 204",0.00,,Y,A,-,N,,,,,,,,,,Y,4,0,1,2,A,-,09,21802,A,N,D,C,A,A,H,-,B,A,0,,,,,Y,,A,07,0,0,1,0,0,0,0,0,0,"- ","- ",36.311138153076172,-119.11724853515625,TULARE,UNINCORPORATED,-119.11719512939453,36.311374664306641
91585733,2021,2021-10-01,9480,2021-09-23,0659,016046,,4,1,5,5407,0,1,3,,1,064,"STATE ROUTE 198 (EASTBOUND)","SHIRK ROAD",220.00,W,N,A,-,Y,,,198,,,,,,,Y,2,0,2,2,A,-,03,22350,,N,C,C,A,A,H,-,A,D,0,,,,,Y,,A,01,1,0,1,0,0,0,0,0,0,"- ","- ",36.327140808105469,-119.36856842041016,TULARE,VISALIA,-119.36856842041016,36.327186584472656
91589168,2021,2021-10-06,9480,2021-09-25,1025,016723,,6,1,9,5400,0,3,5,,2,002,"ROAD 104","AVENUE 388",246.00,N,N,A,-,N,,,,,,,,,,Y,3,0,1,3,A,-,01,23152,A,N,F,A,A,A,H,-,A,D,0,,,,,Y,Y,D,22,0,1,0,0,0,0,0,0,0,"- ","- ",36.495029449462891,-119.34008026123047,TULARE,UNINCORPORATED,-119.34064483642578,36.495193481445312
91589184,2021,2021-10-06,9480,2021-09-28,0850,018202,,2,1,9,5400,0,3,5,,2,005,"AVE 56","RD 88",3168.00,W,N,A,-,N,,,,,,,,,,Y,4,0,1,1,A,-,08,22107,,N,F,A,A,A,H,-,A,D,0,,,,Y,Y,,G,25,0,0,1,0,0,0,0,0,0,"- ","- ",35.891571044921875,-119.38567352294922,TULARE,UNINCORPORATED,-119.38627624511719,35.891567230224609
91589420,2021,2021-11-24,9480,2021-09-29,1820,019647,,3,2,9,5400,0,1,3,,2,091,"SR-137 E/B","ROAD 188",0.00,,Y,A,-,Y,,,137,,,,,,E,Y,3,0,2,2,A,-,09,21802,A,N,D,C,A,A,H,-,B,A,0,,,,,Y,,A,01,0,2,0,0,0,0,0,0,0,"- ","- ",36.210750579833984,-119.15406799316406,TULARE,UNINCORPORATED,-119.15406799316406,36.210784912109375
91589449,2021,2021-10-06,9480,2021-09-29,1822,019349,,3,2,9,5400,0,3,5,,2,006,"AVENUE 280","ROAD 156",377.00,E,N,A,-,N,,,,,,,,,,Y,2,0,1,2,A,-,03,22350,,N,C,C,A,A,H,-,A,A,0,,,,,Y,,D,22,1,0,0,0,0,0,0,0,0,"- ","- ",36.297100067138672,-119.22354888916016,TULARE,UNINCORPORATED,-119.22360992431641,36.297870635986328
91589490,2021,2021-10-06,9480,2021-09-21,1510,019697,,2,2,9,5400,0,1,3,,1,032,SR-190,"ROAD 120 (CALLISON RD)",0.00,,Y,A,-,Y,,,190,,,,,,,Y,2,0,3,2,A,-,09,21802,A,N,D,C,A,A,H,-,A,A,0,,,,,Y,,A,07,2,0,1,0,0,0,0,0,0,"- ","- ",36.051280975341797,-119.30381011962891,TULARE,UNINCORPORATED,-119.30381011962891,36.051284790039062
91589499,2021,2021-10-06,9480,2021-09-30,0800,016233,,4,1,9,5400,0,1,3,,1,060,SR-137,"OAKMORE ST",0.00,,Y,A,-,Y,,,137,,,,,,,Y,4,0,1,2,A,-,09,21802,A,N,D,C,A,A,H,-,A,A,0,,,,,Y,,A,01,0,0,1,0,0,0,0,0,0,"- ","- ",36.210899353027344,-119.29611968994141,TULARE,UNINCORPORATED,-119.29611968994141,36.210891723632812
91590791,2021,2021-10-07,9481,2021-10-01,1115,019162,,5,1,9,5400,0,1,3,,1,054,"STATE ROUTE 190","MOUNTAIN ROAD 189A (RIO VISTA DRIVE)",5808.00,E,N,B,-,Y,,,190,,,,,,,Y,2,0,1,1,A,-,03,22350,,N,E,I,A,A,H,-,A,A,0,,,Y,,Y,,C,02,1,0,0,0,0,0,0,0,1,"- ","- ",36.144748687744141,-118.76258087158203,TULARE,UNINCORPORATED,-118.76258087158203,36.144748687744141
91590858,2021,2021-10-07,9480,2021-10-04,1900,018521,,1,2,9,5400,0,1,3,,2,091,"SR-99 N/B","MERRITT DR",5808.00,S,N,A,-,Y,,,99,,,,,,N,Y,4,0,2,1,A,-,08,22107,,N,E,I,A,A,H,-,D,D,0,,,,,Y,,A,01,0,0,2,0,0,0,0,0,0,"- ","- ",36.438701629638672,-119.47905731201172,TULARE,UNINCORPORATED,-119.47899627685547,36.438747406005859
91590899,2021,2021-10-07,9480,2021-09-28,0805,016723,,2,1,9,5400,0,1,3,,1,034,"STATE ROUTE 198","ROAD 56",380.00,W,N,A,-,N,,,198,,,,,,,Y,3,0,1,2,A,-,03,22350,,N,C,C,A,A,H,-,A,D,0,,,,,Y,,A,01,0,1,0,0,0,0,0,0,0,"- ","- ",36.327648162841797,-119.44975280761719,TULARE,UNINCORPORATED,-119.44975280761719,36.327350616455078
91591479,2021,2021-10-08,9481,2021-10-05,1625,020238,,2,2,9,5400,0,1,3,,1,037,"STATE ROUTE 65","AVENUE 95",40.00,S,N,A,-,Y,,,65,,,,,,,N,4,0,2,2,A,-,03,22350,,N,C,C,A,A,H,-,A,A,0,,,,,Y,,A,01,0,0,2,0,0,0,0,0,0,"- ","- ",35.962329864501953,-119.05359649658203,TULARE,UNINCORPORATED,-119.05355834960938,35.962329864501953
91591597,2021,2021-10-08,9481,2021-10-06,0945,018830,,3,1,4,5405,0,1,3,,1,053,"STATE ROUTE 190 WESTBOUND","MAIN STREET",152.00,E,N,A,-,Y,,,190,,,,,,W,Y,4,0,2,3,A,-,03,22350,,N,C,C,A,A,H,-,A,D,0,,,,Y,Y,,F,26,0,0,2,0,0,0,0,0,0,"- ","- ",36.051139831542969,-119.0164794921875,TULARE,PORTERVILLE,-119.0164794921875,36.051101684570312
91592052,2021,2021-10-08,9480,2021-07-17,1222,016723,,6,1,5,5407,0,1,3,,1,064,"STATE ROUTE 198 EASTBOUND","BEN MADDOX WAY",410.00,W,N,A,-,Y,,,198,,,,,,E,Y,1,1,0,1,A,-,08,22107,,N,E,I,A,A,H,-,A,D,0,,,,,Y,,A,01,0,0,0,0,0,0,0,0,0,"- ","- ",36.326610565185547,-119.28015899658203,TULARE,VISALIA,-119.28014373779297,36.326835632324219
91592096,2021,2021-10-08,9480,2021-09-30,1455,017291,,4,2,9,5400,0,1,3,,1,020,"STATE ROUTE 201 (AVE 400)","ROAD 40",0.00,,Y,A,-,Y,,,201,,,,,,,Y,4,0,1,2,A,-,09,21801,A,N,A,C,A,A,H,-,A,D,0,,,,,Y,,A,01,0,0,1,0,0,0,0,0,0,"- ","- ",36.517620086669922,-119.48471069335938,TULARE,UNINCORPORATED,-119.48471069335938,36.517620086669922
91593220,2021,2021-10-11,9480,2021-10-08,1335,016995,,5,1,5,5407,0,1,3,,1,064,"STATE ROUTE 198 (EB) TO DEMAREE STREET","CHINOWTH ST",440.00,E,N,A,-,Y,,,198,,,,R,,,N,4,0,3,2,A,-,03,22350,,N,C,C,A,A,H,-,A,A,0,,,,,Y,,D,22,0,0,3,0,0,0,0,0,0,"- ","- ",36.327068328857422,-119.33453369140625,TULARE,VISALIA,-119.33453369140625,36.327068328857422
91594137,2021,2021-10-12,9480,2021-09-27,1610,019846,,1,2,9,5400,0,3,5,,2,002,"ROAD 120","ACEVES AVENUE",1022.00,S,N,B,-,N,,,,,,,,,,Y,3,0,4,3,A,-,01,23152,A,N,A,C,A,A,H,-,A,D,0,,,,,Y,Y,D,22,0,2,2,0,0,0,0,0,0,"- ","- ",36.534420013427734,-119.30497741699219,TULARE,UNINCORPORATED,-119.30495452880859,36.534435272216797
91594868,2021,2021-10-13,9481,2021-10-06,2015,021227,,3,2,9,5400,0,3,5,,2,050,"E. DATE AVENUE","S. RUTH STREET",414.00,E,N,A,-,N,,,,,,,,,,Y,4,0,1,1,A,-,01,23152,G,N,E,I,A,A,H,-,D,D,0,,,,,Y,Y,A,08,0,0,1,0,0,0,0,0,0,"- ","- ",36.057510375976562,-118.99196624755859,TULARE,UNINCORPORATED,-118.99198150634766,36.057460784912109
91596196,2021,2021-10-14,9480,2021-10-04,2235,020612,,1,3,9,5400,0,1,3,,1,064,"SR-198 AT SR-245","STATE ROUTE 245",0.00,,Y,A,-,Y,,,198,,,,R,,,Y,3,0,3,2,A,-,09,21453,C,N,D,C,A,A,H,-,C,A,0,,,,,Y,,A,01,0,1,2,0,0,0,0,0,0,"- ","- ",36.325859069824219,-119.11696624755859,TULARE,UNINCORPORATED,-119.11696624755859,36.325859069824219
91596615,2021,2021-10-14,9481,2021-10-12,0415,019149,,2,3,9,5400,0,2,S,,2,301,"RICHGROVE DR","GROVE DR",35.00,S,N,A,-,N,,,,,,,,,,Y,4,0,1,2,A,-,09,21801,A,N,D,C,A,A,H,-,D,D,0,,,,,Y,,D,22,0,0,1,0,0,0,0,0,0,"- ","- ",35.800331115722656,-119.10854339599609,TULARE,UNINCORPORATED,-119.35066986083984,36.337421417236328
91596731,2021,2021-10-14,9481,2021-10-14,0940,016776,,4,1,9,5400,0,3,5,,2,010,"AVENUE 208","ROAD 216",0.00,,Y,A,-,N,,,,,,,,,,Y,2,0,2,2,A,-,09,21802,A,N,D,D,A,A,H,-,A,A,0,,,,,Y,,A,01,1,1,0,0,0,0,0,0,0,"- ","- ",36.167198181152344,-119.09037017822266,TULARE,UNINCORPORATED,-119.09037780761719,36.167182922363281
91597459,2021,2021-10-15,9480,2021-10-02,2210,020612,,6,3,9,5400,0,1,3,,1,021,"STATE ROUTE 63 (ROAD 124)","AVENUE 324",0.00,,Y,A,-,Y,,,63,,,,,,,Y,4,0,1,2,A,-,05,21752,D,M,D,C,A,A,H,-,D,D,0,,,,,Y,,-,99,0,0,1,0,0,0,0,0,0,"- ","- ",36.378318786621094,-119.29685211181641,TULARE,UNINCORPORATED,-119.29688262939453,36.378318786621094
91598001,2021,2021-10-15,9480,2021-10-12,1305,018202,,2,1,9,5400,0,1,3,,2,095,SR-99,"SR-190 (AVE. 144)",260.00,S,N,A,-,Y,,,99,,,,,,,Y,4,0,1,2,C,-,18,,,N,E,C,A,A,H,-,A,D,0,,,,,Y,,-,"- ",0,0,1,0,0,0,0,0,0,"- ","- ",36.050521850585938,-119.31104278564453,TULARE,UNINCORPORATED,-119.31105041503906,36.050521850585938
91598722,2021,2021-10-18,9481,2021-10-11,1615,021227,,1,2,9,5400,0,3,5,,2,030,"ROAD 152","AVENUE 8",0.00,,Y,A,G,N,,,,,,,,,,Y,4,0,2,2,A,-,09,21802,A,N,D,C,A,A,H,-,A,A,0,,,,,Y,,A,08,0,0,2,0,0,0,0,0,0,"- ","- ",35.804981231689453,-119.232421875,TULARE,UNINCORPORATED,-119.23242950439453,35.804950714111328
91599085,2021,2021-10-18,9480,2021-10-12,2500,013914,,2,4,9,5400,0,3,5,,2,002,"AVENUE 416","ROAD 108",581.00,E,N,A,-,N,,,,,,,,,,Y,3,0,1,1,A,-,08,22107,,N,E,I,A,A,H,-,B,D,0,,,,,Y,,A,01,0,1,0,0,0,0,0,0,0,"- ","- ",36.545261383056641,-119.32614135742188,TULARE,UNINCORPORATED,,
91600261,2021,2021-10-19,9480,2021-10-15,1850,020273,,5,2,9,5400,0,3,5,,2,006,"AVENUE 280","ROAD 148",1857.00,E,N,A,-,N,,,,,,,,,,N,3,0,1,3,A,-,11,21954,A,N,G,B,D,A,H,-,D,D,0,Y,,,,Y,,N,60,0,1,0,0,1,0,0,0,0,"- ","- ",36.298149108886719,-119.23632049560547,TULARE,UNINCORPORATED,-119.23671722412109,36.298141479492188
91601310,2021,2021-10-20,9480,2021-10-16,1542,019846,,6,2,9,5400,0,3,5,,2,002,"AVENUE 328","ROAD 92",1038.00,E,N,E,-,N,,,,,,,,,,Y,2,0,1,3,A,-,03,22350,,N,D,C,A,A,H,-,A,D,0,,,,,Y,,D,22,1,0,0,0,0,0,0,0,0,"- ","- ",36.385398864746094,-119.36460876464844,TULARE,UNINCORPORATED,-119.36447906494141,36.385395050048828
91602432,2021,2021-10-21,9481,2021-10-16,2300,020784,,6,3,9,5400,0,1,3,,1,012,"STATE ROUTE 65","HENDERSON AVENUE",390.00,S,N,A,-,Y,,,,,,,,,,Y,3,0,1,1,A,-,01,23152,A,M,F,A,A,A,H,-,C,D,0,,,,,Y,Y,A,01,0,1,0,0,0,0,0,0,0,"- ","- ",36.078720092773438,-119.03975677490234,TULARE,UNINCORPORATED,-119.03905487060547,36.081829071044922
91602488,2021,2021-10-21,9480,2021-10-10,0205,018861,,7,3,9,5400,0,3,5,,2,001,"ROAD 68","AVENUE 304",528.00,N,N,A,-,N,,,,,,,,,,Y,3,0,1,1,A,-,01,23152,A,N,E,I,A,A,H,-,D,D,0,,,,,Y,Y,D,22,0,1,0,0,0,0,0,0,0,"- ","- ",36.343948364257812,-119.42223358154297,TULARE,UNINCORPORATED,-119.42140197753906,36.342151641845703
91604091,2021,2021-12-02,9480,2021-10-16,2040,019846,,6,2,9,5400,0,3,5,,2,002,"ROAD 130","AVENUE 412",0.00,,Y,A,-,N,,,,,,,,,,Y,4,0,1,2,A,-,12,22450,A,N,D,C,A,A,H,-,D,A,0,,,,,Y,,A,01,0,0,1,0,0,0,0,0,0,"- ","- ",36.537429809570312,-119.28237915039062,TULARE,UNINCORPORATED,-119.28244018554688,36.537425994873047
91604855,2021,2021-10-25,9481,2021-10-20,1030,021234,,3,1,9,5400,0,2,4,,1,021,"AVENUE 184","ORANGE BELT DRIVE",0.00,,Y,A,-,N,,,,,,,,,,Y,3,0,1,2,A,-,09,21802,A,N,D,C,A,A,H,-,A,A,0,,,,Y,Y,,G,25,0,1,0,0,0,0,0,0,0,"- ","- ",36.123600006103516,-119.04963684082031,TULARE,UNINCORPORATED,-119.04959869384766,36.123607635498047
91604994,2021,2021-10-25,9480,2021-10-17,2150,021249,,7,2,9,5400,0,3,5,,2,002,"AVENUE 416 (E. EL MONTE WAY)",SR-63,100.00,W,N,A,-,Y,,,,,,,,,,Y,4,0,1,2,A,-,08,22107,,N,B,E,A,A,H,-,C,D,0,,,,,Y,,A,07,0,0,1,0,0,0,0,0,0,"- ","- ",36.544708251953125,-119.28739929199219,TULARE,UNINCORPORATED,,
91606264,2021,2021-10-26,9480,2021-10-10,1750,020273,,7,2,9,5400,0,3,5,,2,005,"AVENUE 96","ROAD 112",456.00,E,N,A,-,N,,,,,,,,,,N,3,0,1,1,A,-,01,23152,A,N,F,A,A,A,H,-,A,D,0,,,,,Y,Y,D,22,0,1,0,0,0,0,0,0,0,"- ","- ",35.953281402587891,-119.31739807128906,TULARE,UNINCORPORATED,,
91607456,2021,2021-10-27,9480,2021-10-15,2350,020612,,5,3,9,5400,0,1,3,,2,091,"STATE ROUTE 99 NORTHBOUND","BETTY DRIVE",3995.00,N,N,A,-,Y,,,99,,,,,,N,Y,2,0,2,1,A,-,08,22107,,N,E,I,A,A,H,-,D,D,0,,,,,Y,,A,07,2,0,0,0,0,0,0,0,0,"- ","- ",36.361698150634766,-119.42874908447266,TULARE,UNINCORPORATED,-119.42890167236328,36.361656188964844
91607584,2021,2021-10-27,9480,2021-10-23,2116,018421,,6,2,9,5400,0,1,3,,1,020,"SR-201 (AVENUE 384)","ROAD 136",0.00,,Y,B,-,N,,,201,,,,,,,Y,4,0,2,2,A,-,03,22350,,N,C,C,A,A,H,-,D,D,0,,,,,Y,,A,01,0,0,2,0,0,0,0,0,0,"- ","- ",36.486469268798828,-119.26851654052734,TULARE,UNINCORPORATED,-119.26851654052734,36.486465454101562
91608546,2021,2021-10-28,9480,2021-10-16,2155,018861,,6,2,9,5400,0,3,5,,2,006,"ROAD 140","AVENUE 240",1008.00,S,N,A,-,N,,,,,,,,,,Y,3,0,2,2,A,-,08,22107,,N,D,C,A,A,H,-,D,D,0,,,,,Y,,A,01,0,2,0,0,0,0,0,0,0,"- ","- ",36.222999572753906,-119.26036834716797,TULARE,UNINCORPORATED,-119.26039123535156,36.2230224609375