CASE_ID,ACCIDENT_YEAR,PROC_DATE,JURIS,COLLISION_DATE,COLLISION_TIME,OFFICER_ID,REPORTING_DISTRICT,DAY_OF_WEEK,CHP_SHIFT,POPULATION,CNTY_CITY_LOC,SPECIAL_COND,BEAT_TYPE,CHP_BEAT_TYPE,CITY_DIVISION_LAPD,CHP_BEAT_CLASS,BEAT_NUMBER,PRIMARY_RD,SECONDARY_RD,DISTANCE,DIRECTION,INTERSECTION,WEATHER_1,WEATHER_2,STATE_HWY_IND,CALTRANS_COUNTY,CALTRANS_DISTRICT,STATE_ROUTE,ROUTE_SUFFIX,POSTMILE_PREFIX,POSTMILE,LOCATION_TYPE,RAMP_INTERSECTION,SIDE_OF_HWY,TOW_AWAY,COLLISION_SEVERITY,NUMBER_KILLED,NUMBER_INJURED,PARTY_COUNT,PRIMARY_COLL_FACTOR,PCF_CODE_OF_VIOL,PCF_VIOL_CATEGORY,PCF_VIOLATION,PCF_VIOL_SUBSECTION,HIT_AND_RUN,TYPE_OF_COLLISION,MVIW,PED_ACTION,ROAD_SURFACE,ROAD_COND_1,ROAD_COND_2,LIGHTING,CONTROL_DEVICE,CHP_ROAD_TYPE,PEDESTRIAN_ACCIDENT,BICYCLE_ACCIDENT,MOTORCYCLE_ACCIDENT,TRUCK_ACCIDENT,NOT_PRIVATE_PROPERTY,ALCOHOL_INVOLVED,STWD_VEHTYPE_AT_FAULT,CHP_VEHTYPE_AT_FAULT,COUNT_SEVERE_INJ,COUNT_VISIBLE_INJ,COUNT_COMPLAINT_PAIN,COUNT_PED_KILLED,COUNT_PED_INJURED,COUNT_BICYCLIST_KILLED,COUNT_BICYCLIST_INJURED,COUNT_MC_KILLED,COUNT_MC_INJURED,PRIMARY_RAMP,SECONDARY_RAMP,LATITUDE,LONGITUDE,COUNTY,CITY,POINT_X,POINT_Y
91609045,2021,2021-12-13,9480,2021-08-29,2015,016615,,7,2,9,5400,0,3,5,,2,004,"AVENUE 320","ROAD 138",368.00,E,N,A,-,N,,,,,,,,,,Y,1,1,0,1,A,-,01,23152,A,N,F,A,A,A,H,-,D,D,0,,,,,Y,Y,A,07,0,0,0,0,0,0,0,0,0,"- ","- ",36.370979309082031,-119.26389312744141,TULARE,UNINCORPORATED,-119.26419830322266,36.370960235595703
91611841,2021,2022-01-10,9481,2021-09-22,0225,021687,,3,3,9,5400,0,2,4,,1,035,"ORANGE BELT DRIVE","AVENUE 112",1320.00,S,N,A,-,N,,,,,,,,,,Y,1,1,1,2,A,-,01,23152,A,F,A,C,A,A,H,-,D,D,0,,,Y,,Y,Y,A,01,0,1,0,0,0,0,0,1,0,"- ","- ",35.988178253173828,-119.04609680175781,TULARE,UNINCORPORATED,-119.04519653320312,35.989986419677734
91614814,2021,2021-11-03,9480,2021-10-31,1840,016995,,7,2,9,5400,0,1,3,,1,060,"STATE ROUTE 137 (AVENUE 232)","ROAD 124",100.00,E,N,A,-,Y,,,,,,,,,,N,4,0,1,3,A,-,03,22350,,N,C,C,A,A,H,-,C,D,0,,,,,Y,,A,01,0,0,1,0,0,0,0,0,0,"- ","- ",36.210941314697266,-119.29592132568359,TULARE,UNINCORPORATED,,
91614834,2021,2021-11-04,9480,2021-11-02,0815,016046,,2,1,9,5400,0,1,3,,1,064,"STATE ROUTE 198 (WESTBOUND)","FARMERSVILLE BLVD.",344.00,W,N,A,-,Y,,,198,,,,,,,N,4,0,1,2,A,-,07,21658,A,N,B,C,A,A,H,-,A,D,0,,,,,Y,,A,07,0,0,1,0,0,0,0,0,0,"- ","- ",36.326801300048828,-119.2098388671875,TULARE,UNINCORPORATED,-119.2098388671875,36.326816558837891
91614839,2021,2021-11-03,9481,2021-10-25,1750,018113,,1,2,9,5400,0,3,5,,2,020,"E CITRUS STREET","S HARVARD AVENUE",0.00,,Y,A,-,N,,,,,,,,,,Y,4,0,2,2,A,-,12,22450,A,N,D,C,A,B,H,-,B,B,0,,,,,Y,,D,22,0,0,2,0,0,0,0,0,0,"- ","- ",36.181770324707031,-119.08184051513672,TULARE,UNINCORPORATED,-119.08184814453125,36.1817626953125
91615896,2021,2021-11-04,9480,2021-10-21,0230,018861,,4,3,9,5400,0,1,3,,2,091,"STATE ROUTE 99 (N/B)","MERRITT DRIVE",4382.00,N,N,A,-,Y,,,99,,,,,,,Y,2,0,2,2,A,-,03,22350,,F,C,C,A,A,H,-,D,D,0,,,,Y,Y,,A,01,2,0,0,0,0,0,0,0,0,"- ","- ",36.463729858398438,-119.49542999267578,TULARE,UNINCORPORATED,-119.49541473388672,36.463741302490234
91617202,2021,2021-11-05,9481,2021-10-23,1800,020901,,6,2,9,5400,0,1,3,,1,054,"GLOBE DRIVE","ROCKY OAKS DRIVE",13200.00,N,N,A,-,N,,,,,,,,,,Y,3,0,1,2,A,-,05,21650,,N,A,C,A,A,H,-,B,D,0,,,Y,,Y,,C,02,0,1,0,0,0,0,0,0,1,"- ","- ",36.093681335449219,-118.81169128417969,TULARE,UNINCORPORATED,,
91618430,2021,2021-11-08,9481,2021-10-24,1950,020901,,7,2,9,5400,0,2,4,,1,051,"SUCCESS DRIVE","HILLCREST STREET",0.00,,Y,A,-,N,,,,,,,,,,Y,4,0,1,2,A,-,08,22107,,N,A,C,A,A,H,-,B,D,0,,,,,Y,,A,01,0,0,1,0,0,0,0,0,0,"- ","- ",36.057838439941406,-118.990478515625,TULARE,UNINCORPORATED,,
91618486,2021,2021-11-08,9480,2021-10-25,0825,016723,,1,1,9,5400,0,1,3,,1,064,"STATE ROUTE 198","PLAZA DRIVE",625.00,W,N,B,C,Y,,,,,,,,,,Y,4,0,1,1,A,-,03,22350,,N,E,8,A,B,H,-,A,D,0,,,,,Y,,A,08,0,0,1,0,0,0,0,0,0,"- ","- ",36.327201843261719,-119.39253234863281,TULARE,UNINCORPORATED,-119.39203643798828,36.327381134033203
91618508,2021,2021-11-08,9480,2021-10-28,1340,017291,,4,1,9,5400,0,3,5,,2,002,"AVENUE 426","ROAD 56",2112.00,E,N,A,-,N,,,,,,,,,,Y,4,0,1,2,D,-,00,,,N,D,C,A,A,H,-,A,D,0,,,,,Y,,-,"- ",0,0,1,0,0,0,0,0,0,"- ","- ",36.564418792724609,-119.44194030761719,TULARE,UNINCORPORATED,-119.44155883789062,36.564437866210938
91619902,2021,2021-11-09,9480,2021-11-04,1823,021249,,4,2,9,5400,0,3,5,,2,005,"AVENUE 54","ROAD 46",0.00,,Y,A,-,N,,,,,,,,,,Y,3,0,2,2,A,-,08,22107,,N,D,C,A,A,H,-,D,D,0,,,,,Y,,A,01,0,1,1,0,0,0,0,0,0,"- ","- ",35.887580871582031,-119.46952819824219,TULARE,UNINCORPORATED,-119.46949005126953,35.887607574462891
91619926,2021,2021-11-09,9480,2021-10-30,0230,018421,,6,3,2,5408,0,1,3,,1,045,SR-245,"AVENUE 314",8.00,N,N,A,-,Y,,,,,,,,,,Y,3,0,1,1,A,-,01,23152,A,N,E,8,A,A,H,-,D,A,0,,,,,Y,Y,A,07,0,1,0,0,0,0,0,0,0,"- ","- ",36.358619689941406,-119.11627197265625,TULARE,WOODLAKE,-119.09848022460938,36.358390808105469
91621452,2021,2021-11-10,9480,2021-10-18,1353,018521,,1,1,9,5400,0,3,5,,2,002,"AVENUE 320","ROAD 92",2640.00,E,N,A,-,N,,,,,,,,,,Y,3,0,1,1,A,-,01,23152,G,M,E,I,A,A,H,-,A,D,0,,,,,Y,Y,A,01,0,1,0,0,0,0,0,0,0,"- ","- ",36.371078491210938,-119.35907745361328,TULARE,UNINCORPORATED,-119.35897827148438,36.370956420898438
91623220,2021,2021-11-12,9481,2021-11-10,0120,018830,,3,3,9,5400,0,1,3,,1,053,SR-190,"BALCH PARK RD",150.00,E,N,A,-,Y,,,190,,,,,,,Y,3,0,1,1,A,-,01,23152,A,M,F,A,A,A,H,-,D,D,0,,,,,Y,Y,A,01,0,1,0,0,0,0,0,0,0,"- ","- ",36.139179229736328,-118.80712890625,TULARE,UNINCORPORATED,-118.80712890625,36.139152526855469
91623313,2021,2021-11-12,9480,2021-11-05,2230,018521,,5,3,9,5400,0,3,5,,2,006,"AVENUE 192","ROAD 140",10560.00,W,N,A,-,N,,,,,,,,,,Y,3,0,1,2,A,-,05,21650,,N,B,C,A,A,H,-,C,D,0,,,,,Y,,D,22,0,1,0,0,0,0,0,0,0,"- ","- ",36.138351440429688,-119.26332855224609,TULARE,UNINCORPORATED,-119.29502105712891,36.138339996337891
91624295,2021,2021-11-15,9480,2021-11-08,0350,020612,,1,3,9,5400,0,3,5,,2,003,"ROAD 92","AVENUE 256",0.00,,N,A,-,N,,,,,,,,,,Y,4,0,1,1,A,-,08,22107,,N,E,I,A,A,H,-,D,D,0,,,,,Y,,A,01,0,0,1,0,0,0,0,0,0,"- ","- ",36.250881195068359,-119.36692810058594,TULARE,UNINCORPORATED,,
91624796,2021,2021-11-15,9480,2021-10-31,2115,021044,,7,2,9,5400,0,3,5,,2,005,"ROAD 128","AVENUE 88",2640.00,S,N,A,-,N,,,,,,,,,,Y,3,0,2,1,A,-,08,22107,,N,E,I,A,A,H,-,D,D,0,,,,,Y,,A,01,0,1,1,0,0,0,0,0,0,"- ","- ",35.941619873046875,-119.28588104248047,TULARE,UNINCORPORATED,-119.28592681884766,35.942516326904297
91624883,2021,2022-10-05,9480,2021-11-05,1445,016995,,5,2,9,5400,0,3,5,,2,001,"ROAD 28","AVENUE 416",0.00,,Y,A,-,N,,,,,,,,,,Y,3,0,2,2,A,-,01,23152,A,N,D,C,A,A,H,-,A,A,0,,,,,Y,Y,A,01,0,1,1,0,0,0,0,0,0,"- ","- ",36.546920776367188,-119.48986053466797,TULARE,UNINCORPORATED,,
91624906,2021,2021-11-15,9480,2021-10-30,1645,021044,,6,2,9,5400,0,3,5,,2,001,"ROAD 136","AVENUE 450",2.00,S,N,A,-,N,,,,,,,,,,Y,3,0,1,1,A,-,01,23152,A,N,E,I,A,A,H,-,A,A,0,,,,,Y,Y,D,22,0,1,0,0,0,0,0,0,0,"- ","- ",36.605960845947266,-119.26925659179688,TULARE,UNINCORPORATED,-119.26921081542969,36.606105804443359
91624963,2021,2021-11-15,9481,2021-11-07,1550,020238,,7,2,9,5400,0,2,4,,1,021,"AVENUE 194","ORANGE BELT DRIVE",0.00,,Y,A,-,N,,,,,,,,,,Y,4,0,1,2,A,-,09,21802,A,N,D,C,A,A,H,-,A,A,0,,,,,Y,,A,07,0,0,1,0,0,0,0,0,0,"- ","- ",36.141918182373047,-119.05909729003906,TULARE,UNINCORPORATED,-119.05914306640625,36.141910552978516
91625836,2021,2021-11-16,9480,2021-11-09,1300,017108,,2,1,9,5400,0,3,5,,2,006,"AVENUE 280","ROAD 156",245.00,W,N,A,-,N,,,,,,,,,,N,4,0,1,3,A,-,03,22350,,N,C,C,A,A,H,-,A,A,0,,,,,Y,,A,07,0,0,1,0,0,0,0,0,0,"- ","- ",36.297859191894531,-119.22579193115234,TULARE,UNINCORPORATED,-119.22572326660156,36.297885894775391
91625855,2021,2021-11-16,9480,2021-11-09,1402,019543,,2,2,9,5400,0,3,5,,2,002,"SR-63 (ROAD 128)","AVENUE 419",0.00,,Y,A,-,Y,,,63,,,,,,,Y,3,0,3,2,A,-,09,21802,A,N,D,C,A,A,H,-,A,A,0,,,,,Y,,A,01,0,2,1,0,0,0,0,0,0,"- ","- ",36.550308227539062,-119.28688049316406,TULARE,UNINCORPORATED,-119.28697204589844,36.550308227539062
91626416,2021,2021-11-16,9480,2021-11-12,1340,020837,,5,1,9,5400,0,3,5,,2,006,"STATE ROUTE 65","STATE ROUTE 198",100.00,S,N,A,-,N,,,65,,,,,,,Y,4,0,1,2,A,-,21,22106,,N,C,C,A,A,H,-,A,D,0,,,,,Y,,A,07,0,0,1,0,0,0,0,0,0,"- ","- ",36.325740814208984,-119.13490295410156,TULARE,UNINCORPORATED,-119.13491821289062,36.325740814208984
91626960,2021,2021-11-17,9481,2021-11-08,1600,020901,,1,2,9,5400,0,1,3,,1,053,"RT 190","ROAD 284",1320.00,E,N,A,-,Y,,,190,,,,,,,Y,4,0,1,1,A,-,08,22107,,N,E,8,A,A,H,-,A,D,0,,,,,Y,,D,22,0,0,1,0,0,0,0,0,0,"- ","- ",36.047611236572266,-118.92965698242188,TULARE,UNINCORPORATED,-118.92965698242188,36.047592163085938
91627213,2021,2021-11-17,9481,2021-11-10,0710,015290,,3,1,9,5400,0,2,4,,1,031,"OLIVE AVENUE","NEWCOMB STREET",0.00,,Y,E,-,N,,,,,,,,,,Y,4,0,1,2,A,-,12,21453,A,N,D,C,A,A,H,-,A,A,0,,,,,Y,,D,22,0,0,1,0,0,0,0,0,0,"- ","- ",36.065830230712891,-119.05303192138672,TULARE,UNINCORPORATED,-119.05299377441406,36.065845489501953
91627298,2021,2021-11-17,9481,2021-11-10,1710,019422,,3,2,9,5400,0,3,5,,2,010,"STATE ROUTE 65","LINDMORE ST.",0.00,,Y,A,-,Y,,,65,,,,,,,Y,4,0,1,2,A,-,09,21801,A,N,D,C,A,A,H,-,B,D,0,,,,,Y,Y,D,22,0,0,1,0,0,0,0,0,0,"- ","- ",36.195968627929688,-119.099853515625,TULARE,UNINCORPORATED,-119.09989166259766,36.195941925048828
91628319,2021,2021-11-18,9480,2021-11-13,0135,020060,,6,3,9,5400,0,1,3,,2,093,"STATE ROUTE 99 N/B","K STREET",1000.00,S,N,E,-,Y,,,,,,,,,,Y,4,0,1,2,A,-,03,22350,,F,C,2,A,A,H,-,D,A,0,,,,,Y,,D,22,0,0,1,0,0,0,0,0,0,"- ","- ",36.148700714111328,-119.33023071289062,TULARE,UNINCORPORATED,-119.33289337158203,36.156105041503906
91630196,2021,2021-11-19,9481,2021-09-05,2500,020901,"Tule ",7,4,9,5400,0,2,4,,2,052,"BIA 70 (INDIAN RESERVATION DRIVE)","BIA 235/ RIVER CROSSING ROAD",1320.00,E,N,A,-,N,,,,,,,,,,Y,1,1,0,1,A,-,01,23152,A,N,F,A,A,A,H,-,D,D,0,,,,,Y,Y,A,01,0,0,0,0,0,0,0,0,0,"- ","- ",36.026290893554688,-118.79090118408203,TULARE,UNINCORPORATED,,
91630524,2021,2021-11-19,9481,2021-11-13,1650,020238,,6,2,9,5400,0,3,5,,2,010,"NORTH WESTWOOD STREET","WEST NORTH GRAND AVENUE",0.00,,Y,A,-,N,,,,,,,,,,Y,4,0,2,2,A,-,09,21801,A,N,A,C,A,A,H,-,B,D,0,,,,,Y,,A,07,0,0,2,0,0,0,0,0,0,"- ","- ",36.098529815673828,-119.07073974609375,TULARE,UNINCORPORATED,-119.07073974609375,36.098423004150391
91630539,2021,2022-02-04,9480,2021-08-26,2232,020890,,4,3,9,5400,0,1,3,,1,034,"STATE ROUTE 198 WESTBOUND","ROAD 60",1056.00,E,N,A,-,Y,,,198,,,,,,W,N,1,1,1,2,A,-,11,21954,A,F,G,B,E,A,H,-,D,D,0,Y,,,,Y,,N,60,0,1,0,1,0,0,0,0,0,"- ","- ",36.327590942382812,-119.43608856201172,TULARE,UNINCORPORATED,-119.43609619140625,36.327213287353516
91631626,2021,2021-11-22,9481,2021-11-16,0930,015218,,2,1,9,5400,0,3,5,,2,030,"RICHGROVE DRIVE","AVENUE 24",2640.00,S,N,B,-,N,,,,,,,,,,Y,2,0,1,2,A,-,08,22107,,N,B,C,A,A,H,-,A,D,0,,,,Y,Y,,A,01,1,0,0,0,0,0,0,0,0,"- ","- ",35.823898315429688,-119.09420776367188,TULARE,UNINCORPORATED,-119.09183502197266,35.827678680419922
91632423,2021,2021-11-22,9480,2021-11-12,1715,016995,,5,2,9,5400,0,1,3,,1,065,"STATE ROUTE 65","MARINETTE AVE",0.00,,Y,A,-,Y,,,65,,,,,,,Y,3,0,6,2,A,-,09,21801,A,N,D,C,A,A,H,-,D,D,0,,,,,Y,,D,22,0,1,5,0,0,0,0,0,0,"- ","- ",36.311580657958984,-119.13520812988281,TULARE,UNINCORPORATED,-119.13526153564453,36.311580657958984
91632449,2021,2021-11-22,9480,2021-11-13,0745,016615,,6,1,9,5400,0,3,5,,2,001,SR-201,"ROAD 48",0.00,,Y,B,E,Y,,,201,,,,,,,Y,3,0,1,2,A,-,03,22350,,N,D,C,A,A,H,-,A,D,0,,,,Y,Y,,D,22,0,1,0,0,0,0,0,0,0,"- ","- ",36.517520904541016,-119.46671295166016,TULARE,UNINCORPORATED,-119.46671295166016,36.51751708984375
91633411,2021,2021-11-23,9480,2021-11-16,0750,017108,,2,1,9,5400,0,1,3,,2,093,"STATE ROUTE 99 NORTHBOUND","DRIVE 92B",2112.00,S,N,B,-,Y,,,99,,,,,,N,N,4,0,1,2,A,-,03,22350,,N,C,C,A,B,D,-,A,D,0,,,,,Y,,A,07,0,0,1,0,0,0,0,0,0,"- ","- ",36.260650634765625,-119.36057281494141,TULARE,UNINCORPORATED,-119.36051940917969,36.260684967041016
91634088,2021,2021-11-24,9480,2021-11-22,0120,020060,,1,3,9,5400,0,1,3,,2,091,"STATE ROUTE 99 N/B","MERRITT DRIVE",3696.00,N,N,E,-,Y,,,99,,,,,,N,Y,2,0,2,1,A,-,08,22107,,N,E,I,A,B,H,-,D,D,0,,,,,Y,,A,01,1,1,0,0,0,0,0,0,0,"- ","- ",36.462268829345703,-119.49465179443359,TULARE,UNINCORPORATED,-119.4945068359375,36.462356567382812
91634133,2021,2021-11-24,9481,2021-11-22,0640,015290,,1,1,9,5400,0,3,5,,2,030,"ROAD 192","AVENUE 56",5280.00,N,N,E,-,N,,,,,,,,,,Y,4,0,1,1,A,-,03,22350,,N,E,J,A,A,H,-,A,D,0,,,,,Y,,A,07,0,0,1,0,0,0,0,0,0,"- ","- ",35.90625,-119.14369964599609,TULARE,UNINCORPORATED,-119.14376068115234,35.906337738037109
91634362,2021,2021-11-24,9480,2021-11-19,0555,013914,,5,3,9,5400,0,3,5,,2,006,"ROAD 108","AVENUE 336",1214.00,N,N,B,E,N,,,,,,,,,,Y,3,0,1,1,A,-,03,22350,,N,E,I,A,B,H,-,D,A,0,,,,,Y,,A,01,0,1,0,0,0,0,0,0,0,"- ","- ",36.403438568115234,-119.33212280273438,TULARE,UNINCORPORATED,,
91634729,2021,2021-11-24,9480,2021-11-06,1708,021044,,6,2,9,5400,0,1,3,,2,095,"SR-99 S/B","AVENUE 56",528.00,S,N,A,-,Y,,,,,,,,,,Y,3,0,2,1,A,-,01,23152,A,N,E,I,A,A,H,-,A,D,0,,,,,Y,Y,A,01,0,2,0,0,0,0,0,0,0,"- ","- ",35.532001495361328,-119.16239929199219,TULARE,UNINCORPORATED,-119.27407836914062,35.891738891601562
91636420,2021,2021-11-29,9481,2021-11-19,2200,019578,,5,3,9,5400,0,3,5,,2,030,"AVENUE 96","ROAD 192",0.00,,Y,A,-,N,,,,,,,,,,N,4,0,1,1,A,-,12,22450,A,N,E,I,A,A,H,-,D,A,0,,,,,Y,,A,07,0,0,1,0,0,0,0,0,0,"- ","- ",35.963470458984375,-119.14328002929688,TULARE,UNINCORPORATED,-119.14318084716797,35.963344573974609
91636482,2021,2021-11-29,9480,2021-11-13,1747,019543,,6,2,9,5400,0,1,3,,1,021,"SR-63 (ROAD 128)","AVE 413",48.00,S,N,A,-,Y,,,63,,,,,,,Y,3,0,2,3,A,-,01,23152,A,N,C,C,A,A,H,-,C,A,0,,,,,Y,Y,A,07,0,1,1,0,0,0,0,0,0,"- ","- ",36.539249420166016,-119.28681182861328,TULARE,UNINCORPORATED,-119.286865234375,36.539249420166016
91636911,2021,2021-11-29,9480,2021-11-19,1550,016995,,5,2,9,5400,0,1,3,,1,034,"STATE ROUTE 198 (EB)","ROAD 64",300.00,W,N,A,-,Y,,,198,,,,,,,Y,4,0,1,2,A,-,03,22350,,N,C,C,A,A,H,-,A,D,0,,,,,Y,,A,01,0,0,1,0,0,0,0,0,0,"- ","- ",36.327461242675781,-119.45133209228516,TULARE,UNINCORPORATED,-119.45133209228516,36.327365875244141
91637394,2021,2021-11-29,9480,2021-11-14,0745,019427,,7,1,9,5400,0,3,5,,2,005,"STATE ROUTE 43","AVENUE 56",0.00,,Y,E,-,Y,,,43,,,,,,,Y,2,0,3,2,A,-,03,22350,,N,D,C,A,B,H,-,A,A,0,,,,,Y,,A,07,2,1,0,0,0,0,0,0,0,"- ","- ",35.891380310058594,-119.40534210205078,TULARE,UNINCORPORATED,-119.40534973144531,35.891372680664062
91638020,2021,2021-11-30,9480,2021-11-11,1720,017291,,4,2,9,5400,0,3,5,,2,003,"ROAD 36","AVENUE 248",3168.00,S,N,A,-,N,,,,,,,,,,Y,4,0,1,2,A,-,08,22107,,N,B,C,A,A,H,-,A,A,0,,,,,Y,,A,01,0,0,1,0,0,0,0,0,0,"- ","- ",36.23162841796875,-119.49240112304688,TULARE,UNINCORPORATED,-119.4927978515625,36.231765747070312
91638102,2021,2021-11-30,9480,2021-11-22,0638,016046,,1,1,9,5400,0,1,3,,1,040,"STATE ROUTE 216","ROAD 158",0.00,,Y,E,-,Y,,,216,,,,,,,N,4,0,2,2,A,-,12,22450,A,N,D,C,A,B,H,-,A,A,0,,,,,Y,,A,01,0,0,2,0,0,0,0,0,0,"- ","- ",36.349128723144531,-119.22044372558594,TULARE,UNINCORPORATED,-119.22043609619141,36.349147796630859
91639312,2021,2021-12-01,9480,2021-11-28,0925,018202,,7,1,9,5400,0,3,5,,2,002,"CANNON AVE.","RD. 130",100.00,E,N,A,-,N,,,,,,,,,,Y,4,0,1,4,A,-,08,22107,,N,A,E,A,A,H,-,A,D,0,,,,,Y,,D,22,0,0,1,0,0,0,0,0,0,"- ","- ",36.522109985351562,-119.28199005126953,TULARE,UNINCORPORATED,-119.28196716308594,36.522018432617188
91640049,2021,2021-12-01,9480,2021-11-22,1700,020273,,1,2,9,5400,0,3,5,,2,006,"AVENUE 280","ROAD 140",350.00,E,N,A,-,N,,,,,,,,,,Y,2,0,2,3,A,-,01,23152,A,N,C,C,A,A,H,-,C,A,0,,,,,Y,Y,A,01,1,1,0,0,0,0,0,0,0,"- ","- ",36.298358917236328,-119.25997924804688,TULARE,UNINCORPORATED,-119.25961303710938,36.29833984375
91640673,2021,2021-12-02,9480,2021-11-18,0645,016615,,4,1,9,5400,0,1,3,,1,030,SR-137,"ROAD 36",51.00,W,N,E,-,Y,,,137,,,,,,,Y,4,0,1,2,A,-,03,22350,,N,A,C,A,A,H,-,A,D,0,,,,,Y,,D,22,0,0,1,0,0,0,0,0,0,"- ","- ",36.150459289550781,-119.49311828613281,TULARE,UNINCORPORATED,-119.49311065673828,36.150447845458984
91641243,2021,2021-12-02,9481,2021-12-01,0940,015290,,3,1,9,5400,0,2,4,,2,052,"MOUNTAIN ROAD 137 (RESERVATION ROAD)","ROAD 296",9504.00,E,N,A,-,N,,,,,,,,,,Y,4,0,1,1,A,-,08,22107,,N,E,I,A,A,H,-,A,D,0,,,,,Y,,A,07,0,0,1,0,0,0,0,0,0,"- ","- ",36.030979156494141,-118.88101196289062,TULARE,UNINCORPORATED,,
91641888,2021,2021-12-03,9480,2021-11-20,0300,021159,,6,3,9,5400,0,1,3,,2,095,"SR 99 NB","AVE 24",2640.00,S,N,E,-,Y,,,,,,,,,,N,4,0,3,2,A,-,03,22350,,N,C,C,A,A,H,-,D,D,0,,,,,Y,,A,01,0,0,3,0,0,0,0,0,0,"- ","- ",37.093070983886719,-120.21373748779297,TULARE,UNINCORPORATED,-119.25865173339844,35.826766967773438
91641921,2021,2021-12-03,9480,2021-11-19,1528,021044,,5,2,9,5400,0,1,3,,2,095,"SR-99 S/B","COUNTY LINE RD",9504.00,N,N,A,-,Y,,,99,,,,,,S,Y,3,0,4,1,A,-,08,22107,,N,F,I,A,A,H,-,A,D,0,,,,,Y,,D,22,0,4,0,0,0,0,0,0,0,"- ","- ",35.815608978271484,-119.25852966308594,TULARE,UNINCORPORATED,-119.25848388671875,35.815620422363281
91642309,2021,2021-12-03,9480,2021-12-02,0445,016145,,4,3,9,5400,0,3,5,,2,006,"ROAD 204",SR-198,500.00,S,N,A,-,N,,,,,,,,,,N,4,0,1,2,D,-,00,,,N,G,B,E,A,H,-,D,D,0,Y,,,,Y,,-,"- ",0,0,1,0,1,0,0,0,0,"- ","- ",36.3243408203125,-119.11695098876953,TULARE,UNINCORPORATED,-119.11698150634766,36.324497222900391
91643627,2021,2021-12-06,9480,2021-11-24,1331,019543,,3,1,9,5400,0,3,5,,2,002,"1ST DR","CUTLER DR",0.00,,Y,A,-,N,,,,,,,,,,N,3,0,3,2,A,-,09,21800,A,N,D,C,A,A,H,-,A,D,0,,,,,Y,,A,01,0,3,0,0,0,0,0,0,0,"- ","- ",36.524700164794922,-119.28997039794922,TULARE,UNINCORPORATED,-119.28996276855469,36.524593353271484
91644082,2021,2021-12-06,9480,2021-11-14,0925,019427,,7,1,9,5400,0,3,5,,2,005,"ROAD 140","AVENUE 96",0.00,,Y,E,-,N,,,,,,,,,,Y,3,0,2,2,D,-,00,,,N,D,C,A,B,H,-,A,D,0,,,,,Y,,-,"- ",0,2,0,0,0,0,0,0,0,"- ","- ",35.964351654052734,-119.25946044921875,TULARE,UNINCORPORATED,-119.25946044921875,35.964359283447266
91644901,2021,2021-12-07,9480,2021-11-25,2007,019349,,4,2,9,5400,0,1,3,,1,064,"STATE ROUTE 198","ROAD 180",2059.00,W,N,A,-,Y,,,198,,,,,,,Y,2,0,1,2,A,-,03,22350,,N,C,C,A,A,H,-,A,D,0,,,,,Y,,A,07,1,0,0,0,0,0,0,0,0,"- ","- ",36.326560974121094,-119.17788696289062,TULARE,UNINCORPORATED,-119.17788696289062,36.326587677001953
91645057,2021,2021-12-07,9480,2021-11-26,1420,020837,,5,2,9,5400,0,1,3,,1,021,"STATE ROUTE 63","AVENUE 340",898.00,N,N,A,-,N,,,63,,,,,,,Y,3,0,1,2,A,-,06,21750,A,N,B,C,A,A,H,-,A,D,0,,,,,Y,,D,22,0,1,0,0,0,0,0,0,0,"- ","- ",36.409618377685547,-119.29627227783203,TULARE,UNINCORPORATED,-119.29618072509766,36.409618377685547
91646782,2021,2022-03-10,9481,2021-12-02,1750,019422,,4,2,9,5400,0,3,5,,2,010,"AVENUE 168","ROAD 152",0.00,,Y,A,-,N,,,,,,,,,,Y,4,0,2,2,A,-,09,21801,A,N,D,C,A,A,H,-,C,A,0,,,,,Y,,A,01,0,0,2,0,0,0,0,0,0,"- ","- ",36.094661712646484,-119.23262786865234,TULARE,UNINCORPORATED,-119.23230743408203,36.094707489013672
91647754,2021,2021-12-09,9480,2021-11-28,1355,019647,,7,1,9,5400,0,3,5,,2,004,"DRY CREEK DR",SR-216,62040.00,N,N,A,-,N,,,,,,,,,,Y,2,0,1,2,A,-,05,21650,,N,A,C,A,A,H,-,A,D,0,,,Y,,Y,,C,02,1,0,0,0,0,0,0,0,1,"- ","- ",36.542278289794922,-119.01083374023438,TULARE,UNINCORPORATED,-119.01992034912109,36.556140899658203
91648933,2021,2021-12-10,9480,2021-12-05,0323,020332,,7,3,9,5400,0,3,5,,2,001,"ROAD 70 (30928 ROAD 70)","AVENUE 310",450.00,S,N,E,-,N,,,,,,,,,,Y,4,0,1,2,A,-,01,23152,A,N,C,E,A,B,H,-,D,D,0,,,,,Y,Y,A,01,0,0,1,0,0,0,0,0,0,"- ","- ",36.351539611816406,-119.41693115234375,TULARE,UNINCORPORATED,-119.41696166992188,36.351356506347656