CASE_ID,ACCIDENT_YEAR,PROC_DATE,JURIS,COLLISION_DATE,COLLISION_TIME,OFFICER_ID,REPORTING_DISTRICT,DAY_OF_WEEK,CHP_SHIFT,POPULATION,CNTY_CITY_LOC,SPECIAL_COND,BEAT_TYPE,CHP_BEAT_TYPE,CITY_DIVISION_LAPD,CHP_BEAT_CLASS,BEAT_NUMBER,PRIMARY_RD,SECONDARY_RD,DISTANCE,DIRECTION,INTERSECTION,WEATHER_1,WEATHER_2,STATE_HWY_IND,CALTRANS_COUNTY,CALTRANS_DISTRICT,STATE_ROUTE,ROUTE_SUFFIX,POSTMILE_PREFIX,POSTMILE,LOCATION_TYPE,RAMP_INTERSECTION,SIDE_OF_HWY,TOW_AWAY,COLLISION_SEVERITY,NUMBER_KILLED,NUMBER_INJURED,PARTY_COUNT,PRIMARY_COLL_FACTOR,PCF_CODE_OF_VIOL,PCF_VIOL_CATEGORY,PCF_VIOLATION,PCF_VIOL_SUBSECTION,HIT_AND_RUN,TYPE_OF_COLLISION,MVIW,PED_ACTION,ROAD_SURFACE,ROAD_COND_1,ROAD_COND_2,LIGHTING,CONTROL_DEVICE,CHP_ROAD_TYPE,PEDESTRIAN_ACCIDENT,BICYCLE_ACCIDENT,MOTORCYCLE_ACCIDENT,TRUCK_ACCIDENT,NOT_PRIVATE_PROPERTY,ALCOHOL_INVOLVED,STWD_VEHTYPE_AT_FAULT,CHP_VEHTYPE_AT_FAULT,COUNT_SEVERE_INJ,COUNT_VISIBLE_INJ,COUNT_COMPLAINT_PAIN,COUNT_PED_KILLED,COUNT_PED_INJURED,COUNT_BICYCLIST_KILLED,COUNT_BICYCLIST_INJURED,COUNT_MC_KILLED,COUNT_MC_INJURED,PRIMARY_RAMP,SECONDARY_RAMP,LATITUDE,LONGITUDE,COUNTY,CITY,POINT_X,POINT_Y
91648985,2021,2021-12-10,9480,2021-12-08,2030,020890,,3,2,9,5400,0,3,5,,2,004,"ROAD 148","AVENUE 344",16.00,N,N,A,-,N,,,,,,,,,,N,4,0,1,1,A,-,03,22350,,N,E,I,A,A,H,-,D,D,0,,,,,Y,,A,01,0,0,1,0,0,0,0,0,0,"- ","- ",36.414108276367188,-119.24221038818359,TULARE,UNINCORPORATED,-119.24221801757812,36.414073944091797
91648996,2021,2021-12-10,9480,2021-12-09,2300,021249,,4,3,9,5400,0,3,5,,2,006,"AVENUE 248","ROAD 140",3802.00,E,N,A,-,N,,,,,,,,,,Y,4,0,1,1,C,-,18,,,N,H,H,A,A,H,-,D,D,0,,,,,Y,,-,"- ",0,0,1,0,0,0,0,0,0,"- ","- ",36.240108489990234,-119.24755096435547,TULARE,UNINCORPORATED,-119.24767303466797,36.240131378173828
91649118,2021,2021-12-10,9480,2021-12-02,1735,017108,,4,2,9,5400,0,3,5,,2,006,"AVENUE 280 (W. VISALIA ROAD)","ROAD 180",0.00,,Y,A,-,N,,,,,,,,,,Y,4,0,1,2,A,-,09,21453,C,N,D,C,A,A,H,-,C,A,0,,,,,Y,,A,07,0,0,1,0,0,0,0,0,0,"- ","- ",36.297580718994141,-119.17195892333984,TULARE,UNINCORPORATED,-119.17196655273438,36.297550201416016
91650029,2021,2021-12-13,9480,2021-11-28,1022,019846,,7,1,9,5400,0,1,3,,2,093,"SR-99 S/B","AVENUE 280",1400.00,S,N,A,-,Y,,,99,,,,,,S,Y,2,0,2,1,A,-,08,22107,,N,F,A,A,A,H,-,A,D,0,,,,,Y,,A,01,2,0,0,0,0,0,0,0,0,"- ","- ",36.294540405273438,-119.38311004638672,TULARE,UNINCORPORATED,-119.38301086425781,36.294586181640625
91650368,2021,2021-12-13,9480,2021-11-27,1818,021044,,6,2,9,5400,0,1,3,,2,093,"SR-99 N/B","AVENUE 200",5280.00,S,N,A,-,Y,,,99,,,,,,N,N,4,0,1,3,A,-,03,22350,,F,C,C,A,A,H,-,D,D,0,,,,,Y,,A,01,0,0,1,0,0,0,0,0,0,"- ","- ",36.137939453125,-119.32701873779297,TULARE,UNINCORPORATED,-119.32697296142578,36.137954711914062
91650440,2021,2021-12-13,9480,2021-12-01,2125,018861,,3,2,9,5400,0,3,5,,2,003,"BEACON AVENUE","I STREET",213.00,W,N,A,-,N,,,,,,,,,,Y,3,0,2,2,A,-,01,23152,A,N,B,E,A,A,H,-,D,D,0,,,,,Y,Y,A,01,0,1,1,0,0,0,0,0,0,"- ","- ",36.172599792480469,-119.34149169921875,TULARE,UNINCORPORATED,-119.34136962890625,36.172573089599609
91651620,2021,2021-12-14,9481,2021-12-05,2240,021227,,7,3,9,5400,0,3,5,,2,030,"E/B COUNTY LINE ROAD","RD 200",5.00,E,N,A,-,N,,,,,,,,,,Y,3,0,2,1,A,-,08,22107,,N,E,I,A,A,H,-,D,A,0,,,,,Y,,A,01,0,1,1,0,0,0,0,0,0,"- ","- ",38.819801330566406,-121.02760314941406,TULARE,UNINCORPORATED,-119.12554168701172,35.790740966796875
91651702,2021,2021-12-14,9480,2021-12-09,0535,020273,,4,3,9,5400,0,3,5,,2,005,"AVENUE 144","ROAD 80",800.00,E,N,C,-,N,,,,,,,,,,N,4,0,1,1,A,-,03,22350,,N,E,I,A,B,H,-,D,D,0,,,,,Y,,D,22,0,0,1,0,0,0,0,0,0,"- ","- ",36.051380157470703,-119.38868713378906,TULARE,UNINCORPORATED,-119.39066314697266,36.051128387451172
91651946,2021,2022-04-14,9480,2021-12-08,0535,018815,,3,3,9,5400,0,1,3,,2,095,"SR-99 S/B","AVENUE 48",2640.00,N,N,B,-,Y,,,99,,,,,,S,Y,4,0,2,2,D,-,00,,,N,B,C,A,A,H,-,D,D,0,,,,,Y,,-,"- ",0,0,2,0,0,0,0,0,0,"- ","- ",35.885589599609375,-119.27265930175781,TULARE,UNINCORPORATED,-119.27252960205078,35.8856201171875
91652970,2021,2021-12-15,9481,2021-11-16,0548,015290,,2,3,9,5400,0,1,3,,1,037,"STATE ROUTE 65","AVENUE 12",3168.00,S,N,B,-,Y,,,65,,,,,,,Y,1,1,1,2,A,-,09,21801,A,N,D,C,A,B,H,-,D,D,0,,,,Y,Y,,A,07,1,0,0,0,0,0,0,0,0,"- ","- ",35.803718566894531,-119.05348205566406,TULARE,UNINCORPORATED,-119.05351257324219,35.803718566894531
91654176,2021,2021-12-16,9481,2021-12-10,1955,019162,,5,2,9,5400,0,3,5,,2,050,"PLEASANT OAK DRIVE","MUSTANG DRIVE",80.00,W,N,A,-,N,,,,,,,,,,Y,3,0,1,1,A,-,01,23152,A,N,F,A,A,A,H,-,D,D,0,,,,,Y,,A,01,0,1,0,0,0,0,0,0,0,"- ","- ",36.095298767089844,-118.84555816650391,TULARE,UNINCORPORATED,,
91654265,2021,2021-12-16,9481,2021-12-14,1030,015290,,2,1,4,5405,0,1,3,,1,037,"SR-65 S/B TO SR-190 W/B","STATE ROUTE 65",820.00,W,N,B,C,Y,,,,,,,,,,Y,4,0,1,1,A,-,03,22350,,N,F,A,A,B,H,-,A,D,0,,,,,Y,,D,22,0,0,1,0,0,0,0,0,0,"- ","- ",36.051799774169922,-119.04229736328125,TULARE,PORTERVILLE,,
91654366,2021,2021-12-16,9480,2021-06-26,1315,019186,,6,1,9,5400,0,1,3,,2,093,"STATE ROUTE 99 NORTHBOUND FROM J"" STREET""","DRIVE 92B",3960.00,S,N,A,-,Y,,,99,,,,R,,N,Y,1,1,0,1,A,-,08,22107,,N,F,A,A,A,H,-,A,D,0,,,Y,,Y,,C,02,0,0,0,0,0,0,0,1,0,"- ","- ",36.259120941162109,-119.35955810546875,TULARE,UNINCORPORATED,-119.35955810546875,36.259120941162109
91654513,2021,2021-12-16,9480,2021-12-07,1419,017291,,2,2,9,5400,0,3,5,,2,003,"ROAD 92 (WEST STREET)","AVENUE 248 (CARTMILL AVE)",1760.00,N,N,A,-,N,,,,,,,,,,Y,4,0,1,1,A,-,08,22107,,N,E,I,A,A,H,-,A,A,0,,,,,Y,,A,01,0,0,1,0,0,0,0,0,0,"- ","- ",36.245140075683594,-119.36692047119141,TULARE,UNINCORPORATED,,
91654959,2021,2021-12-17,9480,2021-12-09,0315,021175,,4,3,9,5400,0,1,3,,2,095,"STATE ROUTE 99 SOUTHBOUND","PAIGE AVENUE",400.00,N,N,C,-,Y,,,,,,,,,,Y,4,0,1,1,A,-,08,22107,,N,F,A,A,B,H,-,D,D,0,,,,Y,Y,,F,26,0,0,1,0,0,0,0,0,0,"- ","- ",36.183971405029297,-119.32891845703125,TULARE,UNINCORPORATED,-119.32868957519531,36.1822509765625
91656286,2021,2021-12-20,9481,2021-12-13,0705,020238,,1,1,9,5400,0,1,3,,1,012,"STATE ROUTE 65 (S/B)","ROAD 216",0.00,,Y,B,C,Y,,,65,,,,,,,Y,2,0,1,2,A,-,09,21802,A,N,D,C,A,A,H,-,A,A,0,,,,,Y,,D,22,1,0,0,0,0,0,0,0,0,"- ","- ",36.184329986572266,-119.09226989746094,TULARE,UNINCORPORATED,-119.09227752685547,36.184326171875
91657744,2021,2021-12-21,9480,2021-12-10,1315,016615,,5,1,9,5400,0,3,5,,2,001,"ROAD 80","AVENUE 384",0.00,,Y,A,-,N,,,,,,,,,,Y,4,0,2,2,A,-,12,22450,A,N,D,C,A,A,H,-,A,A,0,,,,,Y,,A,01,0,0,2,0,0,0,0,0,0,"- ","- ",36.487888336181641,-119.39486694335938,TULARE,UNINCORPORATED,-119.3948974609375,36.487918853759766
91658626,2021,2021-12-22,9480,2021-12-14,0615,016240,,2,1,9,5400,0,1,3,,2,091,"SR-99 S/B","BETTY DRIVE",1074.00,N,N,C,-,Y,,,99,,,,,,S,Y,4,0,2,1,A,-,03,22350,,N,E,I,A,B,H,-,D,D,0,,,,,Y,,A,07,0,0,2,0,0,0,0,0,0,"- ","- ",36.358570098876953,-119.4287109375,TULARE,UNINCORPORATED,-119.42864990234375,36.358573913574219
91658731,2021,2021-12-22,9480,2021-12-11,1805,019846,,6,2,9,5400,0,3,5,,2,004,"AVENUE 328","ROAD 127",110.00,E,N,B,-,N,,,,,,,,,,Y,2,0,1,3,A,-,03,22350,,N,C,C,A,A,H,-,C,D,0,,,,,Y,,A,01,1,0,0,0,0,0,0,0,0,"- ","- ",36.385570526123047,-119.28971862792969,TULARE,UNINCORPORATED,-119.28972625732422,36.385543823242188
91659080,2021,2021-12-22,9480,2021-12-14,1815,020837,,2,2,9,5400,0,3,5,,2,006,"AVENUE 120","ROAD 120",1320.00,W,N,B,-,N,,,,,,,,,,Y,4,0,1,2,A,-,03,22350,,N,C,C,A,B,H,-,D,D,0,,,,,Y,,D,22,0,0,1,0,0,0,0,0,0,"- ","- ",36.007709503173828,-119.310302734375,TULARE,UNINCORPORATED,-119.31002807617188,36.007694244384766
91659934,2021,2021-12-23,9480,2021-12-15,1830,017108,,3,2,5,5407,0,1,3,,1,064,"STATE ROUTE 198 EASTBOUND","MOONEY BOULEVARD",387.00,E,N,A,-,Y,,,198,,,,,,E,Y,4,0,1,3,A,-,03,22350,,N,C,C,A,A,H,-,C,D,0,,,,,Y,,A,01,0,0,1,0,0,0,0,0,0,"- ","- ",36.326908111572266,-119.31256103515625,TULARE,VISALIA,-119.31256103515625,36.326995849609375
91660005,2021,2021-12-23,9480,2021-12-15,1858,019647,,3,2,9,5400,0,1,3,,2,091,"SR-99 N/B","BETTY DR",150.00,S,N,B,-,Y,,,99,,,,,,N,Y,3,0,1,2,A,-,03,22350,,F,C,C,A,A,H,-,C,D,0,,,,,Y,,-,99,0,1,0,0,0,0,0,0,0,"- ","- ",36.348941802978516,-119.42550659179688,TULARE,UNINCORPORATED,-119.42566680908203,36.348819732666016
91660165,2021,2021-12-23,9480,2021-12-16,1720,017291,,4,2,9,5400,0,3,5,,2,001,"AVENUE 416","ROAD 28",0.00,,Y,A,-,N,,,,,,,,,,Y,2,0,1,2,A,-,09,21802,A,N,D,C,A,A,H,-,C,A,0,,,,,Y,,A,01,1,0,0,0,0,0,0,0,0,"- ","- ",36.546840667724609,-119.48993682861328,TULARE,UNINCORPORATED,,
91660188,2021,2021-12-23,9481,2021-12-21,0830,018595,,2,1,4,5405,0,1,3,,1,012,"S/B STATE ROUTE 65 TO HENDERSON AVENUE","HENDERSON AVENUE",32.00,N,N,B,-,Y,,,65,,,,R,,,N,4,0,1,2,C,-,18,,,N,C,C,A,A,H,-,A,A,0,,,,,Y,,-,"- ",0,0,1,0,0,0,0,0,0,"- ","- ",36.080680847167969,-119.03990173339844,TULARE,PORTERVILLE,-119.03990173339844,36.080680847167969
91660355,2021,2021-12-23,9480,2021-12-17,2345,021175,,5,3,9,5400,0,1,3,,2,095,"STATE ROUTE 99 N/B","STATE ROUTE 190",2112.00,S,N,A,-,Y,,,99,,,,,,N,Y,3,0,1,1,A,-,01,23152,A,N,E,I,A,A,H,-,D,D,0,,,,,Y,Y,A,01,0,1,0,0,0,0,0,0,0,"- ","- ",36.0294189453125,-119.30740356445312,TULARE,UNINCORPORATED,-119.30740356445312,36.0294189453125
91660466,2021,2021-12-23,9481,2021-11-30,0925,015290,,2,1,9,5400,0,3,5,,2,020,"AVENUE 204","ROAD 232",0.00,,Y,A,-,N,,,,,,,,,,Y,1,2,1,2,A,-,12,22450,A,N,D,C,A,A,H,-,A,A,0,,,,Y,Y,,A,01,0,0,1,0,0,0,0,0,0,"- ","- ",36.159980773925781,-119.05410003662109,TULARE,UNINCORPORATED,-119.05417633056641,36.160037994384766
91661119,2021,2021-12-24,9480,2021-12-14,0750,019427,,2,1,9,5400,0,1,3,,2,095,"STATE ROUTE 99 (SOUTHBOUND)","COUNTY LINE ROAD",2112.00,N,N,C,-,Y,,,99,,,,,,,Y,4,0,3,4,A,-,03,22350,,N,C,C,A,B,H,-,A,D,0,,,,,Y,,A,01,0,0,3,0,0,0,0,0,0,"- ","- ",35.799369812011719,-119.25466156005859,TULARE,UNINCORPORATED,-119.25468444824219,35.799362182617188
91665097,2021,2021-12-29,9480,2021-11-27,1711,019543,,6,2,9,5400,0,1,3,,1,021,"STATE ROUTE 63 (ROAD 128)","OROSI DRIVE",98.00,S,N,A,-,Y,,,63,,,,,,,N,1,1,0,2,A,-,11,21954,A,N,G,B,D,A,H,-,C,D,0,Y,,,,Y,,N,60,0,0,0,1,0,0,0,0,0,"- ","- ",36.526008605957031,-119.2867431640625,TULARE,UNINCORPORATED,-119.286865234375,36.526008605957031
91665168,2021,2022-02-28,9480,2021-12-20,2350,020060,,1,3,9,5400,0,3,5,,2,005,"AVENUE 54","BORCHARDT STREET",13.00,E,N,A,-,N,,,,,,,,,,Y,2,0,1,1,A,-,01,23152,A,N,E,I,A,A,H,-,D,D,0,,,,,Y,Y,D,22,1,0,0,0,0,0,0,0,0,"- ","- ",35.887619018554688,-119.45330810546875,TULARE,UNINCORPORATED,-119.45394897460938,35.887557983398438
91665289,2021,2021-12-29,9481,2021-12-27,1030,015290,,1,1,9,5400,0,2,4,,2,052,"MOUNTAIN ROAD 137 (RESERVATION ROAD)","SUCCESS VALLEY DRIVE",9504.00,W,N,B,C,N,,,,,,,,,,Y,4,0,5,2,A,-,08,22107,,N,D,C,A,B,H,-,A,D,0,,,,,Y,,A,01,0,0,5,0,0,0,0,0,0,"- ","- ",36.031238555908203,-118.8865966796875,TULARE,UNINCORPORATED,,
91667376,2021,2021-12-31,9480,2021-12-23,0800,016615,,4,1,9,5400,0,1,3,,2,093,"SR-99 NB TO SR-198 EB","SR-198 E/B",220.00,S,N,C,-,Y,,,,,,,,,,Y,4,0,1,1,A,-,03,22350,,N,E,I,A,B,H,-,A,D,0,,,,,Y,,A,01,0,0,1,0,0,0,0,0,0,"- ","- ",36.325790405273438,-119.40261077880859,TULARE,UNINCORPORATED,-119.40629577636719,36.325794219970703
91667474,2021,2022-01-31,9481,2021-12-23,1650,019422,,4,2,9,5400,0,1,3,,1,012,"AVENUE 208","STATE ROUTE 65",0.00,,Y,C,-,Y,,,,,,,,,,Y,3,0,4,2,A,-,09,21802,A,N,D,C,A,B,H,-,B,A,0,,,,,Y,,D,22,0,1,3,0,0,0,0,0,0,"- ","- ",36.167308807373047,-119.083251953125,TULARE,UNINCORPORATED,-119.08299255371094,36.167293548583984
91669766,2021,2022-01-04,9480,2021-12-23,2105,017108,,4,2,9,5400,0,1,3,,1,064,"STATE ROUTE 198","ROAD 196",0.00,,Y,C,-,Y,,,198,,,,,,,Y,4,0,1,3,A,-,12,21453,A,N,D,C,A,B,H,-,C,A,0,,,,,Y,,A,01,0,0,1,0,0,0,0,0,0,"- ","- ",36.326229095458984,-119.13490295410156,TULARE,UNINCORPORATED,-119.13490295410156,36.326271057128906
91669814,2021,2022-01-04,9481,2021-12-30,0740,015290,,4,1,9,5400,0,3,5,,2,050,"ROAD 252 (PLANO STREET)","AVENUE 128 (TEAPOT DOME AVENUE)",0.00,,Y,E,-,N,,,,,,,,,,Y,4,0,2,2,A,-,12,22450,A,N,D,C,A,B,H,-,A,A,0,,,,,Y,,D,22,0,0,2,0,0,0,0,0,0,"- ","- ",36.0223388671875,-119.00874328613281,TULARE,UNINCORPORATED,,
91671946,2021,2022-01-06,9481,2021-12-31,2155,020784,,5,2,9,5400,0,3,5,,2,020,"AVENUE 216","ROAD 216",0.00,,Y,A,-,N,,,,,,,,,,Y,3,0,1,1,A,-,08,22107,,N,E,I,A,A,H,-,D,D,0,,,,,Y,,A,01,0,1,0,0,0,0,0,0,0,"- ","- ",36.181678771972656,-119.09001922607422,TULARE,UNINCORPORATED,,
91673369,2021,2022-01-07,9480,2021-12-22,0040,018421,,3,3,9,5400,0,3,5,,2,006,"AVENUE 280","ROAD 156",0.00,,Y,A,-,N,,,,,,,,,,Y,2,0,1,1,A,-,01,23152,A,M,E,I,A,A,H,-,C,D,0,,,,,Y,Y,A,01,1,0,0,0,0,0,0,0,0,"- ","- ",36.29779052734375,-119.22502136230469,TULARE,UNINCORPORATED,-119.22489166259766,36.297874450683594
91674442,2021,2022-01-10,9480,2021-12-31,0300,021249,,5,3,9,5400,0,3,5,,2,005,"ROAD 96","AVENUE 152",3168.00,N,N,E,-,N,,,,,,,,,,Y,2,0,1,2,A,-,03,22350,,N,C,C,A,B,H,-,D,D,0,,,,Y,Y,,A,01,1,0,0,0,0,0,0,0,0,"- ","- ",36.073738098144531,-119.35764312744141,TULARE,UNINCORPORATED,-119.35771179199219,36.074356079101562
91677323,2021,2022-01-13,9480,2021-12-31,1505,017108,,5,2,9,5400,0,1,3,,1,063,"STATE ROUTE 63 (MOONEY BLVD.)","AVENUE 264",845.00,S,N,A,-,Y,,,63,,,,,,,Y,3,0,1,2,A,-,03,22350,,N,C,C,A,A,H,-,A,D,0,,,Y,,Y,,C,02,0,1,0,0,0,0,0,0,1,"- ","- ",36.267021179199219,-119.31336212158203,TULARE,UNINCORPORATED,-119.31336975097656,36.267021179199219
91693697,2021,2022-02-04,9480,2021-09-19,1310,019186,,7,1,9,5400,0,1,3,,1,034,"STATE ROUTE 198 EASTBOUND","ROAD 56",0.00,,Y,A,-,Y,,,198,,,,,,E,Y,1,1,0,2,A,-,09,21802,A,N,D,C,A,A,H,-,A,A,0,,,,,Y,,D,22,0,0,0,0,0,0,0,0,0,"- ","- ",36.327461242675781,-119.44838714599609,TULARE,UNINCORPORATED,-119.44838714599609,36.327339172363281
91693709,2021,2022-02-04,9480,2021-12-08,1830,019647,,3,2,9,5400,0,3,5,,2,005,"CHURCH ROAD","MARTIN AVENUE",56.00,N,N,A,-,N,,,,,,,,,,Y,1,1,1,2,A,-,01,23152,A,N,C,E,A,A,H,-,D,D,0,,,,Y,Y,Y,A,01,0,1,0,0,0,0,0,0,0,"- ","- ",35.886970520019531,-119.26806640625,TULARE,UNINCORPORATED,-119.26815032958984,35.886993408203125
91710000,2021,2022-06-01,9480,2021-12-12,2355,021159,,7,3,9,5400,0,1,3,,1,060,"STATE ROUTE 137","ROAD 68",1056.00,W,N,A,-,Y,,,137,,,,,,,Y,1,1,2,1,A,-,01,23153,A,N,E,8,A,A,H,-,D,D,0,,,,,Y,Y,A,01,1,1,0,0,0,0,0,0,0,"- ","- ",36.203330993652344,-119.42562103271484,TULARE,UNINCORPORATED,-119.42562103271484,36.203384399414062
91721150,2021,2022-04-19,9480,2021-12-17,2010,019932,,5,2,9,5400,0,1,3,,2,095,"STATE ROUTE 99 NORTHBOUND","AVENUE 48",1060.00,N,N,A,-,Y,,,,,,,,,,N,1,1,0,2,A,-,11,21954,A,N,G,B,D,A,H,-,C,D,0,Y,,,Y,Y,,N,60,0,0,0,1,0,0,0,0,0,"- ","- ",36.880058288574219,-119.27098846435547,TULARE,UNINCORPORATED,-119.27040100097656,35.877529144287109
91746443,2021,2022-04-12,9480,2021-11-19,1520,021249,,5,2,9,5400,0,3,5,,2,005,"ROAD 136","AVENUE 16",250.00,S,N,A,-,N,,,,,,,,,,Y,1,1,0,3,A,-,06,21751,,F,C,E,A,A,H,-,A,D,0,,,,,Y,Y,A,01,0,0,0,0,0,0,0,0,0,"- ","- ",35.818508148193359,-119.26808929443359,TULARE,UNINCORPORATED,-119.26816558837891,35.818653106689453
9192731,2021,2021-06-02,5407,2021-04-15,1730,C56,480,4,5,5,5407,0,0,0,,0,P33,"S MOONEY BL","W NOBLE AV",0.00,,Y,A,-,Y,TUL,6,63,-,L,7.949,I,5,S,Y,3,0,1,3,A,-,12,21453,A,N,D,C,A,A,H,-,A,A,0,,,,,Y,,A,01,0,1,0,0,0,0,0,0,0,"- ","- ",36.326541900634766,-119.31400299072266,TULARE,VISALIA,-119.31411743164062,36.326515197753906
9192751,2021,2021-06-07,5407,2021-04-28,1621,C42,NN704,3,5,5,5407,0,0,0,,0,00N,"N LOCUST ST","PINE ST",0.00,,Y,A,-,Y,TUL,6,63,-,-,8.680,H,-,S,N,4,0,1,2,A,-,09,21800,C,N,D,C,A,A,H,-,A,D,0,,,,,Y,,A,01,0,0,1,0,0,0,0,0,0,"- ","- ",36.337028503417969,-119.29351806640625,TULARE,VISALIA,-119.29352569580078,36.337020874023438
9211772,2021,2023-06-17,5404,2021-02-28,1911,671,20L,7,5,2,5404,0,0,0,,0,013,"GALE HILL",HERMOSA,16.00,N,N,A,-,N,,,,,,,,,,Y,1,1,0,1,A,-,01,23152,A,N,E,I,A,A,H,-,C,A,0,,,,,Y,Y,A,01,0,0,0,0,0,0,0,0,0,"- ","- ",,,TULARE,LINDSAY,-119.08889007568359,36.205921173095703
9213866,2021,2021-03-09,5405,2021-01-02,1819,229,,6,5,4,5405,0,0,0,,0,SEC3,"PLANO ST","VANDALIA AV",36.00,S,N,A,-,N,,,,,,,,,,Y,3,0,1,2,A,-,03,22350,,N,C,C,A,A,H,-,C,A,0,,,,,Y,,A,01,0,1,0,0,0,0,0,0,0,"- ","- ",36.052650451660156,-119.00817108154297,TULARE,PORTERVILLE,-119.00817108154297,36.05255126953125
9214047,2021,2021-03-17,5405,2021-01-22,1421,229,,5,5,4,5405,0,0,0,,0,"SEC 1","WESTWOOD ST","HENDERSON AV",129.00,N,N,C,-,N,,,,,,,,,,Y,4,0,1,2,A,-,03,22350,,N,C,C,A,B,H,-,A,A,0,,,,,Y,,A,01,0,0,1,0,0,0,0,0,0,"- ","- ",36.080318450927734,-119.07080078125,TULARE,PORTERVILLE,-119.07080841064453,36.080673217773438
9216561,2021,2021-03-17,5405,2021-01-09,1722,215,SEC2,6,5,4,5405,0,0,0,,0,SEC2,"CONNER ST","PUTNAM AV",0.00,,Y,A,-,N,,,,,,,,,,Y,3,0,3,2,A,-,12,22450,A,N,D,C,A,A,H,-,C,A,0,,,,,Y,,A,01,0,3,0,0,0,0,0,0,0,"- ","- ",36.069461822509766,-118.98619079589844,TULARE,PORTERVILLE,-118.98612213134766,36.069442749023438
9219999,2021,2021-03-17,5405,2021-01-03,1859,229,,7,5,4,5405,0,0,0,,0,SEC1,"VILLA ST","GRAND AV",0.00,,Y,A,-,N,,,,,,,,,,Y,4,0,1,2,A,-,12,22450,A,N,D,C,A,A,H,-,C,A,0,,,,,Y,,A,07,0,0,1,0,0,0,0,0,0,"- ","- ",36.076820373535156,-119.03050231933594,TULARE,PORTERVILLE,-119.03053283691406,36.076831817626953
9221412,2021,2021-02-19,5407,2021-01-04,1644,A186,480,1,5,5,5407,0,0,0,,0,,"RT 63",FEEMSTER,333.00,S,N,A,-,Y,TUL,6,63,-,-,7.270,H,-,N,N,2,0,1,2,A,-,09,21804,A,N,G,B,F,A,H,-,A,A,0,Y,,,,Y,,D,22,1,0,0,0,1,0,0,0,0,"- ","- ",36.316699981689453,-119.31371307373047,TULARE,VISALIA,-119.31383514404297,36.316665649414062
9221730,2021,2021-03-05,5407,2021-01-16,1317,M66,480,6,5,5,5407,0,0,0,,0,,"RT 63",FEEMSTER,30.00,N,N,A,-,Y,TUL,6,63,-,-,7.360,H,-,N,Y,2,0,1,2,A,-,09,21801,A,N,E,I,A,A,H,-,A,D,0,,,Y,,Y,,A,01,1,0,0,0,0,0,0,0,1,"- ","- ",36.317821502685547,-119.31369781494141,TULARE,VISALIA,-119.3138427734375,36.317855834960938
9223625,2021,2021-03-24,5407,2021-01-19,1347,M201,480,2,5,5,5407,0,0,0,,0,,"S AKERS ST",WALNUT,0.00,,Y,A,-,N,,,,,,,,,,N,4,0,1,2,-,-,"- ",,A,N,D,C,A,A,H,-,A,A,0,,,,,Y,,A,01,0,0,1,0,0,0,0,0,0,"- ","- ",36.312770843505859,-119.34954071044922,TULARE,VISALIA,-119.34963226318359,36.312759399414062
9223626,2021,2021-03-24,5407,2021-01-19,0122,A331,480,2,5,5,5407,0,0,0,,0,P33,"E NOBLE AV","BEN MADDOX WY",291.00,W,N,A,-,N,,,,,,,,,,Y,2,0,1,1,A,-,08,22107,,N,E,I,A,A,H,-,C,D,0,,,,,Y,Y,A,01,1,0,0,0,0,0,0,0,0,"- ","- ",36.32666015625,-119.27852630615234,TULARE,VISALIA,-119.27947998046875,36.326339721679688
9223629,2021,2021-03-24,5407,2021-01-20,1630,C51,480,3,5,5,5407,0,0,0,,0,026,"E MINERAL KING","S BURKE ST",0.00,,Y,A,-,N,,,,,,,,,,N,4,0,1,2,A,-,09,21804,A,N,D,C,A,A,H,-,A,A,0,,,,,Y,,A,01,0,0,1,0,0,0,0,0,0,"- ","- ",36.327411651611328,-119.28324890136719,TULARE,VISALIA,-119.28322601318359,36.327411651611328
9223740,2021,2021-03-29,5407,2021-01-08,2106,A327,480,5,5,5,5407,0,0,0,,0,034,"E SUNNYSIDE AV","S LOVERS LN",13.00,W,N,A,-,N,,,,,,,,,,Y,4,0,1,2,A,-,09,21801,A,M,A,C,A,A,H,-,C,A,0,,,,,Y,,D,22,0,0,1,0,0,0,0,0,0,"- ","- ",36.302028656005859,-119.26068115234375,TULARE,VISALIA,-119.26065063476562,36.302021026611328
9223742,2021,2021-03-23,5407,2021-01-21,1812,C51,480,4,5,5,5407,0,0,0,,0,N25,"N CONYER ST","W PROSPECT AV",0.00,,Y,A,-,N,,,,,,,,,,Y,4,0,1,2,A,-,12,22450,A,N,D,C,A,A,H,-,D,A,0,,,,,Y,Y,A,07,0,0,1,0,0,0,0,0,0,"- ","- ",36.345199584960938,-119.30120086669922,TULARE,VISALIA,-119.30119323730469,36.34521484375
9225217,2021,2021-03-17,5403,2021-01-05,1918,845,,2,5,2,5403,0,0,0,,0,,"WEST VISALIA RD","FARMERSVILLE BL",72.00,W,N,A,-,N,,,,,,,,,,N,2,0,1,2,A,-,11,21955,,N,G,B,D,A,H,-,C,D,0,Y,,,,Y,Y,N,60,1,0,0,0,1,0,0,0,0,"- ","- ",,,TULARE,FARMERSVILLE,-119.20742034912109,36.297828674316406