CASE_ID,ACCIDENT_YEAR,PROC_DATE,JURIS,COLLISION_DATE,COLLISION_TIME,OFFICER_ID,REPORTING_DISTRICT,DAY_OF_WEEK,CHP_SHIFT,POPULATION,CNTY_CITY_LOC,SPECIAL_COND,BEAT_TYPE,CHP_BEAT_TYPE,CITY_DIVISION_LAPD,CHP_BEAT_CLASS,BEAT_NUMBER,PRIMARY_RD,SECONDARY_RD,DISTANCE,DIRECTION,INTERSECTION,WEATHER_1,WEATHER_2,STATE_HWY_IND,CALTRANS_COUNTY,CALTRANS_DISTRICT,STATE_ROUTE,ROUTE_SUFFIX,POSTMILE_PREFIX,POSTMILE,LOCATION_TYPE,RAMP_INTERSECTION,SIDE_OF_HWY,TOW_AWAY,COLLISION_SEVERITY,NUMBER_KILLED,NUMBER_INJURED,PARTY_COUNT,PRIMARY_COLL_FACTOR,PCF_CODE_OF_VIOL,PCF_VIOL_CATEGORY,PCF_VIOLATION,PCF_VIOL_SUBSECTION,HIT_AND_RUN,TYPE_OF_COLLISION,MVIW,PED_ACTION,ROAD_SURFACE,ROAD_COND_1,ROAD_COND_2,LIGHTING,CONTROL_DEVICE,CHP_ROAD_TYPE,PEDESTRIAN_ACCIDENT,BICYCLE_ACCIDENT,MOTORCYCLE_ACCIDENT,TRUCK_ACCIDENT,NOT_PRIVATE_PROPERTY,ALCOHOL_INVOLVED,STWD_VEHTYPE_AT_FAULT,CHP_VEHTYPE_AT_FAULT,COUNT_SEVERE_INJ,COUNT_VISIBLE_INJ,COUNT_COMPLAINT_PAIN,COUNT_PED_KILLED,COUNT_PED_INJURED,COUNT_BICYCLIST_KILLED,COUNT_BICYCLIST_INJURED,COUNT_MC_KILLED,COUNT_MC_INJURED,PRIMARY_RAMP,SECONDARY_RAMP,LATITUDE,LONGITUDE,COUNTY,CITY,POINT_X,POINT_Y
9225862,2021,2021-03-04,5406,2021-01-07,0322,45,5406,4,5,4,5406,0,0,0,,0,0ES,HILLMAN,CARTMILL,0.00,,Y,A,-,N,,,,,,,,,,Y,4,0,3,2,D,-,00,,,N,D,C,A,A,H,-,C,A,0,,,,,Y,,-,"- ",0,0,3,0,0,0,0,0,0,"- ","- ",,,TULARE,TULARE,-119.33114624023438,36.240318298339844
9226773,2021,2021-04-13,5405,2021-03-02,1400,229,,2,5,4,5405,0,0,0,,0,SEC4,"OLIVE AV","RT 65",21.00,W,N,A,-,Y,TUL,6,65,-,-,18.934,R,4,N,N,4,0,1,2,D,-,00,,,N,B,C,A,A,H,-,A,A,0,,,,,Y,,-,"- ",0,0,1,0,0,0,0,0,0,"- ",NO,36.098258972167969,-119.04022216796875,TULARE,PORTERVILLE,-119.03920745849609,36.062713623046875
9227648,2021,2021-03-22,5404,2021-02-15,1700,689,PSV,1,5,2,5404,0,0,0,,0,20L,"RT 65",HERMOSA,0.00,,Y,B,-,Y,TUL,6,65,-,-,29.491,I,5,N,Y,2,0,3,3,A,-,12,21453,,N,D,C,A,A,H,-,A,A,0,,,,,Y,,D,22,1,0,2,0,0,0,0,0,0,"- ","- ",,,TULARE,LINDSAY,-119.10452270507812,36.203449249267578
9227900,2021,2021-03-24,5403,2021-02-26,1916,837,,5,5,2,5403,0,0,0,,0,,"NORTH FARMERSVILLE BL","VISALIA RD",50.00,N,N,A,-,N,,,,,,,,,,N,4,0,1,2,A,-,11,21954,A,N,G,B,D,A,H,-,C,D,0,Y,,,,Y,,N,60,0,0,1,0,1,0,0,0,0,"- ","- ",,,TULARE,FARMERSVILLE,-119.20717620849609,36.297966003417969
9228820,2021,2021-03-23,5405,2021-02-01,0909,273,1,1,5,4,5405,0,0,0,,0,,"MILO ST","PIONEER AV",22.00,S,N,A,-,N,,,,,,,,,,N,3,0,1,2,A,-,03,22350,,N,C,C,A,A,H,-,A,A,0,,,,,Y,,A,01,0,1,0,0,0,0,0,0,0,"- ","- ",,,TULARE,PORTERVILLE,-119.03643798828125,36.091091156005859
9228832,2021,2021-03-23,5405,2021-02-09,1404,251,SEC3,2,5,4,5405,0,0,0,,0,003,"OLIVE AV","E ST",0.00,,Y,A,-,N,,,,,,,,,,Y,3,0,1,2,A,-,12,21453,A,N,D,C,A,A,H,-,A,A,0,,,,,Y,Y,D,22,0,1,0,0,0,0,0,0,0,"- ","- ",,,TULARE,PORTERVILLE,-119.02000427246094,36.065151214599609
9231845,2021,2021-04-28,5405,2021-03-18,1441,259,"SEC 2",4,5,4,5405,0,0,0,,0,,"RT 65","LINDA VISTA AV",0.00,,Y,A,-,Y,TUL,6,63,-,-,6.135,I,5,N,Y,4,0,2,2,A,-,09,21801,A,N,D,C,A,A,H,-,A,A,0,,,,,Y,,A,01,0,0,2,0,0,0,0,0,0,"- ","- ",36.10430908203125,-119.04306030273438,TULARE,PORTERVILLE,-119.31363677978516,36.300285339355469
9233190,2021,2021-04-05,5405,2021-02-02,2023,231,SEC4,2,5,4,5405,0,0,0,,0,004,"PORTER RD","OLIVE AV",114.00,N,N,A,-,N,,,,,,,,,,Y,3,0,1,1,A,-,03,22350,,N,E,I,A,A,H,-,C,A,0,,,,,Y,Y,-,,0,1,0,0,0,0,0,0,0,"- ","- ",36.06597900390625,-119.03814697265625,TULARE,PORTERVILLE,-119.03831481933594,36.066322326660156
9233558,2021,2021-04-02,5406,2021-02-17,1316,136,5406,3,5,4,5406,0,0,0,,0,0AO,TULARE,DAYTON,0.00,,Y,A,-,Y,TUL,6,137,-,-,16.690,I,5,E,N,4,0,1,3,A,-,08,22107,,N,D,C,A,A,H,-,A,D,0,,,,Y,Y,,D,22,0,0,1,0,0,0,0,0,0,"- ","- ",,,TULARE,TULARE,-119.32743072509766,36.210929870605469
9234697,2021,2021-03-29,5405,2021-02-15,1158,251,SEC3,1,5,4,5405,0,0,0,,0,003,"PLANO ST","POPLAR AV",12.00,N,N,A,-,N,,,,,,,,,,Y,4,0,3,2,A,-,09,21804,A,N,D,C,A,A,H,-,A,A,0,,,,,Y,Y,D,22,0,0,3,0,0,0,0,0,0,"- ","- ",,,TULARE,PORTERVILLE,-119.00820922851562,36.051063537597656
9234698,2021,2021-03-29,5405,2021-02-05,1352,259,SEC1,5,5,4,5405,0,0,0,,0,,"PROSPECT ST","BEL AIRE CIR",0.00,,Y,A,-,N,,,,,,,,,,Y,4,0,1,2,A,-,09,21804,A,N,D,C,A,A,H,-,A,A,0,,,,,Y,,A,07,0,0,1,0,0,0,0,0,0,"- ","- ",36.082618713378906,-119.04399108886719,TULARE,PORTERVILLE,-119.04400634765625,36.082603454589844
9239229,2021,2021-04-23,5407,2021-03-01,1746,A322,480,1,5,5,5407,0,0,0,,0,N25,"N WILLIS","W HOUSTON",0.00,,Y,A,-,N,,,,,,,,,,Y,3,0,1,2,A,-,21,22106,,N,-,C,A,-,H,-,-,A,0,,,,,Y,,A,01,0,1,0,0,0,0,0,0,0,"- ","- ",,,TULARE,VISALIA,-119.29766082763672,36.341838836669922
9239249,2021,2021-04-16,5407,2021-02-12,1920,A291,480,5,5,5,5407,0,0,0,,0,033,"S GARDEN ST","E PARADISE AVE",30.00,S,N,A,-,N,,,,,,,,,,N,4,0,1,2,A,-,05,21651,B,N,A,E,A,A,H,-,C,A,0,,,,,Y,,D,22,0,0,1,0,0,0,0,0,0,"- ","- ",36.315898895263672,-119.28981018066406,TULARE,VISALIA,-119.28968811035156,36.316387176513672
9239269,2021,2021-04-16,5407,2021-02-24,0437,A330,480,3,5,5,5407,0,0,0,,0,N25,"W SADY AV","LINDA VISTA",52.00,W,N,A,-,N,,,,,,,,,,Y,3,0,1,4,A,-,01,23152,B,N,C,E,A,A,H,-,C,A,0,,,,,Y,Y,A,01,0,1,0,0,0,0,0,0,0,"- ","- ",36.338489532470703,-119.32321166992188,TULARE,VISALIA,-119.32266998291016,36.338413238525391
9240086,2021,2021-04-28,5407,2021-03-19,2029,C57,480,5,5,5,5407,0,0,0,,0,025,"S COURT ST","E MINERAL KING AV",0.00,,Y,C,-,Y,TUL,6,63,-,-,8.013,I,5,N,N,3,0,1,2,A,-,12,21453,A,M,D,C,A,B,H,-,C,A,0,,,,,Y,,A,01,0,1,0,0,0,0,0,0,0,"- ","- ",,,TULARE,VISALIA,-119.29229736328125,36.327442169189453
9240098,2021,2021-04-28,5407,2021-03-13,1007,M333,480,6,5,5,5407,0,0,0,,0,R12,"RT 63","W ORCHARD AV",0.00,,Y,A,-,Y,TUL,6,63,-,-,6.135,I,5,S,Y,3,0,2,2,A,-,12,21453,A,N,D,C,A,A,H,-,A,A,0,,,,,Y,,A,01,0,1,1,0,0,0,0,0,0,"- ","- ",,,TULARE,VISALIA,-119.31380462646484,36.300300598144531
9240410,2021,2022-02-16,5407,2021-03-01,0642,C57,480,1,5,5,5407,0,0,0,,0,026,"N DINUBA BL","W VINE",159.00,S,N,A,-,Y,TUL,6,63,-,-,9.490,H,-,N,Y,4,0,3,3,A,-,08,22107,,N,D,C,A,A,H,-,A,A,0,,,,,Y,Y,A,01,0,0,3,0,0,0,0,0,0,"- ","- ",36.348320007324219,-119.29849243164062,TULARE,VISALIA,-119.29691314697266,36.347305297851562
9241086,2021,2021-03-27,5406,2021-02-24,2113,41,2A,3,5,4,5406,0,0,0,,0,0ES,"WASHINGTON AV",OAKS,0.00,,Y,A,-,N,,,,,,,,,,Y,4,0,5,2,A,-,12,22450,A,N,D,C,A,A,G,-,C,A,0,,,,,Y,Y,A,01,0,0,5,0,0,0,0,0,0,"- ","- ",,,TULARE,TULARE,-119.34889984130859,36.232227325439453
9241650,2021,2021-04-14,5405,2021-03-09,1847,279,SEC1,2,5,4,5405,0,0,0,,0,001,"MORTON AV","WALCH ST",285.00,E,N,A,-,N,,,,,,,,,,N,3,0,1,2,A,-,03,22350,,N,C,C,A,A,H,-,D,A,0,,,Y,,Y,,A,01,0,1,0,0,0,0,0,0,1,"- ","- ",,,TULARE,PORTERVILLE,-119.059814453125,36.073097229003906
9241957,2021,2021-05-05,5404,2021-03-24,1529,680,,3,5,2,5404,0,0,0,,0,,MIRAGE,HONOLULU,290.00,S,N,A,-,N,,,,,,,,,,N,4,0,1,2,A,-,09,21804,A,N,D,C,A,A,H,-,A,D,0,,,,,Y,,A,07,0,0,1,0,0,0,0,0,0,"- ","- ",,,TULARE,LINDSAY,-119.08841705322266,36.202262878417969
9249115,2021,2021-04-30,5404,2021-04-07,1604,680,,3,5,2,5404,0,0,0,,0,,HERMOSA,"RT 65",210.00,E,N,A,-,N,,,,,,,,,,Y,3,0,1,2,A,-,09,21804,A,N,D,C,A,A,H,-,A,D,0,,,,,Y,,A,01,0,1,0,0,0,0,0,0,0,"- ","- ",,,TULARE,LINDSAY,-119.10395050048828,36.203277587890625
9249900,2021,2021-04-28,5405,2021-03-20,1306,259,SEC3,6,5,4,5405,0,0,0,,0,,"ORANGE AV","MAIN ST",12.00,E,N,A,-,N,,,,,,,,,,Y,4,0,2,2,A,-,03,22350,,N,C,C,A,A,A,H,A,A,0,,,,,Y,,A,08,0,0,2,0,0,0,0,0,0,"- ","- ",36.061199188232422,-119.01653289794922,TULARE,PORTERVILLE,-119.01654815673828,36.06121826171875
9250358,2021,2021-04-30,5405,2021-04-12,0750,280,,1,5,4,5405,0,0,0,,0,001,"SYCAMORE ST","WESTFIELD AV",9.00,S,N,A,-,N,,,,,,,,,,N,3,0,1,2,A,-,10,21950,A,F,G,B,A,A,H,-,A,A,0,,Y,,,Y,,L,04,0,1,0,0,0,0,1,0,0,"- ","- ",36.087581634521484,-119.07256317138672,TULARE,PORTERVILLE,-119.07259368896484,36.087604522705078
9250360,2021,2021-04-30,5405,2021-04-05,1559,279,,1,5,4,5405,0,0,0,,0,SEC4,"OLIVE AV","PORTER RD",0.00,,Y,A,-,N,,,,,,,,,,N,3,0,1,2,D,-,00,,,N,D,C,A,A,H,-,A,A,0,,,,,Y,,-,"- ",0,1,0,0,0,0,0,0,0,"- ","- ",36.06597900390625,-119.03814697265625,TULARE,PORTERVILLE,-119.03817749023438,36.066032409667969
9250741,2021,2021-05-21,5405,2021-04-18,1307,CS026,,7,5,4,5405,0,0,0,,0,002,"MAIN ST","MORTON AV",0.00,,Y,A,-,N,,,,,,,,,,Y,3,0,2,2,A,-,12,21453,A,N,D,C,A,A,H,-,A,A,0,,,,,Y,,A,01,0,2,0,0,0,0,0,0,0,"- ","- ",,,TULARE,PORTERVILLE,-119.01615905761719,36.073051452636719
9250742,2021,2021-05-21,5405,2021-04-17,1744,CS026,,6,5,4,5405,0,0,0,,0,003,"MOUNTAIN VIEW AV","MAIN ST",150.00,E,N,A,-,N,,,,,,,,,,Y,3,0,1,2,C,-,18,,,N,D,I,A,A,H,-,A,D,0,,,,,Y,,-,"- ",0,1,0,0,0,0,0,0,0,"- ","- ",,,TULARE,PORTERVILLE,-119.01644134521484,36.05218505859375
9250744,2021,2021-05-21,5405,2021-04-11,0919,271,"SEC 4",7,5,4,5405,0,0,0,,0,,"OLIVE AV","VILLA ST",48.00,E,N,A,-,N,,,,,,,,,,Y,4,0,2,2,A,-,03,22350,,N,C,C,A,A,H,-,A,A,0,,,,,Y,,A,07,0,0,2,0,0,0,0,0,0,"- ","- ",36.065971374511719,-119.03061676025391,TULARE,PORTERVILLE,-119.03045654296875,36.065910339355469
9252242,2021,2021-04-19,5407,2021-03-02,0136,A336,480,2,5,5,5407,0,0,0,,0,Q34,"E CALDWELL AV","S BURKE",423.00,W,N,A,-,N,,,,,,,,,,Y,2,0,1,2,A,-,17,21753,,N,C,C,A,A,H,-,C,A,0,,,,,Y,Y,A,08,1,0,0,0,0,0,0,0,0,"- ","- ",36.298099517822266,-119.28273010253906,TULARE,VISALIA,-119.28414154052734,36.298114776611328
9252331,2021,2021-04-19,5407,2021-02-04,1631,A311,480,4,5,5,5407,0,0,0,,0,033,"E NOBLE AV","S PINKHAM ST",0.00,,Y,A,-,N,,,,,,,,,,N,3,0,1,2,A,-,09,21802,A,M,D,C,A,A,H,-,A,A,0,,,,,Y,,-,,0,1,0,0,0,0,0,0,0,"- ","- ",36.326469421386719,-119.2696533203125,TULARE,VISALIA,-119.26963806152344,36.326446533203125
9252707,2021,2021-04-23,5406,2021-03-20,2111,81,5406,6,5,4,5406,0,0,0,,0,0DT,N,"SAN JOAQUIN",0.00,,Y,A,-,N,,,,,,,,,,Y,3,0,1,2,A,-,12,22450,A,N,D,C,A,A,H,-,C,D,0,,,,,Y,,B,01,0,1,0,0,0,0,0,0,0,"- ","- ",,,TULARE,TULARE,-119.34268951416016,36.211231231689453
9253317,2021,2021-04-27,5407,2021-03-04,1837,A285,480,4,5,5,5407,0,0,0,,0,Q34,"W WALNUT","S ENCINA",0.00,,Y,A,-,N,,,,,,,,,,Y,2,0,2,2,A,-,03,22350,,N,D,C,A,A,H,-,C,A,0,,,Y,,Y,,C,02,1,0,1,0,0,0,0,0,1,"- ","- ",,,TULARE,VISALIA,-119.2947998046875,36.3128662109375
9253318,2021,2021-04-27,5407,2021-03-03,1322,C51,480,3,5,5,5407,0,0,0,,0,R12,"W CAMPUS AV","S COUNTY CENTER DR",354.00,W,N,B,-,N,,,,,,,,,,Y,4,0,3,2,A,-,08,22107,,N,D,C,A,A,H,-,A,D,0,,,,,Y,,-,,0,0,3,0,0,0,0,0,0,"- ","- ",36.324378967285156,-119.32563018798828,TULARE,VISALIA,-119.32669067382812,36.324817657470703
9253331,2021,2021-04-26,5406,2021-03-15,1401,64,,1,5,4,5406,0,0,0,,0,0ES,M,KING,0.00,,Y,A,-,N,,,,,,,,,,Y,4,0,1,2,A,-,09,21804,A,N,D,-,A,A,H,-,A,A,0,,,,,Y,,A,08,0,0,1,0,0,0,0,0,0,"- ","- ",,,TULARE,TULARE,-119.34377288818359,36.209701538085938
9254855,2021,2021-04-30,5405,2021-04-01,2117,278,SEC1,4,5,4,5405,0,0,0,,0,001,"PROSPECT ST","SAN LUCIA AV",144.00,S,N,A,-,N,,,,,,,,,,Y,4,0,1,2,A,-,08,22107,,N,B,E,A,A,H,-,D,A,0,,,,Y,Y,,F,26,0,0,1,0,0,0,0,0,0,"- ","- ",36.085548400878906,-119.04386138916016,TULARE,PORTERVILLE,-119.0440673828125,36.08575439453125
9255390,2021,2021-05-11,5403,2021-04-07,1958,846,VISAL,3,5,2,5403,0,0,0,,0,12F,"FARMERSVILLE BL","W ASH ST",0.00,,Y,A,-,N,,,,,,,,,,Y,4,0,1,2,A,-,00,23350,,F,-,-,A,A,H,-,A,D,0,,,,,Y,,-,,0,0,1,0,0,0,0,0,0,"- ","- ",,,TULARE,FARMERSVILLE,-119.20713043212891,36.301742553710938
9255750,2021,2021-05-07,5406,2021-02-20,1907,52,5406,6,5,4,5406,0,0,0,,0,0AO,WEST,OLEMA,0.00,,Y,A,-,N,,,,,,,,,,Y,2,0,1,1,D,-,00,,,N,F,A,A,A,H,-,C,D,0,,,Y,,Y,,-,"- ",1,0,0,0,0,0,0,0,1,"- ","- ",,,TULARE,TULARE,-119.36686706542969,36.21270751953125
9256346,2021,2023-06-17,5407,2021-03-16,1633,M194,480,2,5,5,5407,0,0,0,,0,026,"N BEN MADDOX WY","BUENA VISTA",121.00,S,N,A,-,N,,,,,,,,,,Y,1,1,0,3,A,-,06,21750,,N,B,C,A,A,H,-,A,D,0,,,Y,,Y,,C,02,0,0,0,0,0,0,0,1,0,"- ","- ",36.345638275146484,-119.27886962890625,TULARE,VISALIA,-119.27884674072266,36.345298767089844
9256446,2021,2021-08-09,5406,2021-01-23,1519,84,5406,6,5,4,5406,0,0,0,,0,0AO,BARDSLEY,"RT 99",0.00,,Y,A,-,Y,TUL,6,99,-,-,28.830,R,4,S,Y,1,1,0,2,A,-,09,21804,A,N,D,C,A,A,H,-,A,A,0,,,Y,,Y,,D,22,0,0,0,0,0,0,0,1,0,"- ",SF,,,TULARE,TULARE,-119.32868194580078,36.199920654296875
9258653,2021,2021-05-03,5407,2021-04-14,2031,A331,480,3,5,5,5407,0,0,0,,0,P33,"S COURT ST","WEST NOBLE AVE",12.00,S,N,A,-,N,,,,,,,,,,Y,2,0,1,2,A,-,17,21657,,N,B,C,A,A,H,-,C,A,0,,,,,Y,,A,01,1,0,0,0,0,0,0,0,0,"- ","- ",36.326419830322266,-119.29225921630859,TULARE,VISALIA,-119.29229736328125,36.326408386230469
9258655,2021,2021-05-03,5407,2021-04-12,2003,A327,480,1,5,5,5407,0,0,0,,0,011,"N SHIRK ST","W GOSHEN AVE",0.00,,Y,A,-,N,,,,,,,,,,Y,3,0,1,3,A,-,12,21453,A,N,D,C,A,A,H,-,C,A,0,,,,,Y,,A,01,0,1,0,0,0,0,0,0,0,"- ","- ",36.341960906982422,-119.36776733398438,TULARE,VISALIA,-119.36775207519531,36.342018127441406
9258659,2021,2021-05-18,5407,2021-04-10,1627,C56,480,6,5,5,5407,0,0,0,,0,N25,"N DEMAREE ST","N SILVERDALE DR",33.00,N,N,A,-,N,,,,,,,,,,Y,2,0,1,3,A,-,03,22350,,N,B,C,A,A,H,-,A,A,0,,,,,Y,,A,01,1,0,0,0,0,0,0,0,0,"- ","- ",36.336441040039062,-119.33191680908203,TULARE,VISALIA,-119.33191680908203,36.336528778076172
9258688,2021,2021-05-07,5407,2021-03-31,1815,A331,480,3,5,5,5407,0,0,0,,0,R12,"S CHINOWITH","W MARY AV",90.00,S,N,A,-,N,,,,,,,,,,Y,3,0,1,1,A,-,08,22107,,N,E,I,A,A,H,-,A,D,0,,,,,Y,,A,01,0,1,0,0,0,0,0,0,0,"- ","- ",36.309879302978516,-119.33612060546875,TULARE,VISALIA,-119.33612060546875,36.30963134765625
9258689,2021,2021-05-07,5407,2021-03-30,1256,C51,480,2,5,5,5407,0,0,0,,0,M11,"W GOSHEN AV","N SHIRK ST",0.00,,Y,A,-,N,,,,,,,,,,Y,2,0,4,3,A,-,12,21453,A,N,D,C,A,A,H,-,A,A,0,,,,,Y,,A,07,1,1,2,0,0,0,0,0,0,"- ","- ",36.341960906982422,-119.36776733398438,TULARE,VISALIA,-119.36775207519531,36.342018127441406
9258692,2021,2021-05-07,5407,2021-03-16,2046,A322,480,2,5,5,5407,0,0,0,,0,012,"S COUNTY CENTER","W NOBLE",0.00,,Y,A,-,N,,,,,,,,,,Y,3,0,2,2,A,-,12,21453,A,N,D,C,A,A,H,-,A,A,0,,,,,Y,,A,01,0,2,0,0,0,0,0,0,0,"- ","- ",,,TULARE,VISALIA,-119.32575225830078,36.326824188232422
9258715,2021,2021-05-07,5407,2021-04-04,2050,A311,480,7,5,5,5407,0,0,0,,0,025,"N DEMAREE ST","W VINE AV",0.00,,Y,A,-,N,,,,,,,,,,Y,3,0,1,2,A,-,09,21801,A,N,D,C,A,A,H,-,C,A,0,,,,,Y,,A,01,0,1,0,0,0,0,0,0,0,"- ","- ",36.346668243408203,-119.33191680908203,TULARE,VISALIA,-119.33163452148438,36.346271514892578
9259956,2021,2021-05-20,5404,2021-04-02,1511,656,20,5,5,2,5404,0,0,0,,0,012,WESTWOOD,BUREM,50.00,N,N,A,-,N,,,,,,,,,,Y,4,0,1,2,A,-,08,22107,,M,-,C,A,A,H,-,A,A,0,,,,,Y,,A,07,0,0,1,0,0,0,0,0,0,"- ","- ",,,TULARE,LINDSAY,-119.10005187988281,36.204689025878906
9261305,2021,2021-05-11,5407,2021-03-30,0948,M226,480,2,5,5,5407,0,0,0,,0,033,"S LOCUST ST","RT 63",0.00,,Y,A,-,Y,TUL,6,63,-,L,9.120,I,5,N,Y,3,0,2,2,A,-,12,21453,A,N,D,C,A,A,H,-,A,A,0,,,,,Y,,A,07,0,1,1,0,0,0,0,0,0,"- ","- ",36.326431274414062,-119.29338073730469,TULARE,VISALIA,-119.29342651367188,36.326435089111328
9264381,2021,2021-05-24,5405,2021-05-11,1350,277,"SEC 3",2,5,4,5405,0,0,0,,0,,"OLIVE AV","2ND ST",6.00,E,N,A,-,N,,,,,,,,,,N,3,0,1,2,A,-,10,21950,A,F,G,B,B,A,H,-,A,A,0,Y,,,,Y,Y,E,22,0,1,0,0,1,0,0,0,0,"- ","- ",36.065158843994141,-119.0152587890625,TULARE,PORTERVILLE,-119.01522827148438,36.065128326416016
9264392,2021,2021-06-03,5405,2021-05-04,1642,197,"SEC 3",2,5,4,5405,0,0,0,,0,003,"OLIVE AV","F ST",32.00,E,N,A,-,N,,,,,,,,,,N,3,0,1,2,A,-,08,22107,,N,B,G,A,A,H,-,A,D,0,,Y,,,Y,,L,04,0,1,0,0,0,0,1,0,0,"- ","- ",36.067649841308594,-119.01785278320312,TULARE,PORTERVILLE,-119.021240234375,36.065166473388672
9265955,2021,2021-06-03,5408,2021-04-12,0201,1945,WOODL,1,5,2,5408,0,0,0,,0,,"AVENUE 344","ROAD 204",2113.00,W,N,A,-,N,,,,,,,,,,Y,4,0,1,1,A,-,08,22107,,N,A,I,A,A,H,-,D,D,0,,,,,Y,,-,"- ",0,0,1,0,0,0,0,0,0,"- ","- ",,,TULARE,WOODLAKE,-119.12400054931641,36.413787841796875
9266052,2021,2021-05-27,5408,2021-04-01,1220,1951,,4,5,2,5408,0,0,0,,0,5408,"N VALENCIA","N VALENCIA  222",0.00,,Y,A,-,N,,,,,,,,,,Y,4,0,1,2,B,-,22,,,M,C,C,A,A,H,-,A,D,0,,,,,Y,,A,01,0,0,1,0,0,0,0,0,0,"- ","- ",,,TULARE,WOODLAKE,-119.09890747070312,36.413665771484375
9266517,2021,2021-06-16,5405,2021-05-22,1934,272,SEC3,6,5,4,5405,0,0,0,,0,,"MAIN ST","VANDALIA AV",0.00,,Y,A,-,N,,,,,,,,,,Y,4,0,2,2,A,-,09,21800,A,N,D,C,A,A,H,-,A,D,0,,,,Y,Y,,A,01,0,0,2,0,0,0,0,0,0,"- ","- ",,,TULARE,PORTERVILLE,-119.01708221435547,36.053073883056641
9266653,2021,2021-06-15,5405,2021-05-15,1205,CS026,2,6,5,4,5405,0,0,0,,0,,"OLIVE AV","A ST",168.00,E,N,A,-,N,,,,,,,,,,Y,3,0,1,2,A,-,03,22350,,N,C,C,A,A,H,-,A,A,0,,,,,Y,,A,01,0,1,0,0,0,0,0,0,0,"- ","- ",,,TULARE,PORTERVILLE,-119.01248931884766,36.065093994140625
9266655,2021,2021-06-15,5405,2021-05-21,1429,CSO3,4,5,5,4,5405,0,0,0,,0,,"OLIVE AV","SALISBURY ST",366.00,W,N,B,-,N,,,,,,,,,,Y,3,0,1,2,A,-,08,22107,,N,C,E,A,A,H,-,A,D,0,,,,,Y,,A,01,0,1,0,0,0,0,0,0,0,"- ","- ",,,TULARE,PORTERVILLE,-119.05867004394531,36.065814971923828
9268059,2021,2021-05-26,5407,2021-03-27,1846,C56,480,6,5,5,5407,0,0,0,,0,N25,"N LOCUST ST","W CENTER AV",0.00,,Y,A,-,N,,,,,,,,,,Y,2,0,2,2,A,-,12,21453,A,N,A,C,A,A,H,-,B,A,0,,,,,Y,,A,07,2,0,0,0,0,0,0,0,0,"- ","- ",36.331050872802734,-119.29344940185547,TULARE,VISALIA,-119.29344940185547,36.331047058105469
9268163,2021,2021-05-26,5407,2021-05-08,1852,C55,480,6,5,5,5407,0,0,0,,0,Q34,"E WALNUT AV","S PINKHAM ST",0.00,,Y,A,-,N,,,,,,,,,,Y,2,0,1,2,A,-,12,21453,A,N,D,C,A,A,H,-,A,A,0,,,,,Y,,A,01,1,0,0,0,0,0,0,0,0,"- ","- ",,,TULARE,VISALIA,-119.26956176757812,36.312641143798828
9268164,2021,2021-05-26,5407,2021-05-08,1532,C57,480,6,5,5,5407,0,0,0,,0,011,"W CROWLEY CT","N DEMAREE ST",19.00,W,N,A,-,N,,,,,,,,,,Y,2,0,2,2,A,-,09,21801,A,N,D,C,A,A,H,-,A,A,0,,,,,Y,Y,A,07,1,0,1,0,0,0,0,0,0,"- ","- ",36.333148956298828,-119.33187103271484,TULARE,VISALIA,-119.33191680908203,36.331809997558594
9268168,2021,2021-05-27,5407,2021-05-01,1512,C57,480,6,5,5,5407,0,0,0,,0,025,"W MURRAY AV","N ENCINA ST",54.00,E,N,A,-,N,,,,,,,,,,N,3,0,1,2,A,-,04,21703,,N,C,C,A,A,H,-,A,A,0,,,,,Y,,A,01,0,1,0,0,0,0,0,0,0,"- ","- ",36.333759307861328,-119.29460906982422,TULARE,VISALIA,-119.29442596435547,36.333763122558594
9270486,2021,2021-06-04,5404,2021-05-17,0757,688,20L,1,5,2,5404,0,0,0,,0,010,"N GALE HILL","3RD ST",133.00,S,N,A,-,N,,,,,,,,,,N,2,0,1,2,A,-,11,21950,B,N,G,B,D,A,H,-,A,D,0,Y,,,,Y,,N,60,1,0,0,0,1,0,0,0,0,"- ","- ",,,TULARE,LINDSAY,-119.08953857421875,36.209285736083984
9271450,2021,2021-06-18,5405,2021-05-14,1855,259,,5,5,4,5405,0,0,0,,0,003,"RT 190","PLANO ST",265.00,W,N,A,-,Y,TUL,6,190,-,-,16.920,H,-,E,Y,3,0,3,3,A,-,07,21658,A,N,B,C,A,A,H,-,A,D,0,,,,,Y,,A,01,0,2,1,0,0,0,0,0,0,"- ","- ",36.051109313964844,-119.00821685791016,TULARE,PORTERVILLE,-119.009033203125,36.051021575927734
9271454,2021,2021-06-18,5405,2021-05-21,0115,231,,5,5,4,5405,0,0,0,,0,,"RT 190","JAYE ST",0.00,,Y,A,-,Y,TUL,6,190,-,-,15.950,I,5,W,Y,4,0,2,2,A,-,09,21804,A,N,D,C,A,A,H,-,C,A,0,,,,,Y,,A,01,0,0,2,0,0,0,0,0,0,"- ","- ",36.051528930664062,-119.02626800537109,TULARE,PORTERVILLE,-119.02625274658203,36.051593780517578
9272431,2021,2021-06-09,5407,2021-04-28,2219,A342,480,3,5,5,5407,0,0,0,,0,026,"E HOUSTON AV","N MACULFIFF ST",0.00,,Y,A,-,N,,,,,,,,,,Y,4,0,1,2,A,-,12,21453,A,N,D,D,A,A,H,-,C,A,0,,,,,Y,,A,01,0,0,1,0,0,0,0,0,0,"- ","- ",,,TULARE,VISALIA,-119.25199890136719,36.342071533203125
9272433,2021,2021-06-09,5407,2021-04-24,0846,C55,480,6,5,5,5407,0,0,0,,0,R12,"CAMPUS AV","COUNTY CENTER DR",485.00,W,N,A,-,N,,,,,,,,,,Y,4,0,1,3,A,-,01,23152,F,N,B,E,A,A,H,-,A,A,0,,,,,Y,,A,01,0,0,1,0,0,0,0,0,0,"- ","- ",36.324378967285156,-119.32563018798828,TULARE,VISALIA,-119.32712554931641,36.324871063232422