CASE_ID,ACCIDENT_YEAR,PROC_DATE,JURIS,COLLISION_DATE,COLLISION_TIME,OFFICER_ID,REPORTING_DISTRICT,DAY_OF_WEEK,CHP_SHIFT,POPULATION,CNTY_CITY_LOC,SPECIAL_COND,BEAT_TYPE,CHP_BEAT_TYPE,CITY_DIVISION_LAPD,CHP_BEAT_CLASS,BEAT_NUMBER,PRIMARY_RD,SECONDARY_RD,DISTANCE,DIRECTION,INTERSECTION,WEATHER_1,WEATHER_2,STATE_HWY_IND,CALTRANS_COUNTY,CALTRANS_DISTRICT,STATE_ROUTE,ROUTE_SUFFIX,POSTMILE_PREFIX,POSTMILE,LOCATION_TYPE,RAMP_INTERSECTION,SIDE_OF_HWY,TOW_AWAY,COLLISION_SEVERITY,NUMBER_KILLED,NUMBER_INJURED,PARTY_COUNT,PRIMARY_COLL_FACTOR,PCF_CODE_OF_VIOL,PCF_VIOL_CATEGORY,PCF_VIOLATION,PCF_VIOL_SUBSECTION,HIT_AND_RUN,TYPE_OF_COLLISION,MVIW,PED_ACTION,ROAD_SURFACE,ROAD_COND_1,ROAD_COND_2,LIGHTING,CONTROL_DEVICE,CHP_ROAD_TYPE,PEDESTRIAN_ACCIDENT,BICYCLE_ACCIDENT,MOTORCYCLE_ACCIDENT,TRUCK_ACCIDENT,NOT_PRIVATE_PROPERTY,ALCOHOL_INVOLVED,STWD_VEHTYPE_AT_FAULT,CHP_VEHTYPE_AT_FAULT,COUNT_SEVERE_INJ,COUNT_VISIBLE_INJ,COUNT_COMPLAINT_PAIN,COUNT_PED_KILLED,COUNT_PED_INJURED,COUNT_BICYCLIST_KILLED,COUNT_BICYCLIST_INJURED,COUNT_MC_KILLED,COUNT_MC_INJURED,PRIMARY_RAMP,SECONDARY_RAMP,LATITUDE,LONGITUDE,COUNTY,CITY,POINT_X,POINT_Y
9272436,2021,2021-06-09,5407,2021-04-21,1319,C51,480,3,5,5,5407,0,0,0,,0,R12,"S AKERS ST","W TULARE AV",23.00,S,N,A,-,N,,,,,,,,,,N,4,0,1,2,A,-,07,21658,A,N,C,C,A,A,H,-,A,A,0,,,,,Y,,A,01,0,0,1,0,0,0,0,0,0,"- ","- ",36.320011138916016,-119.34961700439453,TULARE,VISALIA,-119.34970092773438,36.319938659667969
9272764,2021,2021-07-16,5404,2021-06-06,1205,688,20L,7,5,2,5404,0,0,0,,0,003,"N ELMWOOD AV","E ALAMEDA",70.00,S,N,A,-,N,,,,,,,,,,Y,3,0,1,2,A,-,08,22107,,N,A,C,A,A,H,-,A,D,0,,,Y,,Y,,C,02,0,1,0,0,0,0,0,0,0,"- ","- ",,,TULARE,LINDSAY,-119.09254455566406,36.212245941162109
9275723,2021,2021-06-22,5406,2021-05-20,1747,81,5406,4,5,4,5406,0,0,0,,0,0ES,"RT 137",J,0.00,,Y,A,-,Y,TUL,6,137,-,R,15.380,I,5,W,Y,4,0,1,2,A,-,12,21453,A,N,D,E,A,A,H,-,A,A,0,,,,,Y,,J,48,0,0,1,0,0,0,0,0,0,"- ","- ",,,TULARE,TULARE,-119.34683990478516,36.205299377441406
9277940,2021,2021-06-17,5404,2021-05-30,1810,674,20L,7,5,2,5404,0,0,0,,0,004,"GALE HILL",SAMOA,130.00,N,N,A,-,N,,,,,,,,,,Y,4,0,1,3,A,-,08,22107,,N,C,C,A,A,H,-,A,-,0,,,,,Y,,D,22,0,0,1,0,0,0,0,0,0,"- ","- ",,,TULARE,LINDSAY,-119.08839416503906,36.204986572265625
9279024,2021,2021-07-07,5405,2021-06-10,1638,229,,4,5,4,5405,0,0,0,,0,SEC4,"PUTNAM AV","INDIANA ST",0.00,,Y,A,-,N,,,,,,,,,,N,4,0,1,2,A,-,10,21950,A,N,D,B,B,A,H,-,A,A,0,Y,,,,Y,,A,01,0,0,1,0,1,0,0,0,0,"- ","- ",36.069610595703125,-119.03511810302734,TULARE,PORTERVILLE,-119.03511047363281,36.069625854492188
9279093,2021,2021-06-24,5405,2021-05-15,1836,259,"SEC 3",6,5,4,5405,0,0,0,,0,,"PLANO ST","EASTRIDGE CIR",0.00,,Y,A,-,N,,,,,,,,,,N,4,0,1,2,A,-,12,22450,A,F,D,C,A,A,H,-,A,A,0,,,,,Y,,A,01,0,0,1,0,0,0,0,0,0,"- ","- ",36.061149597167969,-119.01310729980469,TULARE,PORTERVILLE,-119.00801086425781,36.063144683837891
9279349,2021,2021-06-24,5406,2021-05-10,1414,70,5406,1,5,4,5406,0,0,0,,0,0AO,J,PROSPERITY,25.00,N,N,A,-,N,,,,,,,,,,N,4,0,1,2,A,-,03,22350,,N,C,C,A,A,H,-,A,A,0,,,,,Y,,A,01,0,0,1,0,0,0,0,0,0,"- ","- ",,,TULARE,TULARE,-119.35205841064453,36.225666046142578
9280096,2021,2021-06-28,5406,2021-05-03,1525,136,5406,1,5,4,5406,0,0,0,,0,0AO,LASPINA,TULARE,0.00,,Y,A,-,Y,TUL,6,137,-,-,17.010,I,5,E,N,4,0,1,2,A,-,12,21453,A,M,D,G,A,A,H,-,A,A,0,,Y,,,Y,,-,99,0,0,1,0,0,0,1,0,0,"- ","- ",,,TULARE,TULARE,-119.32186889648438,36.211128234863281
9280356,2021,2021-07-20,5405,2021-06-03,2217,274,,4,5,4,5405,0,0,0,,0,004,"OLIVE AV","RT 65",0.00,,Y,A,-,Y,TUL,6,65,-,-,19.019,R,4,S,Y,3,0,1,2,A,-,09,21801,A,N,G,C,A,A,H,-,B,A,0,,,Y,,Y,Y,D,22,0,1,0,0,0,0,0,0,1,"- ",SO,,,TULARE,PORTERVILLE,-119.03950500488281,36.063926696777344
9281291,2021,2021-08-16,5407,2021-06-26,2006,C57,480,6,5,5,5407,0,0,0,,0,011,"S MOONEY BL","W CAMERON AV",300.00,S,N,A,-,N,,,,,,,,,,Y,4,0,1,2,A,-,01,23152,A,N,D,C,A,A,H,-,C,A,0,,,,,Y,Y,A,07,0,0,1,0,0,0,0,0,0,"- ","- ",36.294109344482422,-119.31417846679688,TULARE,VISALIA,-119.31371307373047,36.293727874755859
9281346,2021,2021-08-20,5407,2021-07-07,2251,A321,480,3,5,5,5407,0,0,0,,0,026,"BEN MADDOX",GOSHEN,159.00,S,N,A,-,N,,,,,,,,,,Y,3,0,4,2,A,-,09,21801,A,N,D,C,A,A,H,-,C,D,0,,,,Y,Y,Y,F,26,0,4,0,0,0,0,0,0,0,"- ","- ",,,TULARE,VISALIA,-119.27877044677734,36.334182739257812
9281357,2021,2021-08-16,5405,2021-07-20,2206,259,4,2,5,4,5405,0,0,0,,0,,"OLIVE AV","BEVERLY ST",0.00,,Y,A,-,N,,,,,,,,,,Y,2,0,2,2,A,-,03,22350,,N,D,C,A,A,H,-,C,A,0,,,Y,Y,Y,,C,02,1,1,0,0,0,0,0,0,1,"- ","- ",36.065021514892578,-119.04918670654297,TULARE,PORTERVILLE,-119.04856109619141,36.065879821777344
9281358,2021,2021-08-16,5407,2021-07-01,0911,A302,480,4,5,5,5407,0,0,0,,0,033,"S LOVERS LN","NOBLE AV",0.00,,Y,A,-,N,,,,,,,,,,Y,3,0,1,3,A,-,12,21453,A,N,D,C,A,A,H,-,A,A,0,,,,,Y,,A,01,0,1,0,0,0,0,0,0,0,"- ","- ",36.326641082763672,-119.26077270507812,TULARE,VISALIA,-119.26070404052734,36.326618194580078
9281678,2021,2021-06-30,5405,2021-06-10,0923,169,,4,5,4,5405,0,0,0,,0,,"RT 190","BLUE HERON",1584.00,E,N,A,-,Y,TUL,6,190,-,-,18.750,H,-,W,Y,3,0,3,2,A,-,09,21801,A,N,D,C,A,A,H,-,A,A,0,,,,,Y,,D,22,0,3,0,0,0,0,0,0,0,"- ","- ",36.051189422607422,-118.98164367675781,TULARE,PORTERVILLE,-118.97655487060547,36.05133056640625
9282633,2021,2021-07-16,5404,2021-06-18,2221,671,20L,5,5,2,5404,0,0,0,,0,013,MIRAGE,HERMOSA,0.00,,Y,A,-,N,,,,,,,,,,N,4,0,1,2,A,-,03,22350,,F,C,C,A,A,H,-,C,A,0,,,,,Y,Y,A,08,0,0,1,0,0,0,0,0,0,"- ","- ",,,TULARE,LINDSAY,-119.09012603759766,36.205432891845703
9285502,2021,2021-07-07,5405,2021-06-14,0650,259,"SEC 2",1,5,4,5405,0,0,0,,0,,"RT 65","NORTH GRAND AV",0.00,,Y,A,-,Y,TUL,6,65,-,-,21.380,I,5,N,Y,2,0,1,2,A,-,12,21453,A,N,D,C,A,A,H,-,A,A,0,,,,Y,Y,,G,27,1,0,0,0,0,0,0,0,0,"- ","- ",36.098258972167969,-119.04012298583984,TULARE,PORTERVILLE,-119.03997802734375,36.098239898681641
9285803,2021,2021-07-06,5405,2021-06-19,2227,231,,6,5,4,5405,0,0,0,,0,003,"PUTNAM AV","E ST",0.00,,Y,A,-,N,,,,,,,,,,Y,4,0,2,2,A,-,01,23152,A,F,D,C,A,A,H,-,A,D,0,,,,,Y,Y,A,01,0,0,2,0,0,0,0,0,0,"- ","- ",36.069698333740234,-119.0198974609375,TULARE,PORTERVILLE,-119.01994323730469,36.069721221923828
9285804,2021,2021-07-06,5405,2021-06-20,0756,270,,7,5,4,5405,0,0,0,,0,003,"MAIN ST","YATES AV",183.00,N,N,A,-,N,,,,,,,,,,Y,3,0,1,1,A,-,03,22350,,N,H,A,A,A,H,-,A,D,0,,,Y,,Y,,C,02,0,1,0,0,0,0,0,0,1,"- ","- ",,,TULARE,PORTERVILLE,,
9285806,2021,2021-09-07,5405,2021-06-19,1944,266,"SEC 1",6,5,4,5405,0,0,0,,0,,"NEWCOMB ST","PIONEER AV",0.00,,Y,A,-,N,,,,,,,,,,Y,4,0,2,2,A,-,00,23153,E,N,B,C,A,A,H,-,A,A,0,,,,,Y,,A,01,0,0,2,0,0,0,0,0,0,"- ","- ",36.091190338134766,-119.05287170410156,TULARE,PORTERVILLE,-119.05289459228516,36.091205596923828
9285807,2021,2021-07-06,5405,2021-06-14,1155,CSO3,,1,5,4,5405,0,0,0,,0,004,"TOMAH AV","INDIANA ST",0.00,,Y,A,-,N,,,,,,,,,,N,4,0,1,2,A,-,03,22350,,N,B,C,A,A,H,-,A,A,0,,,,,Y,,A,01,0,0,1,0,0,0,0,0,0,"- ","- ",,,TULARE,PORTERVILLE,-119.03512573242188,36.067798614501953
9285808,2021,2021-07-06,5405,2021-06-11,1740,265,"SEC 3",5,5,4,5405,0,0,0,,0,003,"OLIVE AV","PLANO ST",262.00,W,N,A,-,N,,,,,,,,,,N,4,0,2,2,A,-,09,21804,A,F,B,C,A,A,H,-,A,A,0,,,,,Y,,-,,0,0,2,0,0,0,0,0,0,"- ","- ",36.065128326416016,-119.00830841064453,TULARE,PORTERVILLE,-119.00920867919922,36.065101623535156
9286248,2021,2021-07-15,5406,2021-06-10,1037,58,,4,5,4,5406,0,0,0,,0,,MOONEY,CROSS,0.00,,Y,A,-,Y,TUL,6,63,-,-,0.730,H,-,S,N,3,0,1,2,A,-,09,21802,A,N,D,C,A,A,H,-,A,A,0,,,,,Y,,A,01,0,1,0,0,0,0,0,0,0,"- ","- ",,,TULARE,TULARE,-119.31308746337891,36.221832275390625
9286281,2021,2021-07-12,5407,2021-06-19,0148,A341,480,6,5,5,5407,0,0,0,,0,025,"W MAIN ST","S MOONEY BL",0.00,,N,A,-,N,,,,,,,,,,Y,4,0,1,1,A,-,03,22350,,N,E,I,A,A,H,-,C,A,0,,,,,Y,Y,A,01,0,0,1,0,0,0,0,0,0,"- ","- ",36.329551696777344,-119.31391906738281,TULARE,VISALIA,-119.31388092041016,36.329643249511719
9286289,2021,2021-07-13,5407,2021-06-10,1443,M226,480,4,5,5,5407,0,0,0,,0,025,"RT 63","ACEQUIA AV",0.00,,Y,A,-,Y,TUL,6,63,-,-,8.139,I,5,N,N,4,0,1,2,A,-,10,21950,A,N,G,B,B,A,H,-,A,A,0,Y,,,,Y,,-,99,0,0,1,0,1,0,0,0,0,"- ","- ",36.329250335693359,-119.29116821289062,TULARE,VISALIA,-119.29235076904297,36.329254150390625
9286290,2021,2021-07-19,5407,2021-05-14,1342,M282,480,5,5,5,5407,0,0,0,,0,034,"S MOONEY BL","AV 264",0.00,,Y,A,-,Y,TUL,6,63,-,-,4.010,I,5,N,Y,3,0,2,2,A,-,12,21453,A,N,A,C,A,A,H,-,A,A,0,,,,,Y,,A,07,0,1,1,0,0,0,0,0,0,"- ","- ",36.269439697265625,-119.31329345703125,TULARE,VISALIA,-119.31324005126953,36.269435882568359
9286942,2021,2021-09-08,5405,2021-07-14,1425,259,SEC4,3,5,4,5405,0,0,0,,0,,"OLIVE AV","MATTHEW ST",64.00,E,N,A,-,N,,,,,,,,,,Y,4,0,1,2,A,-,01,23152,A,F,C,C,A,A,H,-,A,D,0,,,,Y,Y,,A,01,0,0,1,0,0,0,0,0,0,"- ","- ",36.065719604492188,-119.06192779541016,TULARE,PORTERVILLE,-119.06169128417969,36.065792083740234
9287617,2021,2021-07-28,5402,2021-05-17,1052,817,,1,5,2,5402,0,0,0,,0,12E,"RT 65","SOCAL EDISON POLE 1382601E",17.00,W,N,A,-,Y,TUL,6,65,-,-,37.650,I,5,N,N,4,0,1,2,A,-,04,21703,,N,C,C,A,A,H,-,A,D,0,,,,,Y,,-,,0,0,1,0,0,0,0,0,0,"- ","- ",,,TULARE,EXETER,-119.13606262207031,36.298049926757812
9288279,2021,2021-07-08,5407,2021-05-27,1211,M226,480,4,5,5,5407,0,0,0,,0,026,"E MINERAL KING AV","E STAPP DR",0.00,,Y,A,-,N,,,,,,,,,,N,4,0,2,3,A,-,05,21650,1,N,D,G,A,A,H,-,A,A,0,,Y,,,Y,,L,04,0,0,2,0,0,0,2,0,0,"- ","- ",36.327919006347656,-119.25855255126953,TULARE,VISALIA,-119.25874328613281,36.328392028808594
9288286,2021,2021-07-15,5407,2021-05-24,0510,A341,480,1,5,5,5407,0,0,0,,0,012,"W WALNUT AV","S DEMAREE ST",0.00,,Y,A,-,N,,,,,,,,,,Y,3,0,1,2,A,-,12,21453,A,N,D,C,A,A,H,-,B,A,0,,,,Y,Y,,F,26,0,1,0,0,0,0,0,0,0,"- ","- ",36.312820434570312,-119.33168029785156,TULARE,VISALIA,-119.33167266845703,36.312812805175781
9288287,2021,2021-08-13,5407,2021-06-11,1458,C51,480,5,5,5,5407,0,0,0,,0,026,"E MINERAL KING AV","S MCAULIFF ST",0.00,,Y,A,-,N,,,,,,,,,,Y,4,0,3,3,A,-,03,22350,,N,C,C,A,-,H,-,A,A,0,,,,,Y,,D,22,0,0,3,0,0,0,0,0,0,"- ","- ",,,TULARE,VISALIA,-119.25194549560547,36.327060699462891
9288288,2021,2021-08-04,5407,2021-06-10,1131,C51,480,4,5,5,5407,0,0,0,,0,N25,"W MINERAL KING AV","S CONYER ST",0.00,,Y,A,-,N,,,,,,,,,,Y,3,0,1,2,A,-,12,21453,A,N,D,C,A,A,H,-,A,A,0,,,,,Y,,-,"- ",0,1,0,0,0,0,0,0,0,"- ","- ",,,TULARE,VISALIA,-119.30107116699219,36.327365875244141
9288295,2021,2021-07-16,5407,2021-06-18,1744,C57,480,5,5,5,5407,0,0,0,,0,026,"E MINERAL KING AV","S BRIDGE ST",0.00,,Y,A,-,N,,,,,,,,,,Y,3,0,2,3,A,-,12,21453,A,N,D,C,A,A,H,-,A,A,0,,,,,Y,,A,07,0,2,0,0,0,0,0,0,0,"- ","- ",36.327449798583984,-119.28893280029297,TULARE,VISALIA,-119.28895568847656,36.327438354492188
9288298,2021,2021-07-15,5407,2021-06-13,2229,A340,480,7,5,5,5407,0,0,0,,0,N25,"LOCUST ST","RACE AV",0.00,,Y,A,-,Y,TUL,6,63,-,-,8.563,I,5,S,Y,3,0,2,3,A,-,01,23152,B,N,D,C,A,A,H,-,C,A,0,,,,Y,Y,Y,A,08,0,2,0,0,0,0,0,0,0,"- ","- ",,,TULARE,VISALIA,-119.29351043701172,36.335338592529297
9288442,2021,2021-07-07,5407,2021-05-17,2020,C57,480,1,5,5,5407,0,0,0,,0,025,VISALIA,"S LOVERS LN",0.00,,Y,A,-,N,,,,,,,,,,Y,3,0,1,2,A,-,09,21801,A,N,D,C,A,A,H,-,C,A,0,,,,,Y,,A,07,0,1,0,0,0,0,0,0,0,"- ","- ",36.328128814697266,-119.26077270507812,TULARE,VISALIA,,
9288444,2021,2021-07-07,5407,2021-05-23,2215,A341,480,7,5,5,5407,0,0,0,,0,033,"E NOBLE AV","S GODDARD ST",450.00,E,N,A,-,N,,,,,,,,,,N,2,0,1,2,A,-,11,21956,,N,G,B,E,A,H,-,C,A,0,Y,,,,Y,,N,60,1,0,0,0,1,0,0,0,0,"- ","- ",36.326641082763672,-119.26077270507812,TULARE,VISALIA,-119.264892578125,36.326919555664062
9288446,2021,2021-07-07,5407,2021-05-27,1552,M194,480,4,5,5,5407,0,0,0,,0,034,CAMERON,STONEBROOK,0.00,,Y,A,-,N,,,,,,,,,,Y,4,0,1,2,A,-,09,21801,A,N,D,C,A,A,H,-,A,D,0,,,Y,,Y,,A,01,0,0,1,0,0,0,0,0,1,"- ","- ",36.294101715087891,-119.3067626953125,TULARE,VISALIA,-119.30527496337891,36.29412841796875
9288558,2021,2021-09-07,5407,2021-06-20,0124,A346,480,7,5,5,5407,0,0,0,,0,033,"BEN MADDOX WY","PARADISE AV",400.00,N,N,A,-,N,,,,,,,,,,Y,3,0,1,2,A,-,03,22350,,N,B,C,A,A,H,-,C,A,0,,,,,Y,Y,A,01,0,1,0,0,0,0,0,0,0,"- ","- ",,,TULARE,VISALIA,-119.27443695068359,36.3172607421875
9288559,2021,2021-09-07,5407,2021-06-20,1528,C57,480,7,5,5,5407,0,0,0,,0,025,"W HOUSTON AV","N TURNER ST",0.00,,Y,A,-,N,,,,,,,,,,Y,4,0,1,2,A,-,12,22450,A,M,D,C,A,A,H,-,A,A,0,,,,,Y,,A,01,0,0,1,0,0,0,0,0,0,"- ","- ",36.341850280761719,-119.30330657958984,TULARE,VISALIA,-119.30329895019531,36.341854095458984
9288576,2021,2021-09-07,5405,2021-06-28,1701,CS026,,1,5,4,5405,0,0,0,,0,002,"SUNNYSIDE ST","LAUREL AV",120.00,N,N,A,-,N,,,,,,,,,,Y,3,0,1,1,A,-,03,22350,,N,E,I,A,A,H,-,A,D,0,,,,,Y,,A,01,0,1,0,0,0,0,0,0,0,"- ","- ",36.08087158203125,-119.01972961425781,TULARE,PORTERVILLE,-119.01966094970703,36.079418182373047
9288577,2021,2021-09-07,5405,2021-06-23,1738,CS026,,3,5,4,5405,0,0,0,,0,001,"NEWCOMB ST","LINDA VISTA AV",0.00,,Y,A,-,N,,,,,,,,,,Y,3,0,1,1,A,-,03,22350,,N,E,I,A,A,H,-,A,D,0,,,,,Y,,A,08,0,1,0,0,0,0,0,0,0,"- ","- ",36.105709075927734,-119.07012176513672,TULARE,PORTERVILLE,-119.05365753173828,36.105587005615234
9288578,2021,2021-09-07,5405,2021-06-20,1542,CS03,,7,5,4,5405,0,0,0,,0,002,"HENDERSON AV","G ST",0.00,,Y,A,-,N,,,,,,,,,,Y,4,0,1,1,A,-,01,23152,F,N,E,I,A,A,H,-,A,A,0,,,,,Y,Y,-,,0,0,1,0,0,0,0,0,0,"- ","- ",,,TULARE,PORTERVILLE,-119.02318572998047,36.080425262451172
9288580,2021,2021-09-07,5405,2021-06-24,2338,266,"SEC 3",4,5,4,5405,0,0,0,,0,,"JAYE ST","SPRINGVILLE AV",60.00,S,N,A,-,N,,,,,,,,,,N,4,0,1,1,A,-,01,23152,A,M,A,J,A,A,H,-,C,A,0,,,,,Y,Y,A,01,0,0,1,0,0,0,0,0,0,"- ","- ",36.053531646728516,-119.02623748779297,TULARE,PORTERVILLE,-119.02617645263672,36.054767608642578
9291231,2021,2021-07-19,5405,2021-06-26,1311,243,,6,5,4,5405,0,0,0,,0,001,"LINDA VISTA AV","NEWCOMB ST",0.00,,Y,A,-,N,,,,,,,,,,N,3,0,2,2,A,-,01,23152,B,N,D,C,A,A,H,-,A,A,0,,,,,Y,Y,A,01,0,1,1,0,0,0,0,0,0,"- ","- ",36.1055908203125,-119.05364990234375,TULARE,PORTERVILLE,-119.05365753173828,36.105587005615234
9291330,2021,2021-07-26,5407,2021-04-24,1457,C57,480,6,5,5,5407,0,0,0,,0,025,"GIDDINGS ST","W MAIN ST",0.00,,Y,A,-,N,,,,,,,,,,N,3,0,1,3,A,-,12,21453,A,N,D,C,A,A,H,-,A,A,0,,,,,Y,,A,01,0,1,0,0,0,0,0,0,0,"- ","- ",,,TULARE,VISALIA,-119.30547332763672,36.330047607421875
9291343,2021,2021-07-30,5407,2021-03-30,1009,M66,480,2,5,5,5407,0,0,0,,0,,"SANTA FE ST","NE 1ST AV",0.00,,Y,B,-,N,,,,,,,,,,Y,2,0,1,2,A,-,08,22107,,N,D,G,A,A,H,-,A,D,0,,Y,,,Y,,L,04,1,0,0,0,0,0,1,0,0,"- ","- ",36.339210510253906,-119.28791809082031,TULARE,VISALIA,-119.28788757324219,36.339237213134766
9294036,2021,2021-09-10,5405,2021-07-09,0842,268,"SEC 4",5,5,4,5405,0,0,0,,0,"SEC 4","OLIVE AV","VILLA ST",75.00,W,N,A,-,N,,,,,,,,,,N,4,0,1,2,A,-,09,21804,A,N,B,C,A,A,H,-,A,D,0,,,,,Y,,A,01,0,0,1,0,0,0,0,0,0,"- ","- ",36.065780639648438,-119.03118896484375,TULARE,PORTERVILLE,-119.03087615966797,36.065910339355469
9294243,2021,2021-08-23,5405,2021-07-07,1919,229,,3,5,4,5405,0,0,0,,0,SEC3,"ORANGE AV","WALLACE ST",81.00,W,N,A,-,N,,,,,,,,,,Y,3,0,1,1,A,-,08,22107,,N,A,I,A,A,H,-,A,D,0,,,,,Y,,A,01,0,1,0,0,0,0,0,0,0,"- ","- ",36.061111450195312,-119.01223754882812,TULARE,PORTERVILLE,-119.01206970214844,36.061119079589844
9294593,2021,2021-09-14,5404,2021-07-12,1155,686,20L,1,5,2,5404,0,0,0,,0,010,TULARE,ELMWOOD,12.00,W,N,A,-,N,,,,,,,,,,N,4,0,1,2,A,-,03,22350,,M,C,C,A,A,H,-,A,D,0,,,,,Y,,-,,0,0,1,0,0,0,0,0,0,"- ","- ",,,TULARE,LINDSAY,-119.09249114990234,36.210559844970703
9297781,2021,2021-08-17,5405,2021-07-29,1134,246,SEC3,4,5,4,5405,0,0,0,,0,003,"PLANO ST","CORONA DR",0.00,,Y,A,-,N,,,,,,,,,,N,3,0,1,2,A,-,09,21802,A,N,D,C,A,A,H,-,A,A,0,,,,,Y,,A,01,0,1,0,0,0,0,0,0,0,"- ","- ",36.062450408935547,-119.00771331787109,TULARE,PORTERVILLE,-119.00772857666016,36.062423706054688
9297782,2021,2021-08-17,5405,2021-07-27,1430,CSO26,1,2,5,4,5405,0,0,0,,0,,"PEARSON DR","MORTON AV",90.00,S,N,A,-,N,,,,,,,,,,N,3,0,1,2,A,-,03,22350,,N,C,C,A,A,H,-,A,D,0,,,,,Y,,A,07,0,1,0,0,0,0,0,0,0,"- ","- ",,,TULARE,PORTERVILLE,-119.02760314941406,36.072971343994141
9297786,2021,2021-08-17,5405,2021-07-20,1721,246,SEC3,2,5,4,5405,0,0,0,,0,003,"POPLAR AV","PLANO ST",0.00,,Y,A,-,N,,,,,,,,,,Y,3,0,1,2,A,-,12,22450,A,F,D,C,A,A,H,-,A,A,0,,,,,Y,,-,,0,1,0,0,0,0,0,0,0,"- ","- ",36.052650451660156,-119.00817108154297,TULARE,PORTERVILLE,-119.00820922851562,36.051029205322266
9297791,2021,2021-09-01,5405,2021-07-18,1457,268,SEC3,7,5,4,5405,0,0,0,,0,SEC3,"WORTH AV","BLUE HERON PKWY",450.00,E,N,A,-,N,,,,,,,,,,Y,3,0,1,1,A,-,03,22350,,N,A,I,A,A,H,-,A,D,0,,,,,Y,,A,01,0,1,0,0,0,0,0,0,0,"- ","- ",36.043910980224609,-118.98050689697266,TULARE,PORTERVILLE,-118.97898864746094,36.043899536132812
9297806,2021,2021-09-03,5407,2021-07-07,2220,A318,480,3,5,5,5407,0,0,0,,0,033,"W NOBLE AV","S GIDDINGS ST",135.00,E,N,A,-,N,,,,,,,,,,N,3,0,1,2,A,-,07,21658,A,N,B,G,A,A,H,-,D,D,0,,Y,,,Y,,L,04,0,1,0,0,0,0,1,0,0,"- ","- ",,,TULARE,VISALIA,-119.30500030517578,36.326492309570312
9297809,2021,2021-09-03,5407,2021-07-01,1142,M194,480,4,5,5,5407,0,0,0,,0,034,ASHLAND,STEVENSON,0.00,,Y,A,-,N,,,,,,,,,,N,4,0,1,2,A,-,11,21954,A,N,G,B,D,A,H,-,A,D,0,Y,,,,Y,,A,01,0,0,1,0,1,0,0,0,0,"- ","- ",36.30889892578125,-119.29901885986328,TULARE,VISALIA,-119.29904174804688,36.308780670166016
9297817,2021,2021-09-07,5407,2021-07-01,0846,M333,480,4,5,5,5407,0,0,0,,0,O26,"E MINERAL KING AV","S BURKE ST",0.00,,Y,A,-,N,,,,,,,,,,Y,4,0,1,2,A,-,08,22107,,N,D,C,A,A,H,-,A,A,0,,,,,Y,,A,07,0,0,1,0,0,0,0,0,0,"- ","- ",,,TULARE,VISALIA,-119.28322601318359,36.327411651611328
9297987,2021,2021-08-11,5407,2021-06-27,2133,12176,480,7,5,5,5407,0,0,0,,0,034,"E WALNUT AV","S SANTA FE ST",168.00,W,N,A,-,N,,,,,,,,,,Y,3,0,2,2,A,-,01,23153,A,N,D,C,A,A,H,-,B,A,0,,,,,Y,Y,A,01,0,2,0,0,0,0,0,0,0,"- ","- ",36.312870025634766,-119.28742218017578,TULARE,VISALIA,-119.28800201416016,36.312870025634766
9297988,2021,2021-08-11,5407,2021-06-23,1808,C51,480,3,5,5,5407,0,0,0,,0,P33,"E NOBLE AV","S BURKE ST",0.00,,Y,A,-,N,,,,,,,,,,N,4,0,1,2,A,-,12,21453,A,N,D,C,A,A,H,-,A,A,0,,,,,Y,,A,01,0,0,1,0,0,0,0,0,0,"- ","- ",36.326400756835938,-119.28323364257812,TULARE,VISALIA,-119.28324890136719,36.326393127441406
9297989,2021,2021-08-11,5407,2021-06-22,1412,C51,480,2,5,5,5407,0,0,0,,0,N25,"N ENCINA ST","W OAK AV",65.00,S,N,A,-,N,,,,,,,,,,Y,3,0,1,1,A,-,03,22350,,N,A,I,A,A,H,-,A,A,0,,,,,Y,,A,01,0,1,0,0,0,0,0,0,0,"- ","- ",36.336879730224609,-119.29463958740234,TULARE,VISALIA,-119.29457855224609,36.331729888916016
9297995,2021,2021-08-11,5407,2021-06-25,1257,A302,480,5,5,5,5407,0,0,0,,0,012,"S DEMAREE ST","CHERRY AV",0.00,,Y,A,-,N,,,,,,,,,,Y,3,0,1,2,A,-,08,22107,,N,D,C,A,A,H,-,A,D,0,,,,,Y,,-,,0,1,0,0,0,0,0,0,0,"- ","- ",36.308738708496094,-119.33162689208984,TULARE,VISALIA,-119.33161926269531,36.307960510253906
9297997,2021,2021-08-11,5407,2021-06-19,0112,A330,480,6,5,5,5407,0,0,0,,0,,"S DEMAREE ST","PACKWOOD AV",420.00,S,N,A,-,N,,,,,,,,,,Y,2,0,1,1,A,-,03,22350,,N,E,I,A,A,H,-,C,A,0,,,,,Y,,A,01,1,0,0,0,0,0,0,0,0,"- ","- ",36.298370361328125,-119.33148956298828,TULARE,VISALIA,-119.33158874511719,36.293487548828125
9299442,2021,2021-09-07,5403,2021-07-28,0901,838,,3,5,2,5403,0,0,0,,0,,"NORTH FARMERSVILLE BL","WEST NOBLE",0.00,,Y,A,-,N,,,,,,,,,,N,3,0,1,2,A,-,09,21803,A,N,C,G,A,A,H,-,A,D,0,,Y,,,Y,,A,01,0,1,0,0,0,0,1,0,0,"- ","- ",,,TULARE,FARMERSVILLE,-119.20812225341797,36.325386047363281