CASE_ID,ACCIDENT_YEAR,PROC_DATE,JURIS,COLLISION_DATE,COLLISION_TIME,OFFICER_ID,REPORTING_DISTRICT,DAY_OF_WEEK,CHP_SHIFT,POPULATION,CNTY_CITY_LOC,SPECIAL_COND,BEAT_TYPE,CHP_BEAT_TYPE,CITY_DIVISION_LAPD,CHP_BEAT_CLASS,BEAT_NUMBER,PRIMARY_RD,SECONDARY_RD,DISTANCE,DIRECTION,INTERSECTION,WEATHER_1,WEATHER_2,STATE_HWY_IND,CALTRANS_COUNTY,CALTRANS_DISTRICT,STATE_ROUTE,ROUTE_SUFFIX,POSTMILE_PREFIX,POSTMILE,LOCATION_TYPE,RAMP_INTERSECTION,SIDE_OF_HWY,TOW_AWAY,COLLISION_SEVERITY,NUMBER_KILLED,NUMBER_INJURED,PARTY_COUNT,PRIMARY_COLL_FACTOR,PCF_CODE_OF_VIOL,PCF_VIOL_CATEGORY,PCF_VIOLATION,PCF_VIOL_SUBSECTION,HIT_AND_RUN,TYPE_OF_COLLISION,MVIW,PED_ACTION,ROAD_SURFACE,ROAD_COND_1,ROAD_COND_2,LIGHTING,CONTROL_DEVICE,CHP_ROAD_TYPE,PEDESTRIAN_ACCIDENT,BICYCLE_ACCIDENT,MOTORCYCLE_ACCIDENT,TRUCK_ACCIDENT,NOT_PRIVATE_PROPERTY,ALCOHOL_INVOLVED,STWD_VEHTYPE_AT_FAULT,CHP_VEHTYPE_AT_FAULT,COUNT_SEVERE_INJ,COUNT_VISIBLE_INJ,COUNT_COMPLAINT_PAIN,COUNT_PED_KILLED,COUNT_PED_INJURED,COUNT_BICYCLIST_KILLED,COUNT_BICYCLIST_INJURED,COUNT_MC_KILLED,COUNT_MC_INJURED,PRIMARY_RAMP,SECONDARY_RAMP,LATITUDE,LONGITUDE,COUNTY,CITY,POINT_X,POINT_Y
9301220,2021,2021-08-17,5407,2021-06-30,1529,C51,480,3,5,5,5407,0,0,0,,0,026,"RT 65","N LOVERS LN",88.00,E,N,A,-,Y,TUL,6,216,-,-,2.070,H,-,W,Y,4,0,2,2,A,-,03,22350,,N,C,C,A,A,H,-,A,A,0,,,,,Y,,A,01,0,0,2,0,0,0,0,0,0,"- ","- ",36.341960906982422,-119.260986328125,TULARE,VISALIA,-119.25814056396484,36.341995239257812
9301252,2021,2021-08-24,5407,2021-07-07,1204,M194,480,3,5,5,5407,0,0,0,,0,012,"RT 63",CALDWELL,72.00,S,N,A,-,Y,TUL,6,63,-,-,5.990,H,-,S,Y,3,0,2,3,A,-,05,21650,,N,A,C,A,A,H,-,A,A,0,,,,Y,Y,,A,01,0,2,0,0,0,0,0,0,0,"- ","- ",36.298469543457031,-119.31366729736328,TULARE,VISALIA,-119.31379699707031,36.298202514648438
9301345,2021,2021-08-19,5406,2021-07-25,1558,86,5206,7,5,4,5406,0,0,0,,0,0ES,MOONEY,CROSS,0.00,,Y,A,-,Y,TUL,6,63,-,-,0.750,I,5,S,Y,3,0,4,2,A,-,09,21802,A,N,D,C,A,A,H,-,A,A,0,,,,,Y,,A,01,0,1,3,0,0,0,0,0,0,"- ","- ",,,TULARE,TULARE,-119.31308746337891,36.222122192382812
9301710,2021,2023-06-24,5407,2021-05-29,0100,M194,480,6,5,5,5407,0,0,0,,0,012,WALNUT,LINWOOD,428.00,W,N,A,-,N,,,,,,,,,,Y,1,2,0,1,A,-,05,21650,,N,E,I,A,A,H,-,C,A,0,,,,,Y,Y,A,01,0,0,0,0,0,0,0,0,0,"- ","- ",36.312908172607422,-119.34258270263672,TULARE,VISALIA,-119.34209442138672,36.312786102294922
9301832,2021,2023-06-17,5406,2021-03-25,2209,86,5406,4,5,4,5406,0,0,0,,0,0NE,"RT 63",PROSPERITY,0.00,,Y,A,-,Y,TUL,6,63,-,-,0.910,H,-,S,N,1,1,0,4,A,-,11,21954,A,N,G,B,C,A,H,-,C,D,0,Y,,,,Y,Y,N,60,0,0,0,1,0,0,0,0,0,"- ","- ",,,TULARE,TULARE,-119.31307220458984,36.224422454833984
9301912,2021,2021-09-22,5406,2021-08-03,1849,40,5A,2,5,4,5406,0,0,0,,0,0ES,CORVINA,LASPINA,225.00,W,N,A,-,N,,,,,,,,,,Y,3,0,1,3,A,-,08,22107,,N,C,E,A,A,H,-,A,D,0,,,,,Y,,A,01,0,1,0,0,0,0,0,0,0,"- ","- ",,,TULARE,TULARE,-119.32276153564453,36.2314453125
9302448,2021,2021-09-30,5406,2021-06-28,1638,136,5406,1,5,4,5406,0,0,0,,0,0AO,TULARE,HIGHLAND,123.00,W,N,A,-,Y,TUL,6,137,-,-,16.330,H,-,W,Y,4,0,2,2,A,-,03,22350,,N,C,C,A,A,H,-,A,D,0,,,,,Y,,A,07,0,0,2,0,0,0,0,0,0,"- ","- ",,,TULARE,TULARE,-119.33358001708984,36.209674835205078
9307255,2021,2021-09-01,5407,2021-05-24,1328,M201,480,1,5,5,5407,0,0,0,,0,,"W CALDWELL AV","OAKVIEW AV",0.00,,Y,A,-,N,,,,,,,,,,N,4,0,1,2,A,-,00,21950,1,N,B,G,A,A,H,-,A,A,0,,Y,,,Y,,L,04,0,0,1,0,0,0,1,0,0,"- ","- ",36.298271179199219,-119.29913330078125,TULARE,VISALIA,-119.29912567138672,36.298133850097656
9309146,2021,2021-10-14,5405,2021-09-12,1946,172,SEC2,7,5,4,5405,0,0,0,,0,002,"HENDERSON AV","PLANO ST",18.00,W,N,A,-,N,,,,,,,,,,Y,3,0,1,2,A,-,01,23153,A,F,C,C,A,A,H,-,C,A,0,,,,,Y,Y,D,22,0,1,0,0,0,0,0,0,0,"- ","- ",36.080181121826172,-119.00868225097656,TULARE,PORTERVILLE,-119.00874328613281,36.080211639404297
9309563,2021,2021-10-08,5405,2021-08-10,2201,216,,2,5,4,5405,0,0,0,,0,003,"OLIVE AV","MAIN ST",61.00,W,N,A,-,N,,,,,,,,,,N,3,0,1,2,A,-,11,21950,B,N,G,B,D,A,H,-,C,D,0,Y,,,,Y,Y,N,60,0,1,0,0,1,0,0,0,0,"- ","- ",,,TULARE,PORTERVILLE,-119.01657104492188,36.065189361572266
9312734,2021,2021-10-19,5405,2021-07-29,0457,203,,4,5,4,5405,0,0,0,,0,003,"RT 190","JAYE ST",29.00,E,N,A,-,Y,TUL,6,190,-,-,15.950,I,5,E,Y,1,1,0,2,A,-,11,21950,B,N,G,B,B,A,H,-,C,A,0,Y,,,,Y,,N,60,0,0,0,1,0,0,0,0,0,"- ","- ",36.051528930664062,-119.02626800537109,TULARE,PORTERVILLE,-119.02626037597656,36.051456451416016
9312736,2021,2021-08-27,5405,2021-07-28,1236,259,SEC1,3,5,4,5405,0,0,0,,0,,"HENDERSON AV",PROSPECT,811.00,W,N,A,-,N,,,,,,,,,,N,3,0,1,2,A,-,05,21650,1,N,A,G,A,A,H,-,A,D,0,,Y,,Y,Y,,L,04,0,1,0,0,0,0,1,0,0,"- ","- ",36.079898834228516,-119.04728698730469,TULARE,PORTERVILLE,-119.04670715332031,36.080394744873047
9315543,2021,2021-10-13,5405,2021-08-06,1950,C33,SEC4,5,5,4,5405,0,0,0,,0,004,"OLIVE AV","INDIANA ST",0.00,,Y,A,-,N,,,,,,,,,,N,4,0,2,2,D,-,00,,,N,D,C,A,A,H,-,B,A,0,,,,,Y,,-,"- ",0,0,2,0,0,0,0,0,0,"- ","- ",36.065898895263672,-119.03517913818359,TULARE,PORTERVILLE,-119.03517913818359,36.06597900390625
9315687,2021,2021-09-08,5407,2021-07-26,1425,M333,480,1,5,5,5407,0,0,0,,0,026,"N BEN MADDOX WY","E FERGUSON AV",125.00,N,N,A,-,N,,,,,,,,,,Y,4,0,2,3,A,-,01,23152,A,N,B,C,A,A,H,-,A,D,0,,,,,Y,Y,D,22,0,0,2,0,0,0,0,0,0,"- ","- ",,,TULARE,VISALIA,-119.27890014648438,36.349433898925781
9315695,2021,2021-09-08,5407,2021-07-12,2130,A341,480,1,5,5,5407,0,0,0,,0,012,"W WHITENDALE AV","S CHINOWTH ST",0.00,,Y,A,-,N,,,,,,,,,,Y,4,0,1,2,A,-,12,21453,A,N,D,C,A,A,H,-,C,A,0,,,,,Y,,A,01,0,0,1,0,0,0,0,0,0,"- ","- ",36.305530548095703,-119.3360595703125,TULARE,VISALIA,-119.33607482910156,36.305522918701172
9315752,2021,2021-09-08,5407,2021-07-17,1234,A335,480,6,5,5,5407,0,0,0,,0,026,"E MINERAL KING AV","S BRIDGE ST",0.00,,Y,A,-,N,,,,,,,,,,Y,4,0,1,2,A,-,12,21453,A,N,D,C,A,A,H,-,A,A,0,,,,,Y,,D,22,0,0,1,0,0,0,0,0,0,"- ","- ",,,TULARE,VISALIA,-119.28895568847656,36.327438354492188
9316009,2021,2021-09-10,5407,2021-07-19,1028,C57,480,1,5,5,5407,0,0,0,,0,025,"N COURT ST","E HOUSTON AV",154.00,S,N,A,-,N,,,,,,,,,,Y,4,0,1,2,A,-,01,23152,E,N,C,E,A,A,H,-,A,A,0,,,,,Y,Y,A,01,0,0,1,0,0,0,0,0,0,"- ","- ",36.341411590576172,-119.29232025146484,TULARE,VISALIA,-119.29241943359375,36.341499328613281
9316010,2021,2021-09-10,5407,2021-07-03,1222,C57,480,6,5,5,5407,0,0,0,,0,033,"E TULARE AV","S BEN MADDOX WY",21.00,W,N,A,-,N,,,,,,,,,,N,3,0,2,2,A,-,12,21453,A,N,C,C,A,A,H,-,A,A,0,,,,,Y,,A,01,0,1,1,0,0,0,0,0,0,"- ","- ",36.320121765136719,-119.27655792236328,TULARE,VISALIA,-119.27671051025391,36.320121765136719
9316011,2021,2021-09-10,5407,2021-07-20,2013,A266,480,2,5,5,5407,0,0,0,,0,012,"S AKERS ST","W TULARE AV",0.00,,Y,A,-,N,,,,,,,,,,Y,4,0,1,2,A,-,12,21453,A,N,A,C,A,A,H,-,B,A,0,,,,,Y,,A,01,0,0,1,0,0,0,0,0,0,"- ","- ",,,TULARE,VISALIA,-119.34970092773438,36.320003509521484
9316012,2021,2021-09-10,5407,2021-07-19,1608,A349,480,1,5,5,5407,0,0,0,,0,M11,"WEST NICHOLAS AV","NORTH GATEWAY ST",0.00,,Y,A,-,N,,,,,,,,,,Y,4,0,1,2,A,-,09,21801,A,N,A,C,A,A,H,-,A,D,0,,,,,Y,,A,07,0,0,1,0,0,0,0,0,0,"- ","- ",36.336391448974609,-119.40113830566406,TULARE,VISALIA,-119.40122985839844,36.336616516113281
9316016,2021,2021-09-10,5407,2021-07-14,0406,A284,480,3,5,5,5407,0,0,0,,0,,"W PROSPECT AV","N DIVISADERO ST",55.00,E,N,A,-,N,,,,,,,,,,Y,3,0,1,1,A,-,05,21650,,N,E,I,A,A,H,-,C,D,0,,,,,Y,,A,01,0,1,0,0,0,0,0,0,0,"- ","- ",36.345180511474609,-119.30988311767578,TULARE,VISALIA,-119.30982971191406,36.345256805419922
9316019,2021,2021-09-10,5407,2021-07-29,0128,A330,480,4,5,5,5407,0,0,0,,0,,"E CALDWELL AV","LOVERS LN",5.00,W,N,A,-,N,,,,,,,,,,Y,4,0,1,2,A,-,01,23152,A,N,C,C,A,A,H,-,C,A,0,,,,,Y,Y,A,01,0,0,1,0,0,0,0,0,0,"- ","- ",36.298591613769531,-119.26077270507812,TULARE,VISALIA,-119.26081848144531,36.298240661621094
9316108,2021,2021-09-22,5407,2021-08-12,2034,A306,480,4,5,5,5407,0,0,0,,0,012,"MOONEY BL","ORCHARD AV",3.00,N,N,A,-,N,,,,,,,,,,N,4,0,1,2,A,-,03,22350,,N,C,C,A,A,H,-,C,A,0,,,,,Y,,-,,0,0,1,0,0,0,0,0,0,"- ","- ",,,TULARE,VISALIA,-119.31376647949219,36.300277709960938
9316109,2021,2021-09-18,5407,2021-08-06,2118,A346,480,5,5,5,5407,0,0,0,,0,011,"AKERS ST","BUENA VISTA AV",322.00,S,N,A,-,N,,,,,,,,,,Y,3,0,1,1,A,-,03,22350,,N,E,I,A,A,H,-,C,A,0,,,,,Y,,A,01,0,1,0,0,0,0,0,0,0,"- ","- ",36.341808319091797,-119.34986114501953,TULARE,VISALIA,-119.35006713867188,36.346057891845703
9316319,2021,2021-09-22,5405,2021-08-31,1611,259,"SEC 4",2,5,4,5405,0,0,0,,0,,"WESTWOOD ST","SCRANTON AV",12.00,S,N,A,-,N,,,,,,,,,,Y,3,0,1,1,A,-,08,22107,,N,E,I,A,A,H,-,A,A,0,,,,,Y,,A,01,0,1,0,0,0,0,0,0,0,"- ","- ",36.036811828613281,-119.07084655761719,TULARE,PORTERVILLE,-119.07086181640625,36.036766052246094
9318281,2021,2021-11-10,5405,2021-09-03,1929,172,SEC4,5,5,4,5405,0,0,0,,0,004,"UNION AV","WESTERN ST",246.00,E,N,A,-,N,,,,,,,,,,Y,3,0,1,1,A,-,01,23152,A,N,E,I,A,A,H,-,A,A,0,,,,,Y,Y,A,01,0,1,0,0,0,0,0,0,0,"- ","- ",36.060451507568359,-119.02620697021484,TULARE,PORTERVILLE,-119.02751922607422,36.060459136962891
9318306,2021,2021-11-04,5405,2021-09-02,1355,259,SEC4,4,5,4,5405,0,0,0,,0,,"NEWCOMB ST","TOMAH AV",0.00,,Y,A,-,N,,,,,,,,,,N,4,0,1,2,A,-,03,22350,,N,C,C,A,A,H,-,A,D,0,,,,,Y,,A,01,0,0,1,0,0,0,0,0,0,"- ","- ",36.067668914794922,-119.052978515625,TULARE,PORTERVILLE,-119.05297088623047,36.067680358886719
9318326,2021,2021-09-27,5405,2021-08-23,1543,259,SEC3,1,5,4,5405,0,0,0,,0,,"OLIVE AV","F ST",8.00,W,N,A,-,N,,,,,,,,,,N,4,0,1,2,A,-,03,22350,,N,C,C,A,A,H,-,A,D,0,,,,,Y,,A,01,0,0,1,0,0,0,0,0,0,"- ","- ",36.065231323242188,-119.02134704589844,TULARE,PORTERVILLE,-119.02137756347656,36.065170288085938
9318507,2021,2021-09-11,5402,2021-01-01,0145,812,,5,5,2,5402,0,0,0,,0,12E,"S ORANGE ST","W CHESTNUT ST",0.00,,Y,A,-,N,,,,,,,,,,N,3,0,1,2,A,-,03,22350,,F,E,B,F,A,H,-,C,D,0,Y,,,,Y,,-,,0,1,0,0,1,0,0,0,0,"- ","- ",,,TULARE,EXETER,-119.14781188964844,36.291942596435547
9319609,2021,2021-10-01,5405,2021-08-17,1510,259,SEC3,2,5,4,5405,0,0,0,,0,,"MAIN ST","GIBBONS AV",0.00,,Y,A,-,N,,,,,,,,,,Y,4,0,1,3,A,-,09,21802,A,N,D,C,A,A,H,-,A,A,0,,,,,Y,,A,01,0,0,1,0,0,0,0,0,0,"- ","- ",36.040618896484375,-119.01792907714844,TULARE,PORTERVILLE,-119.01757049560547,36.040382385253906
9320263,2021,2022-02-11,5406,2021-08-31,1515,57,5406,2,5,4,5406,0,0,0,,0,0ES,"RT 63","PACIFIC AV",0.00,,N,A,-,Y,TUL,6,63,-,-,2.510,I,5,S,Y,1,1,0,2,A,-,09,21802,A,N,D,C,A,A,H,-,A,A,0,,,,,Y,,A,01,0,0,0,0,0,0,0,0,0,"- ","- ",,,TULARE,TULARE,-119.31317901611328,36.247669219970703
9320275,2021,2023-06-17,5407,2021-11-04,2004,M203,480,4,5,5,5407,0,0,0,,0,,WALNUT,GARDEN,0.00,,Y,A,-,N,,,,,,,,,,Y,1,1,0,2,A,-,08,22107,,N,D,C,A,A,H,-,C,A,0,,,Y,,Y,Y,A,07,0,0,0,0,0,0,0,1,0,"- ","- ",36.312549591064453,-119.28958129882812,TULARE,VISALIA,-119.2896728515625,36.3128662109375
9322401,2021,2021-11-02,5407,2021-09-01,1214,C51,480,3,5,5,5407,0,0,0,,0,M11,"N AKERS ST","W HILLSDALE AV",223.00,N,N,A,-,N,,,,,,,,,,Y,4,0,1,2,A,-,03,22350,,N,C,C,A,A,H,-,A,A,0,,,,,Y,,A,01,0,0,1,0,0,0,0,0,0,"- ","- ",36.329551696777344,-119.34970855712891,TULARE,VISALIA,-119.34980010986328,36.330162048339844
9322402,2021,2021-11-02,5407,2021-09-15,0704,M226,480,3,5,5,5407,0,0,0,,0,012,"S DEMAREE ST","W JUDY AV",0.00,,Y,A,-,N,,,,,,,,,,Y,3,0,1,2,A,-,03,22350,,N,C,C,A,A,H,-,A,A,0,,,,,Y,,A,01,0,1,0,0,0,0,0,0,0,"- ","- ",36.315540313720703,-119.33170318603516,TULARE,VISALIA,-119.33170318603516,36.315532684326172
9322405,2021,2021-11-02,5407,2021-09-07,0945,M194,480,2,5,5,5407,0,0,0,,0,033,"TULARE LINDSAY HWY",GARDEN,0.00,,Y,A,-,N,,,,,,,,,,N,3,0,1,2,A,-,05,21650,,N,D,G,A,A,H,-,A,A,0,,Y,,,Y,,L,04,0,1,0,0,0,0,1,0,0,"- ","- ",36.32012939453125,-119.28994750976562,TULARE,VISALIA,,
9322433,2021,2021-10-04,5407,2021-08-16,1512,M201,480,1,5,5,5407,0,0,0,,0,,"W HOUSTON AV",WODLAND,0.00,,Y,A,-,N,,,,,,,,,,N,3,0,1,2,A,-,09,21802,A,N,D,C,A,A,H,-,A,A,0,,,,,Y,,A,07,0,1,0,0,0,0,0,0,0,"- ","- ",,,TULARE,VISALIA,-119.31834411621094,36.341938018798828
9322437,2021,2021-10-04,5407,2021-08-26,0906,M333,480,4,5,5,5407,0,0,0,,0,P33,"E NOBLE AV","S BRIDGE ST",0.00,,Y,A,-,N,,,,,,,,,,Y,4,0,2,2,A,-,12,21453,A,N,D,C,A,A,H,-,A,A,0,,,,,Y,,A,01,0,0,2,0,0,0,0,0,0,"- ","- ",,,TULARE,VISALIA,-119.2889404296875,36.326404571533203
9322438,2021,2021-10-04,5407,2021-08-03,1609,C51,480,2,5,5,5407,0,0,0,,0,026,"S BEN MADDOX WY","E MINERAL KING AV",0.00,,Y,A,-,N,,,,,,,,,,N,4,0,2,2,A,-,09,21804,A,N,D,C,A,A,H,-,A,A,0,,,,,Y,,-,"- ",0,0,2,0,0,0,0,0,0,"- ","- ",36.327369689941406,-119.27848815917969,TULARE,VISALIA,-119.278564453125,36.327358245849609
9322624,2021,2021-11-02,5405,2021-09-16,2010,265,SEC3,4,5,4,5405,0,0,0,,0,003,"PLANO ST","CHASE AV",20.00,S,N,A,-,N,,,,,,,,,,Y,3,0,2,2,A,-,03,22350,,N,C,C,A,A,H,-,C,A,0,,,,,Y,,A,01,0,2,0,0,0,0,0,0,0,"- ","- ",36.053791046142578,-119.00813293457031,TULARE,PORTERVILLE,-119.00815582275391,36.053726196289062
9322626,2021,2021-11-02,5405,2021-09-10,0728,275,,5,5,4,5405,0,0,0,,0,001,"PROSPECT ST","WESTFIELD AV",0.00,,Y,A,-,N,,,,,,,,,,N,3,0,1,2,A,-,10,21950,A,N,G,B,B,A,H,-,A,A,0,Y,,,,Y,,A,01,0,1,0,0,1,0,0,0,0,"- ","- ",,,TULARE,PORTERVILLE,-119.04411315917969,36.087623596191406
9322637,2021,2021-11-02,5407,2021-09-06,1110,C51,480,1,5,5,5407,0,0,0,,0,Q34,"CALDWELL AV","COURT ST",331.00,E,N,A,-,N,,,,,,,,,,N,4,0,1,2,A,-,08,22107,,N,D,G,A,A,H,-,A,A,0,,Y,,,Y,,-,,0,0,1,0,0,0,1,0,0,"- ","- ",36.298561096191406,-119.29013061523438,TULARE,VISALIA,-119.29154205322266,36.298141479492188
9322832,2021,2021-10-15,5407,2021-09-12,2123,A305,480,7,5,5,5407,0,0,0,,0,012,"COUNTY CENTER",DARTMOUTH,0.00,,Y,A,-,N,,,,,,,,,,Y,3,0,2,2,A,-,12,22450,A,F,D,C,A,A,H,-,C,D,0,,,Y,,Y,Y,A,01,0,2,0,0,0,0,0,0,2,"- ","- ",,,TULARE,VISALIA,-119.32324981689453,36.314647674560547
9326968,2021,2021-10-27,5407,2021-09-08,2003,A285,480,3,5,5,5407,0,0,0,,0,P33,"E NOBLE","S BEN MADDOX",0.00,,Y,A,-,N,,,,,,,,,,Y,4,0,1,2,A,-,12,21453,A,N,D,C,A,A,H,-,-,A,0,,,,,Y,,-,"- ",0,0,1,0,0,0,0,0,0,"- ","- ",,,TULARE,VISALIA,-119.27854156494141,36.326107025146484
9326992,2021,2021-10-12,5407,2021-08-15,1405,C57,480,7,5,5,5407,0,0,0,,0,012,"W TULARE AV","S COUNTY CENTER DR",0.00,,Y,A,-,N,,,,,,,,,,Y,3,0,1,4,A,-,12,21453,A,N,B,C,A,A,H,-,A,A,0,,,,,Y,,D,22,0,1,0,0,0,0,0,0,0,"- ","- ",36.320098876953125,-119.32730102539062,TULARE,VISALIA,-119.32729339599609,36.320102691650391
9327020,2021,2021-10-08,5407,2021-08-28,0928,C57,480,6,5,5,5407,0,0,0,,0,025,"W MAIN ST","N LOCUST ST",0.00,,Y,A,-,N,,,,,,,,,,Y,4,0,1,3,A,-,12,21453,A,N,D,C,A,A,H,-,A,A,0,,,,,Y,,D,22,0,0,1,0,0,0,0,0,0,"- ","- ",36.330150604248047,-119.29344177246094,TULARE,VISALIA,-119.29344940185547,36.330181121826172
9327032,2021,2021-10-12,5407,2021-08-16,0814,M333,480,1,5,5,5407,0,0,0,,0,M11,"W RIGGIN AV","N AKERS ST",215.00,E,N,A,-,N,,,,,,,,,,N,4,0,1,2,A,-,21,22106,,N,C,C,A,A,H,-,A,A,0,,,,Y,Y,,F,25,0,0,1,0,0,0,0,0,0,"- ","- ",,,TULARE,VISALIA,-119.34925079345703,36.356513977050781
9327383,2021,2021-10-25,5404,2021-09-11,0131,680,,6,5,2,5404,0,0,0,,0,,HERMOSA,"EASTWOOD AV",211.00,W,N,A,-,N,,,,,,,,,,Y,3,0,1,2,A,-,01,23152,A,N,-,E,A,A,H,-,C,D,0,,,,,Y,Y,A,01,0,1,0,0,0,0,0,0,0,"- ","- ",,,TULARE,LINDSAY,-119.09686279296875,36.203208923339844
9338884,2021,2021-11-09,5405,2021-09-11,0834,CS03,1,6,5,4,5405,0,0,0,,0,,"THETA AV","RED OAK ST",120.00,W,N,A,-,N,,,,,,,,,,N,4,0,1,2,A,-,03,22350,,N,G,G,A,A,H,-,A,D,0,,Y,,,Y,,L,04,0,0,1,0,0,0,1,0,0,"- ","- ",36.08197021484375,-119.06723785400391,TULARE,PORTERVILLE,-119.06719970703125,36.081760406494141
9339556,2021,2021-10-22,5406,2021-08-25,1820,70,5406,3,5,4,5406,0,0,0,,0,0AO,"RT 137","I ST",0.00,,Y,A,-,Y,TUL,6,137,-,-,15.280,I,5,W,N,3,0,1,2,A,-,05,21650,1,N,D,G,A,A,H,-,A,A,0,,Y,,,Y,,L,04,0,1,0,0,0,0,1,0,0,"- ","- ",,,TULARE,TULARE,-119.34862518310547,36.205032348632812
9339734,2021,2021-10-27,5405,2021-09-26,1946,265,"SEC 4",7,5,4,5405,0,0,0,,0,004,"RT 190","JAYE ST",900.00,W,N,A,-,Y,TUL,6,190,-,-,15.780,H,-,E,Y,4,0,2,2,A,-,01,23153,A,F,C,C,A,A,H,-,C,A,0,,,,,Y,Y,A,01,0,0,2,0,0,0,0,0,0,"- ","- ",36.051528930664062,-119.02626800537109,TULARE,PORTERVILLE,-119.02928161621094,36.051479339599609
9342120,2021,2021-11-05,5407,2021-09-22,1422,M333,480,3,5,5,5407,0,0,0,,0,N25,"W MINERAL KING AV","S WOODLAND ST",0.00,,Y,A,-,N,,,,,,,,,,Y,4,0,1,2,A,-,12,21453,A,N,D,C,A,A,H,-,A,A,0,,,,,Y,,I,11,0,0,1,0,0,0,0,0,0,"- ","- ",,,TULARE,VISALIA,-119.31849670410156,36.327690124511719
9342554,2021,2021-11-01,5407,2021-09-15,1117,M194,480,3,5,5,5407,0,0,0,,0,025,"W MINERAL KING AV","RT 63",0.00,,Y,A,-,Y,TUL,6,63,-,-,8.013,I,5,S,Y,4,0,1,2,A,-,12,21453,A,N,D,C,A,A,H,-,A,A,0,,,,,Y,,D,22,0,0,1,0,0,0,0,0,0,"- ","- ",36.327430725097656,-119.29341125488281,TULARE,VISALIA,-119.29341888427734,36.327434539794922
9345203,2021,2021-10-28,5406,2021-09-04,1540,42,5A,6,5,4,5406,0,0,0,,0,0ES,"PASEO DEL LAGO","BELLA OAKS DR",0.00,,Y,A,-,N,,,,,,,,,,Y,4,0,1,2,A,-,12,22450,A,N,D,C,A,A,H,-,A,A,0,,,,,Y,,A,01,0,0,1,0,0,0,0,0,0,"- ","- ",,,TULARE,TULARE,-119.31806945800781,36.233188629150391
9345806,2021,2021-10-27,5406,2021-09-30,1511,34,5406,4,5,4,5406,0,0,0,,0,0DT,"SAN JOAQUIN",J,0.00,,Y,A,-,N,,,,,,,,,,Y,3,0,1,2,A,-,09,21804,A,N,D,C,A,A,H,-,A,A,0,,,,,Y,,A,01,0,1,0,0,0,0,0,0,0,"- ","- ",,,TULARE,TULARE,-119.34800720214844,36.210483551025391
9346450,2021,2021-11-03,5404,2021-09-24,0912,674,20L,5,5,2,5404,0,0,0,,0,003,HERMOSA,WESTWOOD,220.00,N,N,A,-,N,,,,,,,,,,N,3,0,1,2,A,-,09,21804,A,N,G,B,A,A,H,-,A,A,0,,Y,,,Y,,D,22,0,1,0,0,0,0,1,0,0,"- ","- ",,,TULARE,LINDSAY,-119.09998321533203,36.203212738037109
9346495,2021,2021-11-06,5404,2021-09-22,1339,688,PSC,3,5,2,5404,0,0,0,,0,20L,"TULARE RD","BELLAH AV",6.00,E,N,A,-,N,,,,,,,,,,N,3,0,1,2,A,-,11,21950,B,N,G,B,D,A,H,-,A,D,0,Y,,,,Y,,N,60,0,1,0,0,1,0,0,0,0,"- ","- ",,,TULARE,LINDSAY,-119.08692169189453,36.210670471191406
9346512,2021,2021-11-03,5404,2021-09-18,2331,680,,6,5,2,5404,0,0,0,,0,,TULARE,HARVARD,20.00,W,N,A,-,N,,,,,,,,,,Y,3,0,1,2,A,-,01,23152,A,M,C,C,A,A,H,-,C,B,0,,,,,Y,,A,07,0,1,0,0,0,0,0,0,0,"- ","- ",,,TULARE,LINDSAY,-119.08269500732422,36.210739135742188
9349219,2021,2021-11-29,5405,2021-10-04,0814,CS026,,1,5,4,5405,0,0,0,,0,001,"MORTON AV","BELMONT ST",0.00,,Y,A,-,N,,,,,,,,,,N,3,0,3,3,A,-,09,21801,A,N,D,C,A,A,H,-,A,A,0,,,,,Y,,A,01,0,3,0,0,0,0,0,0,0,"- ","- ",36.073101043701172,-119.05845642089844,TULARE,PORTERVILLE,-119.05847930908203,36.073089599609375
9349372,2021,2021-10-27,5405,2021-09-28,0734,263,SEC1,2,5,4,5405,0,0,0,,0,,"WESTFIELD ST","LOMBARDI ST",0.00,,Y,B,-,N,,,,,,,,,,Y,3,0,2,2,A,-,09,21801,A,N,D,C,A,A,H,-,A,A,0,,,,,Y,,A,01,0,2,0,0,0,0,0,0,0,"- ","- ",,,TULARE,PORTERVILLE,-119.06639862060547,36.087589263916016
9349934,2021,2021-11-05,5405,2021-09-27,1504,246,SPC3,1,5,4,5405,0,0,0,,0,003,"PUTNAM AV","JAYE ST",0.00,,Y,A,-,N,,,,,,,,,,Y,3,0,1,2,A,-,03,22350,,N,C,C,A,A,H,-,A,A,0,,,,,Y,,A,01,0,1,0,0,0,0,0,0,0,"- ","- ",36.069549560546875,-119.02599334716797,TULARE,PORTERVILLE,-119.0260009765625,36.069553375244141
9350545,2021,2021-11-19,5407,2021-10-05,1716,A302,480,2,5,5,5407,0,0,0,,0,033,"W NOBLE AV","LOCUST ST",0.00,,Y,A,-,N,,,,,,,,,,Y,4,0,1,2,A,-,03,22350,,N,C,C,A,A,H,-,A,A,0,,,,,Y,,A,01,0,0,1,0,0,0,0,0,0,"- ","- ",36.326431274414062,-119.29338073730469,TULARE,VISALIA,-119.29341888427734,36.326419830322266
9350885,2021,2021-11-29,5407,2021-10-07,1139,C51,480,4,5,5,5407,0,0,0,,0,O26,"N DINUBA BL","W SHANNON PKWY",0.00,,-,A,-,N,,,,,,,,,,Y,3,0,4,3,A,-,12,21453,A,N,D,C,A,A,H,-,A,A,0,,,,,Y,,A,01,0,2,2,0,0,0,0,0,0,"- ","- ",36.360000610351562,-119.29698944091797,TULARE,VISALIA,-119.2969970703125,36.359981536865234