CASE_ID,ACCIDENT_YEAR,PROC_DATE,JURIS,COLLISION_DATE,COLLISION_TIME,OFFICER_ID,REPORTING_DISTRICT,DAY_OF_WEEK,CHP_SHIFT,POPULATION,CNTY_CITY_LOC,SPECIAL_COND,BEAT_TYPE,CHP_BEAT_TYPE,CITY_DIVISION_LAPD,CHP_BEAT_CLASS,BEAT_NUMBER,PRIMARY_RD,SECONDARY_RD,DISTANCE,DIRECTION,INTERSECTION,WEATHER_1,WEATHER_2,STATE_HWY_IND,CALTRANS_COUNTY,CALTRANS_DISTRICT,STATE_ROUTE,ROUTE_SUFFIX,POSTMILE_PREFIX,POSTMILE,LOCATION_TYPE,RAMP_INTERSECTION,SIDE_OF_HWY,TOW_AWAY,COLLISION_SEVERITY,NUMBER_KILLED,NUMBER_INJURED,PARTY_COUNT,PRIMARY_COLL_FACTOR,PCF_CODE_OF_VIOL,PCF_VIOL_CATEGORY,PCF_VIOLATION,PCF_VIOL_SUBSECTION,HIT_AND_RUN,TYPE_OF_COLLISION,MVIW,PED_ACTION,ROAD_SURFACE,ROAD_COND_1,ROAD_COND_2,LIGHTING,CONTROL_DEVICE,CHP_ROAD_TYPE,PEDESTRIAN_ACCIDENT,BICYCLE_ACCIDENT,MOTORCYCLE_ACCIDENT,TRUCK_ACCIDENT,NOT_PRIVATE_PROPERTY,ALCOHOL_INVOLVED,STWD_VEHTYPE_AT_FAULT,CHP_VEHTYPE_AT_FAULT,COUNT_SEVERE_INJ,COUNT_VISIBLE_INJ,COUNT_COMPLAINT_PAIN,COUNT_PED_KILLED,COUNT_PED_INJURED,COUNT_BICYCLIST_KILLED,COUNT_BICYCLIST_INJURED,COUNT_MC_KILLED,COUNT_MC_INJURED,PRIMARY_RAMP,SECONDARY_RAMP,LATITUDE,LONGITUDE,COUNTY,CITY,POINT_X,POINT_Y
9382185,2021,2022-02-01,5403,2021-11-05,1616,837,,5,5,2,5403,0,0,0,,0,,"W WALNUT AV","N VENTURA AV",0.00,,Y,A,-,N,,,,,,,,,,Y,4,0,2,2,A,-,09,21802,A,N,D,C,A,A,H,-,A,D,0,,,,,Y,,-,"- ",0,0,2,0,0,0,0,0,0,"- ","- ",,,TULARE,FARMERSVILLE,-119.21143341064453,36.312335968017578
9385269,2021,2022-01-11,5406,2021-12-02,1616,40,5406,4,5,4,5406,0,0,0,,0,0WS,C,TULARE,160.00,S,N,A,-,N,,,,,,,,,,N,2,0,1,2,A,-,03,22350,,F,G,C,E,A,H,-,A,D,0,Y,,,,Y,,A,01,1,0,0,0,1,0,0,0,0,"- ","- ",,,TULARE,TULARE,-119.35715484619141,36.205970764160156
9385836,2021,2022-01-19,5406,2021-12-01,1757,74,5406,3,5,4,5406,0,0,0,,0,0AO,"CROSS AV","J ST",0.00,,Y,A,-,N,,,,,,,,,,Y,4,0,1,2,A,-,03,22350,,M,A,C,A,A,H,-,C,A,0,,,,,Y,,A,08,0,0,1,0,0,0,0,0,0,"- ","- ",,,TULARE,TULARE,-119.34893798828125,36.213031768798828
9386687,2021,2022-01-13,5404,2021-12-21,1727,671,20L,2,5,2,5404,0,0,0,,0,018,MIRAGE,LINDMORE,0.00,,Y,A,-,N,,,,,,,,,,Y,4,0,1,2,A,-,12,22450,A,N,C,C,A,A,H,-,C,A,0,,,,,Y,,A,01,0,0,1,0,0,0,0,0,0,"- ","- ",,,TULARE,LINDSAY,-119.08657073974609,36.196189880371094
9389569,2021,2022-01-24,5403,2021-12-11,2005,840,FARME,6,5,2,5403,0,0,0,,0,5403,"NORTH FARMERSVILLE BL","WEST CITRUS DR",3.00,N,N,A,-,N,,,,,,,,,,N,4,0,1,2,A,-,10,21950,A,N,G,B,B,A,H,-,C,A,0,Y,,,,Y,,A,07,0,0,1,0,1,0,0,0,0,"- ","- ",,,TULARE,FARMERSVILLE,-119.20706176757812,36.307598114013672
9389735,2021,2022-01-18,5405,2021-12-23,1817,278,SEC4,4,5,4,5405,0,0,0,,0,SEC4,"MORTON AV","WALCH ST",312.00,E,N,C,-,N,,,,,,,,,,N,3,0,1,2,A,-,03,22350,,F,C,C,A,B,H,-,B,D,0,,,,,Y,Y,A,01,0,1,0,0,0,0,0,0,0,"- ","- ",,,TULARE,PORTERVILLE,-119.05972290039062,36.073097229003906
9401915,2021,2022-02-22,5406,2021-10-06,2057,35,5406,3,5,4,5406,0,0,0,,0,0ES,PROSPERITY,OAKS,0.00,,Y,A,-,N,,,,,,,,,,Y,4,0,1,2,A,-,12,21453,A,N,D,C,A,A,H,-,C,A,0,,,,,Y,,A,01,0,0,1,0,0,0,0,0,0,"- ","- ",,,TULARE,TULARE,-119.34886169433594,36.225692749023438
9404172,2021,2022-02-07,5407,2021-12-22,1425,C51,480,3,5,5,5407,0,0,0,,0,P33,"S LOVERS LN","E COLLEGE AV",0.00,,Y,C,-,N,,,,,,,,,,Y,3,0,1,2,A,-,09,21804,A,N,D,C,A,B,H,-,A,A,0,,,Y,,Y,,A,01,0,1,0,0,0,0,0,0,1,"- ","- ",36.323150634765625,-119.26069641113281,TULARE,VISALIA,-119.26062774658203,36.323135375976562
9404173,2021,2022-02-07,5407,2021-12-30,1721,A247,480,4,5,5,5407,0,0,0,,0,012,"MOONEY BL","MONTE VISTA AV",50.00,S,N,A,-,N,,,,,,,,,,N,3,0,1,2,A,-,03,22350,,N,C,C,A,A,H,-,A,D,0,,,,,Y,,A,01,0,1,0,0,0,0,0,0,0,"- ","- ",,,TULARE,VISALIA,-119.31381988525391,36.304893493652344
9404174,2021,2022-02-07,5407,2021-12-28,1455,M333,480,2,5,5,5407,0,0,0,,0,M11,"W MINERAL KING AV","S CHINOWTH ST",0.00,,Y,A,-,N,,,,,,,,,,Y,3,0,1,2,A,-,12,21453,A,N,D,C,A,A,H,-,A,A,0,,,,,Y,,A,07,0,1,0,0,0,0,0,0,0,"- ","- ",,,TULARE,VISALIA,-119.33625030517578,36.327850341796875
9404317,2021,2022-03-08,5407,2021-12-22,1507,C51,480,3,5,5,5407,0,0,0,,0,N25,"W WREN DR","N ENCINA CT",0.00,,-,C,-,N,,,,,,,,,,Y,3,0,1,2,A,-,09,21800,A,N,D,C,A,B,H,-,A,A,0,,,,,Y,,-,"- ",0,1,0,0,0,0,0,0,0,"- ","- ",36.352619171142578,-119.29512023925781,TULARE,VISALIA,-119.29512023925781,36.352619171142578
9414327,2021,2022-03-23,5408,2021-11-23,1803,1951,,2,5,2,5408,0,0,0,,0,,"W NARANJO BL","SOUTH ACACIA ST",0.00,,Y,A,-,Y,TUL,6,216,-,-,13.810,H,-,W,Y,4,0,1,2,A,-,04,21703,,M,C,C,A,A,H,-,C,D,0,,,,,Y,,A,01,0,0,1,0,0,0,0,0,0,"- ","- ",,,TULARE,WOODLAKE,-119.10231781005859,36.413738250732422
9417279,2021,2022-03-22,5408,2021-08-08,0100,1954,5408,7,5,2,5408,0,0,0,,0,,"CYPRESS ST","MOUNTAIN VIEW AV",0.00,,Y,A,-,N,,,,,,,,,,Y,3,0,1,2,A,-,01,23152,A,M,C,E,A,A,H,-,C,D,0,,,,,Y,Y,A,01,0,1,0,0,0,0,0,0,0,"- ","- ",,,TULARE,WOODLAKE,-119.10562896728516,36.416530609130859
91383404,2021,2021-01-07,9480,2021-01-06,0720,013914,,3,1,9,5400,0,1,3,,1,021,"STATE ROUTE 63","AVENUE 368",0.00,,Y,B,E,Y,,,63,,,,,,,Y,3,0,1,2,A,-,03,22350,,N,D,C,A,A,H,-,A,A,0,,,,Y,Y,,A,01,0,1,0,0,0,0,0,0,0,"- ","- ",36.457759857177734,-119.29547882080078,TULARE,UNINCORPORATED,-119.29544830322266,36.457759857177734
91387392,2021,2021-01-14,9480,2021-01-09,0438,017291,,6,3,9,5400,0,1,3,,2,095,"STATE ROUTE 99 (NORTHBOUND)","COUNTY LINE RD",2112.00,N,N,F,-,Y,,,99,,,,,,,Y,4,0,2,1,A,-,08,22107,,N,F,A,A,B,H,-,D,D,0,,,,,Y,,D,22,0,0,2,0,0,0,0,0,0,"- ","- ",35.794868469238281,-119.25325012207031,TULARE,UNINCORPORATED,-119.25334167480469,35.794849395751953
91388688,2021,2021-01-18,9481,2021-01-09,0123,021175,,6,3,9,5400,0,1,3,,1,012,"STATE ROUTE 65 N/B","AVENUE 184",1056.00,N,N,A,-,Y,,,65,,,,,,N,Y,3,0,1,1,A,-,01,23152,A,N,E,I,A,A,H,-,D,D,0,,,,,Y,Y,A,01,0,1,0,0,0,0,0,0,0,"- ","- ",36.124828338623047,-119.05638885498047,TULARE,UNINCORPORATED,-119.05641174316406,36.12481689453125
91389129,2021,2021-01-18,9480,2021-01-15,0840,018202,,5,1,9,5400,0,1,3,,1,020,"SR-201 (AVENUE 400)","RD 40",0.00,,Y,A,-,Y,,,201,,,,,,,Y,4,0,1,2,A,-,09,21802,A,N,D,C,A,A,H,-,A,A,0,,,,,Y,,D,22,0,0,1,0,0,0,0,0,0,"- ","- ",36.517620086669922,-119.48473358154297,TULARE,UNINCORPORATED,-119.48473358154297,36.517620086669922
91389708,2021,2021-01-18,9480,2021-01-09,0205,018521,,6,3,9,5400,0,3,5,,2,005,"COURT AVE.","PALM ST.",0.00,,Y,E,-,N,,,,,,,,,,Y,4,0,1,1,A,-,01,23152,A,N,E,I,A,A,H,-,D,A,0,,,,,Y,Y,A,07,0,0,1,0,0,0,0,0,0,"- ","- ",35.971549987792969,-119.26822662353516,TULARE,UNINCORPORATED,-119.26832580566406,35.971549987792969
91389801,2021,2021-01-18,9480,2021-01-10,0225,019828,,7,3,9,5400,0,1,3,,2,093,"SR-99 S/B","RANKIN RD",3696.00,N,N,A,-,Y,,,,,,,,,,Y,4,0,1,1,A,-,08,22107,,N,E,I,A,A,H,-,D,D,0,,,,,Y,,D,22,0,0,1,0,0,0,0,0,0,"- ","- ",36.162689208984375,-119.33251953125,TULARE,UNINCORPORATED,,
91389867,2021,2021-01-18,9480,2021-01-13,1240,016233,,3,1,9,5400,0,3,5,,2,001,"AVE 308","EAGLE ST.",0.00,,Y,A,-,N,,,,,,,,,,Y,4,0,1,2,A,-,09,21802,A,N,D,C,A,A,H,-,A,D,0,,,,,Y,,A,01,0,0,1,0,0,0,0,0,0,"- ","- ",36.349010467529297,-119.40901947021484,TULARE,UNINCORPORATED,-119.40904998779297,36.349002838134766
91389928,2021,2021-01-18,9481,2021-01-01,1715,017991,,5,2,9,5400,0,3,5,,2,010,"ROAD 188","AVENUE 208",0.00,,Y,A,-,N,,,,,,,,,,Y,4,0,2,2,A,-,01,23152,A,N,D,C,A,A,H,-,D,A,0,,,,,Y,Y,D,22,0,0,2,0,0,0,0,0,0,"- ","- ",36.167270660400391,-119.15286254882812,TULARE,UNINCORPORATED,-119.15283966064453,36.167236328125
91390094,2021,2021-01-18,9481,2021-01-12,2040,017894,,2,2,9,5400,0,3,5,,2,030,"ROAD 156","COUNTY LINE ROAD",480.00,N,N,A,-,N,,,,,,,,,,Y,3,0,1,1,A,-,08,22107,,N,E,I,A,A,H,-,D,D,0,,,,,Y,,A,01,0,1,0,0,0,0,0,0,0,"- ","- ",35.792079925537109,-119.22355651855469,TULARE,UNINCORPORATED,-119.22350311279297,35.791805267333984
91390858,2021,2021-01-19,9480,2021-01-15,1803,020060,,5,2,9,5400,0,1,3,,1,030,"STATE ROUTE 137 (ROAD 36)","AVENUE 208",1056.00,S,N,A,-,Y,,,,,,,,,,Y,2,0,2,2,A,-,08,22107,,N,D,C,A,A,H,-,D,D,0,,,,,Y,,A,01,2,0,0,0,0,0,0,0,0,"- ","- ",36.163021087646484,-119.49315643310547,TULARE,UNINCORPORATED,-119.49314117431641,36.163730621337891
91391243,2021,2021-01-20,9480,2021-01-08,2301,018421,,5,3,9,5400,0,1,3,,1,040,SR-216,"ROAD 152",275.00,E,N,E,-,Y,,,216,,,,,,,Y,2,0,1,1,A,-,01,23152,A,N,E,I,A,A,H,-,D,A,0,,,,,Y,Y,D,22,1,0,0,0,0,0,0,0,0,"- ","- ",36.346279144287109,-119.23246765136719,TULARE,UNINCORPORATED,-119.23248291015625,36.346305847167969
91392126,2021,2021-01-21,9480,2021-01-18,1450,018202,,1,2,9,5400,0,3,5,,2,001,"RD 80","AVE 368",265.00,S,N,A,-,N,,,,,,,,,,Y,3,0,2,3,A,-,03,22350,,N,C,C,A,A,H,-,A,D,0,,,,,Y,,A,01,0,2,0,0,0,0,0,0,0,"- ","- ",36.457740783691406,-119.3944091796875,TULARE,UNINCORPORATED,-119.39458465576172,36.457832336425781
91393462,2021,2021-01-25,9480,2021-01-22,1305,017108,,5,1,9,5400,0,1,3,,2,095,"STATE ROUTE 99 SOUTHBOUND","COUNTY LINE ROAD (AVE 0)",4224.00,N,N,C,-,Y,,,,,,,,,,Y,4,0,1,1,A,-,03,22350,,N,E,I,A,B,H,-,A,D,0,,,,Y,Y,,G,27,0,0,1,0,0,0,0,0,0,"- ","- ",35.802078247070312,-119.25034332275391,TULARE,UNINCORPORATED,-119.25514221191406,35.801349639892578
91394006,2021,2021-01-26,9481,2021-01-24,0430,018113,,7,3,9,5400,0,3,5,,2,030,"ROAD 236","AVENUE 80",3450.00,S,N,B,E,N,,,,,,,,,,Y,3,0,1,1,A,-,08,22107,,N,F,A,A,B,H,-,D,D,0,,,,,Y,,A,01,0,1,0,0,0,0,0,0,0,"- ","- ",35.923431396484375,-119.04444885253906,TULARE,UNINCORPORATED,-119.04498291015625,35.925693511962891
91394250,2021,2021-01-26,9480,2021-01-24,1440,020837,,7,2,9,5400,0,3,5,,2,005,"ELM STREET","WASHINGTON AVENUE",100.00,S,N,B,-,N,,,,,,,,,,Y,4,0,1,1,A,-,03,22350,,N,E,I,A,A,H,-,A,D,0,,,,,Y,,A,01,0,0,1,0,0,0,0,0,0,"- ","- ",35.88433837890625,-119.26587677001953,TULARE,UNINCORPORATED,-119.26593780517578,35.884376525878906
91394416,2021,2021-01-26,9480,2021-01-04,0800,013821,,1,1,9,5400,0,3,5,,2,003,"ROAD 112","AVENUE 184",2640.00,S,N,A,-,N,,,,,,,,,,Y,4,0,1,2,A,-,06,21750,,N,B,C,A,A,H,-,A,D,0,,,,Y,Y,,A,01,0,0,1,0,0,0,0,0,0,"- ","- ",36.116260528564453,-119.32801818847656,TULARE,UNINCORPORATED,-119.32805633544922,36.116539001464844
91394895,2021,2021-01-27,9480,2021-01-24,2141,020837,,7,2,9,5400,0,1,3,,2,095,"STATE ROUTE 99 SOUTHBOUND","AVENUE 48",3960.00,S,N,B,C,Y,,,99,,,,,,S,Y,3,0,1,2,A,-,01,23152,A,N,C,C,A,B,H,-,D,D,0,,,,Y,Y,Y,D,22,0,1,0,0,0,0,0,0,0,"- ","- ",35.866378784179688,-119.27017974853516,TULARE,UNINCORPORATED,-119.27021789550781,35.866371154785156
91396037,2021,2021-01-28,9480,2021-01-22,1300,013821,,5,1,9,5400,0,1,3,,2,095,"SR-99 SB","AVENUE 24 U/C",7920.00,S,N,B,C,Y,,,99,,,,,,S,Y,4,0,1,2,A,-,03,22350,,N,C,C,A,B,H,-,A,D,0,,,,,Y,,A,01,0,0,1,0,0,0,0,0,0,"- ","- ",35.825248718261719,-119.25868988037109,TULARE,UNINCORPORATED,-119.25872802734375,35.825248718261719
91398450,2021,2021-01-29,9480,2021-01-11,0900,020273,,1,1,9,5400,0,3,5,,2,003,"AVENUE 152","ROAD 96",0.00,,Y,E,-,N,,,,,,,,,,Y,3,0,1,2,A,-,03,22350,,N,D,C,A,B,H,-,A,A,0,,,,Y,Y,,G,24,0,1,0,0,0,0,0,0,0,"- ","- ",36.065708160400391,-119.35765075683594,TULARE,UNINCORPORATED,-119.35768127441406,36.065662384033203
91399611,2021,2021-02-01,9481,2021-01-28,0102,016776,,4,3,9,5400,0,1,3,,1,012,"STATE ROUTE 65 N/B","LINDMORE STREET",0.00,,Y,B,-,Y,,,65,,,,,,N,Y,3,0,2,2,A,-,03,22350,,N,C,C,A,A,H,-,D,D,0,,,,,Y,Y,A,01,0,1,1,0,0,0,0,0,0,"- ","- ",36.196018218994141,-119.09958648681641,TULARE,UNINCORPORATED,-119.09963226318359,36.195995330810547
91399771,2021,2021-02-01,9480,2021-01-20,1405,018202,,3,2,9,5400,0,3,5,,2,005,"RD 120","AVE 120",720.00,S,N,A,-,N,,,,,,,,,,Y,4,0,1,2,A,-,01,23152,A,N,D,C,A,A,H,-,A,D,0,,,,Y,Y,Y,D,22,0,0,1,0,0,0,0,0,0,"- ","- ",36.005111694335938,-119.30403900146484,TULARE,UNINCORPORATED,-119.30481719970703,36.005878448486328
91399803,2021,2021-02-01,9480,2021-01-20,0532,018521,,3,3,9,5400,0,3,5,,2,001,"AVENUE 416","ROAD 48",1056.00,W,N,A,-,N,,,,,,,,,,Y,4,0,2,2,A,-,03,22350,,N,C,C,A,A,H,-,D,D,0,,,,,Y,,D,22,0,0,2,0,0,0,0,0,0,"- ","- ",36.546630859375,-119.47093963623047,TULARE,UNINCORPORATED,,
91400483,2021,2021-02-02,9481,2021-01-23,1600,021227,,6,2,9,5400,0,3,5,,2,050,"MOUNTAIN ROAD 137 (RESERVATION ROAD)","POTHOLE ROAD",2112.00,W,N,B,C,N,,,,,,,,,,Y,4,0,1,1,A,-,08,22107,,N,E,I,A,B,H,-,A,D,0,,,,,Y,,A,01,0,0,1,0,0,0,0,0,0,"- ","- ",36.03131103515625,-118.88661193847656,TULARE,UNINCORPORATED,,
91400722,2021,2021-02-02,9480,2021-01-29,1020,018202,,5,1,9,5400,0,1,3,,2,091,"SR-99 S/B","AVE 284",2640.00,S,N,B,-,Y,,,99,,,,,,S,Y,2,0,1,1,A,-,01,23152,A,N,E,I,A,A,H,-,A,D,0,,,,,Y,Y,A,01,1,0,0,0,0,0,0,0,0,"- ","- ",36.484939575195312,-119.51071929931641,TULARE,UNINCORPORATED,-119.51069641113281,36.484970092773438
91400742,2021,2021-02-12,9480,2021-01-13,2500,017854,,3,4,9,5400,0,3,5,,2,006,"AVENUE 200","ROAD 140",1056.00,W,N,A,-,N,,,,,,,,,,Y,1,1,0,1,A,-,01,23152,A,N,E,I,A,A,H,-,D,D,0,,,,,Y,Y,D,22,0,0,0,0,0,0,0,0,0,"- ","- ",36.152801513671875,-119.2640380859375,TULARE,UNINCORPORATED,-119.26309204101562,36.152805328369141
91401490,2021,2021-02-03,9480,2021-02-01,1923,019048,,1,2,9,5400,0,3,5,,2,006,"ROAD 140","AVENUE 272",50.00,N,N,A,-,N,,,,,,,,,,Y,4,0,1,2,A,-,03,22350,,N,C,C,A,A,H,-,D,D,0,,,,,Y,,A,01,0,0,1,0,0,0,0,0,0,"- ","- ",36.288520812988281,-119.26103210449219,TULARE,UNINCORPORATED,-119.26087951660156,36.283977508544922
91403178,2021,2021-02-09,9480,2021-02-04,2245,016145,,4,3,9,5400,0,3,5,,2,002,"ROAD 144","AVENUE 392",932.00,N,N,A,-,N,,,,,,,,,,Y,3,0,2,1,A,-,08,22107,,N,F,A,A,A,H,-,D,D,0,,,,,Y,,A,01,0,1,1,0,0,0,0,0,0,"- ","- ",36.503440856933594,-119.25077056884766,TULARE,UNINCORPORATED,-119.2506103515625,36.503276824951172
91405154,2021,2021-02-09,9480,2021-01-30,0002,017291,,6,3,9,5400,0,1,3,,2,091,"STATE ROUTE 99 (NORTHBOUND)","AVENUE 384",63.00,N,N,A,-,Y,,,99,,,,,,,Y,2,0,1,2,A,-,01,23152,A,N,B,C,A,A,H,-,D,D,0,,,,,Y,Y,A,01,1,0,0,0,0,0,0,0,0,"- ","- ",36.4910888671875,-119.52027893066406,TULARE,UNINCORPORATED,-119.52022552490234,36.491176605224609
91405406,2021,2021-02-09,9480,2021-02-03,1605,019846,,3,2,9,5400,0,3,5,,2,002,"ROAD 120","AVENUE 444",580.00,S,N,B,-,N,,,,,,,,,,Y,4,0,1,1,A,-,08,22107,,N,F,I,A,A,H,-,A,D,0,,,,,Y,,A,07,0,0,1,0,0,0,0,0,0,"- ","- ",36.593238830566406,-119.30490875244141,TULARE,UNINCORPORATED,-119.30497741699219,36.593849182128906
91405476,2021,2021-02-09,9480,2021-01-30,0300,016240,,6,3,9,5400,0,3,5,,2,001,"DRIVE 36","AVENUE 360",10.00,N,N,B,-,N,,,,,,,,,,Y,4,0,1,1,A,-,03,22350,,N,E,J,A,A,H,-,D,D,0,,,,,Y,,D,22,0,0,1,0,0,0,0,0,0,"- ","- ",36.444499969482422,-119.484130859375,TULARE,UNINCORPORATED,,
91406242,2021,2021-02-10,9480,2021-01-29,0205,020450,,5,3,9,5400,0,1,3,,2,095,"SR-99 S/B","AVENUE 120",390.00,S,N,B,C,Y,,,99,,,,,,S,Y,2,0,1,1,A,-,03,22350,,N,E,I,A,B,H,-,D,D,0,,,,Y,Y,,G,25,1,0,0,0,0,0,0,0,0,"- ","- ",36.006778717041016,-119.30209350585938,TULARE,UNINCORPORATED,-119.3018798828125,36.006809234619141
91406977,2021,2021-02-11,9481,2021-02-08,0730,015290,,1,1,9,5400,0,3,5,,2,010,"ROAD 224","AVENUE 192",36.00,N,N,A,-,N,,,,,,,,,,Y,4,0,1,2,A,-,08,22107,,N,A,C,A,A,H,-,A,A,0,,,,,Y,,D,22,0,0,1,0,0,0,0,0,0,"- ","- ",36.138561248779297,-119.07164001464844,TULARE,UNINCORPORATED,-119.07174682617188,36.138301849365234
91407690,2021,2021-02-12,9480,2021-02-08,0530,017108,,1,3,9,5400,0,1,3,,1,065,"STATE ROUTE 65","ATKINSON WAY",200.00,N,N,A,-,Y,,,65,,,,,,,Y,4,0,1,1,A,-,08,22107,,N,E,I,A,A,H,-,D,D,0,,,,,Y,,A,01,0,0,1,0,0,0,0,0,0,"- ","- ",36.305751800537109,-119.13552856445312,TULARE,UNINCORPORATED,-119.13559722900391,36.305755615234375
91408241,2021,2021-02-15,9481,2021-02-06,1340,018113,,6,1,9,5400,0,3,5,,2,010,"AVENUE 208","ROAD 180",1269.00,E,N,A,-,N,,,,,,,,,,Y,4,0,2,1,A,-,08,22107,,N,F,A,A,A,H,-,A,D,0,,,,,Y,,A,01,0,0,2,0,0,0,0,0,0,"- ","- ",36.166328430175781,-119.16635894775391,TULARE,UNINCORPORATED,-119.16645812988281,36.167240142822266
91408379,2021,2021-02-15,9481,2021-02-12,1116,018113,,5,1,9,5400,0,3,5,,2,010,"ROAD 152","AVENUE 224",0.00,,Y,B,-,N,,,,,,,,,,Y,4,0,1,1,A,-,08,22107,,N,E,I,A,A,H,-,A,D,0,,,,,Y,,A,08,0,0,1,0,0,0,0,0,0,"- ","- ",36.196510314941406,-119.23313903808594,TULARE,UNINCORPORATED,-119.23320770263672,36.196399688720703
91408385,2021,2021-02-15,9481,2021-02-13,0545,018113,,6,3,9,5400,0,3,5,,2,020,"AVENUE 181","ORANGE BELT DRIVE",0.00,,Y,A,-,N,,,,,,,,,,Y,4,0,1,2,A,-,09,21802,A,N,D,C,A,A,H,-,D,A,0,,,,,Y,,A,01,0,0,1,0,0,0,0,0,0,"- ","- ",36.118141174316406,-119.04709625244141,TULARE,UNINCORPORATED,-119.04711151123047,36.118114471435547
91408808,2021,2021-02-16,9481,2021-02-10,2315,018595,,3,3,9,5400,0,3,5,,2,050,"HILLCREST STREET","AVENUE 128 (TEAPOT DOME AVENUE)",0.00,,Y,A,-,N,,,,,,,,,,Y,2,0,1,1,A,-,12,22450,A,N,E,J,A,A,H,-,D,A,0,,,,,Y,,A,07,1,0,0,0,0,0,0,0,0,"- ","- ",36.022228240966797,-118.99118041992188,TULARE,UNINCORPORATED,-118.99114990234375,36.022285461425781
91409151,2021,2021-02-16,9481,2021-02-08,2148,021234,,1,2,9,5400,0,1,3,,1,012,"STATE ROUTE 65 SOUTHBOUND","MORTON AVENUE",5.00,S,N,A,-,Y,,,,,,,,,,Y,3,0,2,2,A,-,03,22350,,N,C,E,A,A,H,-,D,D,0,,,,,Y,,D,22,0,2,0,0,0,0,0,0,0,"- ","- ",36.073150634765625,-119.03980255126953,TULARE,UNINCORPORATED,-119.03983306884766,36.072219848632812
91409772,2021,2021-03-01,9481,2021-02-13,1120,018113,,6,1,9,5400,0,3,5,,2,050,"AVENUE 88","ROAD 248",0.00,,Y,B,-,N,,,,,,,,,,Y,4,0,1,2,A,-,09,21802,A,N,D,C,A,A,H,-,A,A,0,,,,,Y,,A,01,0,0,1,0,0,0,0,0,0,"- ","- ",35.949539184570312,-119.01809692382812,TULARE,UNINCORPORATED,-119.01810455322266,35.949546813964844
91410705,2021,2021-02-18,9480,2021-02-10,1800,016723,,3,2,9,5400,0,3,5,,2,004,"AVENUE 328","ROAD 127",87.00,W,N,A,-,N,,,,,,,,,,Y,3,0,2,2,A,-,09,21804,A,N,D,C,A,A,H,-,D,D,0,,,,,Y,,A,07,0,1,1,0,0,0,0,0,0,"- ","- ",36.38555908203125,-119.29074096679688,TULARE,UNINCORPORATED,-119.29039764404297,36.385540008544922
91412400,2021,2021-02-22,9480,2021-02-14,2335,018521,,7,3,9,5400,0,1,3,,2,095,"SR-99 N/B","AVENUE 96",2112.00,S,N,A,-,Y,,,99,,,,,,N,Y,4,0,1,1,A,-,08,22107,,N,E,I,A,A,H,-,D,D,0,,,,,Y,,A,01,0,0,1,0,0,0,0,0,0,"- ","- ",35.958858489990234,-119.29078674316406,TULARE,UNINCORPORATED,-119.29096984863281,35.958869934082031
91412798,2021,2021-02-22,9480,2021-02-15,0646,013914,,1,1,9,5400,0,1,3,,1,021,"STATE ROUTE 63","AVENUE 328",0.00,,Y,B,-,Y,,,63,,,,,,,Y,3,0,1,2,A,-,09,21453,C,N,A,C,A,A,H,-,A,A,0,,,,,Y,,E,22,0,1,0,0,0,0,0,0,0,"- ","- ",36.385459899902344,-119.2967529296875,TULARE,UNINCORPORATED,-119.29676055908203,36.385459899902344
91412832,2021,2021-02-22,9480,2021-02-13,2100,020273,,6,2,9,5400,0,3,5,,2,006,SR-137,"ROAD 168",50.00,W,N,A,-,Y,,,137,,,,,,,N,4,0,1,2,A,-,12,22450,A,F,F,A,A,B,H,-,D,A,0,,,,,Y,,-,99,0,0,1,0,0,0,0,0,0,"- ","- ",36.210891723632812,-119.19908905029297,TULARE,UNINCORPORATED,-119.19908905029297,36.210769653320312
91413053,2021,2021-02-22,9480,2021-02-17,0934,017108,,3,1,9,5400,0,3,5,,2,006,"ROAD 108","AVENUE 272",1584.00,S,N,A,-,N,,,,,,,,,,Y,4,0,1,2,A,-,03,22350,,N,C,C,A,A,H,-,A,D,0,,,,,Y,,A,01,0,0,1,0,0,0,0,0,0,"- ","- ",36.278789520263672,-119.33161163330078,TULARE,UNINCORPORATED,-119.33157348632812,36.279384613037109
91413650,2021,2021-02-23,9481,2021-02-18,1500,017894,,4,2,9,5400,0,3,5,,2,030,"AVENUE 60","ROAD 248",0.00,,Y,A,-,N,,,,,,,,,,Y,4,0,1,1,A,-,08,22107,,N,F,A,A,A,H,-,A,D,0,,,,,Y,,A,01,0,0,1,0,0,0,0,0,0,"- ","- ",35.899009704589844,-119.01799011230469,TULARE,UNINCORPORATED,-119.01823425292969,35.898857116699219
91413821,2021,2021-02-23,9480,2021-02-11,1304,013914,,4,1,9,5400,0,1,3,,1,040,"STATE ROUTE 216","ROAD 158",48.00,E,N,B,-,Y,,,216,,,,,,,Y,3,0,1,2,A,-,08,22107,,N,D,C,A,A,H,-,A,D,0,,,,,Y,,A,01,0,1,0,0,0,0,0,0,0,"- ","- ",36.349040985107422,-119.22028350830078,TULARE,UNINCORPORATED,-119.22027587890625,36.349102020263672