CASE_ID,ACCIDENT_YEAR,PROC_DATE,JURIS,COLLISION_DATE,COLLISION_TIME,OFFICER_ID,REPORTING_DISTRICT,DAY_OF_WEEK,CHP_SHIFT,POPULATION,CNTY_CITY_LOC,SPECIAL_COND,BEAT_TYPE,CHP_BEAT_TYPE,CITY_DIVISION_LAPD,CHP_BEAT_CLASS,BEAT_NUMBER,PRIMARY_RD,SECONDARY_RD,DISTANCE,DIRECTION,INTERSECTION,WEATHER_1,WEATHER_2,STATE_HWY_IND,CALTRANS_COUNTY,CALTRANS_DISTRICT,STATE_ROUTE,ROUTE_SUFFIX,POSTMILE_PREFIX,POSTMILE,LOCATION_TYPE,RAMP_INTERSECTION,SIDE_OF_HWY,TOW_AWAY,COLLISION_SEVERITY,NUMBER_KILLED,NUMBER_INJURED,PARTY_COUNT,PRIMARY_COLL_FACTOR,PCF_CODE_OF_VIOL,PCF_VIOL_CATEGORY,PCF_VIOLATION,PCF_VIOL_SUBSECTION,HIT_AND_RUN,TYPE_OF_COLLISION,MVIW,PED_ACTION,ROAD_SURFACE,ROAD_COND_1,ROAD_COND_2,LIGHTING,CONTROL_DEVICE,CHP_ROAD_TYPE,PEDESTRIAN_ACCIDENT,BICYCLE_ACCIDENT,MOTORCYCLE_ACCIDENT,TRUCK_ACCIDENT,NOT_PRIVATE_PROPERTY,ALCOHOL_INVOLVED,STWD_VEHTYPE_AT_FAULT,CHP_VEHTYPE_AT_FAULT,COUNT_SEVERE_INJ,COUNT_VISIBLE_INJ,COUNT_COMPLAINT_PAIN,COUNT_PED_KILLED,COUNT_PED_INJURED,COUNT_BICYCLIST_KILLED,COUNT_BICYCLIST_INJURED,COUNT_MC_KILLED,COUNT_MC_INJURED,PRIMARY_RAMP,SECONDARY_RAMP,LATITUDE,LONGITUDE,COUNTY,CITY,POINT_X,POINT_Y
91414188,2021,2021-02-24,9481,2021-02-22,1335,015290,,1,1,9,5400,0,3,5,,2,010,"ROAD 208","AVENUE 164",12.00,S,N,A,-,N,,,,,,,,,,Y,4,0,2,2,A,-,03,22350,,N,C,C,A,A,H,-,A,D,0,,,,,Y,,D,22,0,0,2,0,0,0,0,0,0,"- ","- ",36.087299346923828,-119.10745239257812,TULARE,UNINCORPORATED,-119.10749053955078,36.087486267089844
91417115,2021,2021-02-26,9480,2021-01-07,2135,020450,,4,2,9,5400,0,1,3,,2,095,"STATE ROUTE 99 NORTHBOUND","TIPTON OVERPASS",475.00,N,N,E,-,Y,,,99,,,,,,N,Y,1,1,1,1,A,-,08,22107,,N,E,I,A,A,H,-,D,D,0,,,,,Y,,A,07,1,0,0,0,0,0,0,0,0,"- ","- ",36.06005859375,-119.31202697753906,TULARE,UNINCORPORATED,-119.31215667724609,36.060028076171875
91417813,2021,2021-03-01,9481,2021-02-13,1810,021234,,6,2,9,5400,0,2,4,,1,051,"DATE AVENUE","LEGGET STREET",37.00,E,N,B,-,N,,,,,,,,,,N,3,0,1,2,A,-,03,22350,,N,C,C,A,A,H,-,C,D,0,,,,,Y,,A,01,0,1,0,0,0,0,0,0,0,"- ","- ",36.058441162109375,-118.99916839599609,TULARE,UNINCORPORATED,-118.99946594238281,36.058448791503906
91417924,2021,2021-03-01,9480,2021-02-05,1150,016233,,5,1,9,5400,0,1,3,,1,010,"SR-201 (AVE 400)","RD. 40",104.00,W,N,B,-,Y,,,201,,,,,,,Y,2,0,2,2,A,-,09,21801,A,N,A,C,A,A,H,-,A,D,0,,,,,Y,,A,01,1,1,0,0,0,0,0,0,0,"- ","- ",36.517559051513672,-119.48664855957031,TULARE,UNINCORPORATED,-119.48664855957031,36.517623901367188
91418218,2021,2021-03-01,9481,2021-02-14,1800,021234,,7,2,9,5400,0,1,3,,1,037,"AVENUE 56","STATE ROUTE 65",0.00,,Y,A,-,N,,,,,,,,,,Y,3,0,1,2,A,-,09,21801,A,N,D,C,A,A,H,-,C,A,0,,,,,Y,,A,01,0,1,0,0,0,0,0,0,0,"- ","- ",35.891708374023438,-119.05348205566406,TULARE,UNINCORPORATED,-119.05348205566406,35.891712188720703
91418737,2021,2021-03-02,9480,2021-02-19,2137,018521,,5,2,9,5400,0,1,3,,1,060,SR-137,"ROAD 168",0.00,,Y,A,-,Y,,,137,,,,,,,N,4,0,1,2,A,-,07,21658,A,F,C,C,A,A,H,-,D,D,0,,,,,Y,,-,99,0,0,1,0,0,0,0,0,0,"- ","- ",36.210700988769531,-119.19883728027344,TULARE,UNINCORPORATED,-119.19883728027344,36.210697174072266
91418980,2021,2021-03-02,9480,2021-02-18,1145,016210,,4,1,9,5400,0,3,5,,2,006,"AVENUE 280 (VISALIA ROAD)","CORNUCOPIA RD",350.00,E,N,A,-,N,,,,,,,,,,Y,3,0,1,1,A,-,08,22107,,N,F,A,A,A,H,-,A,D,0,,,Y,,Y,,C,02,0,1,0,0,0,0,0,0,1,"- ","- ",36.297458648681641,-119.16626739501953,TULARE,UNINCORPORATED,,
91419915,2021,2021-03-03,9480,2021-02-26,1900,016233,,5,2,9,5400,0,3,5,,2,004,"SOUTH FORK DR.","CINNAMON CANYON RD",512.00,E,N,A,-,N,,,,,,,,,,Y,4,0,1,1,A,-,08,22107,,N,E,I,A,A,H,-,D,D,0,,,,,Y,,D,22,0,0,1,0,0,0,0,0,0,"- ","- ",36.377311706542969,-118.85353851318359,TULARE,UNINCORPORATED,-118.85379028320312,36.376937866210938
91420732,2021,2021-03-04,9480,2021-02-26,1350,016723,,5,1,9,5400,0,1,3,,1,020,"STATE ROUTE 201 (AVENUE 384)","ROAD 144",985.00,W,N,A,-,Y,,,201,,,,,,,Y,4,0,1,2,D,-,00,,,N,B,C,A,A,H,-,A,D,0,,,,,Y,,-,"- ",0,0,1,0,0,0,0,0,0,"- ","- ",36.486301422119141,-119.25405883789062,TULARE,UNINCORPORATED,-119.25405883789062,36.486297607421875
91421230,2021,2021-03-05,9481,2021-02-18,1530,017991,,4,2,9,5400,0,2,4,,1,021,"ORANGE BELT DRIVE","AVENUE 184",686.00,N,N,A,-,N,,,,,,,,,,Y,4,0,1,2,A,-,05,21650,,N,A,C,A,A,H,-,A,D,0,,,,,Y,,A,01,0,0,1,0,0,0,0,0,0,"- ","- ",36.125431060791016,-119.05045318603516,TULARE,UNINCORPORATED,-119.0504150390625,36.125373840332031
91421242,2021,2021-03-05,9480,2021-03-04,1025,017108,,4,1,9,5400,0,3,5,,2,006,"AVENUE 256","ROAD 152",0.00,,Y,A,-,N,,,,,,,,,,Y,4,0,1,2,A,-,09,21802,A,N,D,C,A,A,H,-,A,A,0,,,,,Y,,A,07,0,0,1,0,0,0,0,0,0,"- ","- ",36.254440307617188,-119.23365020751953,TULARE,UNINCORPORATED,-119.23367309570312,36.254447937011719
91422068,2021,2021-03-08,9481,2021-03-04,0230,018595,,4,3,9,5400,0,2,4,,1,051,"ROAD 236","AVENUE 104",845.00,S,N,A,-,N,,,,,,,,,,Y,3,0,1,1,A,-,01,23152,A,N,F,A,A,A,H,-,D,D,0,,,,,Y,Y,A,01,0,1,0,0,0,0,0,0,0,"- ","- ",35.975509643554688,-119.04522705078125,TULARE,UNINCORPORATED,-119.04541015625,35.977153778076172
91422179,2021,2021-03-08,9480,2021-02-21,1245,016240,,7,1,9,5400,0,3,5,,2,002,"AVENUE 320","ROAD 80",3538.00,E,N,A,-,N,,,,,,,,,,Y,4,0,1,1,A,-,08,22107,,N,E,I,A,A,H,-,A,D,0,,,,,Y,,A,01,0,0,1,0,0,0,0,0,0,"- ","- ",36.370929718017578,-119.38243103027344,TULARE,UNINCORPORATED,-119.38271331787109,36.370876312255859
91422361,2021,2021-03-08,9480,2021-03-01,1300,018202,,1,1,9,5400,0,1,3,,2,095,"SR-99 S/B TO AVE 120","AVE 120",0.00,,Y,A,-,Y,,,99,,,,R,,S,Y,4,0,1,2,A,-,09,21802,A,N,D,C,A,A,H,-,A,A,0,,,,,Y,,A,01,0,0,1,0,0,0,0,0,0,"- ","- ",36.007671356201172,-119.30239868164062,TULARE,UNINCORPORATED,-119.30239868164062,36.007671356201172
91422366,2021,2021-03-11,9480,2021-02-26,1725,016723,,5,2,9,5400,0,1,3,,1,021,"STATE ROUTE 63","AVENUE 368",0.00,,Y,A,-,Y,,,63,,,,,,,Y,4,0,1,2,A,-,09,21801,A,N,A,C,A,A,H,-,A,D,0,,,,,Y,,A,01,0,0,1,0,0,0,0,0,0,"- ","- ",36.457740783691406,-119.29541778564453,TULARE,UNINCORPORATED,-119.29544830322266,36.457740783691406
91422605,2021,2021-03-08,9480,2021-03-02,1030,016046,,2,1,9,5400,0,1,3,,2,091,"STATE ROUTE 99 (NORTHBOUND)","MERRITT DRIVE",98.00,S,N,A,-,Y,,,99,,,,,,,N,4,0,3,2,A,-,03,22350,,N,C,C,A,A,H,-,A,D,0,,,,,Y,,A,01,0,0,3,0,0,0,0,0,0,"- ","- ",36.451988220214844,-119.49038696289062,TULARE,UNINCORPORATED,-119.49028778076172,36.452056884765625
91423350,2021,2021-03-09,9481,2021-03-04,0653,021687,,4,1,9,5400,0,3,5,,2,010,"ROAD 192","AVENUE 160",528.00,N,N,A,-,N,,,,,,,,,,Y,4,0,1,1,A,-,08,22107,,N,E,I,A,A,H,-,A,D,0,,,,,Y,,A,01,0,0,1,0,0,0,0,0,0,"- ","- ",36.085990905761719,-119.14308166503906,TULARE,UNINCORPORATED,-119.14312744140625,36.081798553466797
91424132,2021,2021-03-10,9480,2021-03-06,2032,019697,,6,2,9,5400,0,3,5,,2,003,"WEST ST","CARTMILL AVE",0.00,,Y,A,-,N,,,,,,,,,,Y,2,0,2,2,A,-,01,23152,A,N,D,C,A,A,H,-,D,A,0,,,,,Y,Y,A,07,1,1,0,0,0,0,0,0,0,"- ","- ",36.240169525146484,-119.36682891845703,TULARE,UNINCORPORATED,-119.36685180664062,36.240154266357422
91424308,2021,2021-03-10,9480,2021-03-03,2250,018861,,3,3,9,5400,0,3,5,,2,001,"ROAD 24","SR-201 (AVENUE 400)",1303.00,N,N,A,-,N,,,,,,,,,,Y,3,0,1,1,A,-,01,23152,A,N,E,I,A,A,H,-,D,D,0,,,,,Y,Y,A,01,0,1,0,0,0,0,0,0,0,"- ","- ",36.521488189697266,-119.52121734619141,TULARE,UNINCORPORATED,-119.52111053466797,36.521446228027344
91424675,2021,2021-03-10,9480,2021-03-02,1852,017291,,2,2,9,5400,0,3,5,,2,001,"ROAD 36","AVENUE 376",528.00,N,N,A,-,N,,,,,,,,,,Y,4,0,1,2,A,-,09,21804,A,N,C,C,A,A,H,-,D,D,0,,,,,Y,,M,46,0,0,1,0,0,0,0,0,0,"- ","- ",36.476768493652344,-119.49240112304688,TULARE,UNINCORPORATED,-119.49240875244141,36.475234985351562
91424899,2021,2021-03-11,9481,2021-03-01,1710,019578,,1,2,9,5400,0,3,5,,2,030,"COUNTY LINE ROAD","BROWNING ROAD",665.00,W,N,A,-,N,,,,,,,,,,N,4,0,1,2,A,-,03,22350,,N,C,C,A,A,H,-,A,D,0,,,,,Y,,A,08,0,0,1,0,0,0,0,0,0,"- ","- ",35.790500640869141,-119.22579956054688,TULARE,UNINCORPORATED,-119.22576904296875,35.790481567382812
91425349,2021,2021-07-14,9480,2021-02-20,0042,017108,,6,3,9,5400,0,1,3,,1,060,"STATE ROUTE 137 (AVENUE 232)","ROAD 148",162.00,E,N,A,-,Y,,,,,,,,,,Y,1,1,0,1,A,-,01,23152,A,N,E,I,A,A,H,-,D,D,0,,,,,Y,Y,A,01,0,0,0,0,0,0,0,0,0,"- ","- ",36.210960388183594,-119.24182891845703,TULARE,UNINCORPORATED,,
91425527,2021,2021-03-11,9480,2021-03-08,0755,017108,,1,1,9,5400,0,1,3,,1,065,"STATE ROUTE 65 (ROAD 196)","AVENUE 256",0.00,,Y,A,-,Y,,,65,,,,,,,Y,3,0,2,2,A,-,09,21802,A,N,D,C,A,A,H,-,A,A,0,,,,,Y,,A,01,0,2,0,0,0,0,0,0,0,"- ","- ",36.253578186035156,-119.13643646240234,TULARE,UNINCORPORATED,-119.13634490966797,36.253566741943359
91427404,2021,2021-03-15,9480,2021-03-06,2040,019846,,6,2,9,5400,0,3,5,,2,002,"ROAD 124","SHORT AVENUE",212.00,S,N,A,-,N,,,,,,,,,,Y,4,0,2,1,A,-,03,22350,,N,E,I,A,A,H,-,C,D,0,,,,,Y,,D,22,0,0,2,0,0,0,0,0,0,"- ","- ",36.525959014892578,-119.29579162597656,TULARE,UNINCORPORATED,-119.2957763671875,36.525978088378906
91427435,2021,2021-03-15,9481,2021-03-02,1330,021227,,2,1,9,5400,0,3,5,,2,010,"AVENUE 184","ROAD 192",800.00,W,N,A,-,N,,,,,,,,,,Y,2,0,1,2,A,-,03,22350,,N,C,C,A,A,H,-,A,D,0,,,,,Y,,D,22,1,0,0,0,0,0,0,0,0,"- ","- ",36.123638153076172,-119.15946197509766,TULARE,UNINCORPORATED,-119.14556884765625,36.123802185058594
91427453,2021,2021-03-15,9480,2021-03-06,0858,016233,,6,1,9,5400,0,3,5,,2,004,"RD. 132","AVE 352",3104.00,N,N,A,-,N,,,,,,,,,,Y,3,0,1,1,A,-,08,22107,,N,E,I,A,A,H,-,A,D,0,,,,,Y,,A,07,0,1,0,0,0,0,0,0,0,"- ","- ",36.437229156494141,-119.27790069580078,TULARE,UNINCORPORATED,-119.27780914306641,36.437149047851562
91427516,2021,2021-03-19,9480,2021-03-08,1643,017291,,1,2,9,5400,0,1,3,,2,091,"STATE ROUTE 99 (SOUTHBOUND)","18TH AVE",1584.00,S,N,A,-,Y,,,99,,,,,,,Y,4,0,1,2,A,-,08,22107,,F,C,C,A,A,H,-,A,D,0,,,,,Y,,-,99,0,0,1,0,0,0,0,0,0,"- ","- ",36.499568939208984,-119.53745269775391,TULARE,UNINCORPORATED,-119.53739929199219,36.499664306640625
91428971,2021,2021-03-17,9481,2021-03-10,2010,017894,,3,2,9,5400,0,2,4,,1,021,"ORANGE BELT DRIVE","AVENUE 184",150.00,N,N,C,-,N,,,,,,,,,,N,4,0,1,2,A,-,06,21750,,F,B,C,A,B,H,-,C,D,0,,,,,Y,,D,22,0,0,1,0,0,0,0,0,0,"- ","- ",36.124038696289062,-119.04981994628906,TULARE,UNINCORPORATED,-119.04977416992188,36.123996734619141
91431050,2021,2021-03-19,9480,2021-03-17,1423,019846,,3,2,5,5407,0,1,3,,1,064,"SR-198 E/B TO SR-63 (OFF RAMP)","WILLIS ST",198.00,W,N,A,-,Y,,,198,,,,R,,E,N,4,0,2,3,A,-,03,22350,,N,C,C,A,A,H,-,A,A,0,,,,,Y,,D,22,0,0,2,0,0,0,0,0,0,"- ","- ",36.326610565185547,-119.29843902587891,TULARE,VISALIA,-119.29843902587891,36.326610565185547
91431765,2021,2021-03-22,9480,2021-02-26,1700,018809,,5,2,9,5400,0,3,5,,2,004,"ROAD 152","STATE ROUTE-216",2234.00,S,N,A,-,N,,,,,,,,,,Y,2,0,1,2,A,-,03,22350,,N,D,C,A,A,H,-,A,D,0,,,Y,,Y,,C,02,1,0,0,0,0,0,0,0,1,"- ","- ",36.338298797607422,-119.23348999023438,TULARE,UNINCORPORATED,-119.23323059082031,36.339801788330078
91431824,2021,2021-03-22,9480,2021-03-14,1803,019846,,7,2,9,5400,0,3,5,,2,002,"AVENUE 384","ROAD 96",1541.00,W,N,B,-,N,,,,,,,,,,Y,4,0,1,1,A,-,08,22107,,N,E,I,A,A,H,-,A,D,0,,,,,Y,,A,01,0,0,1,0,0,0,0,0,0,"- ","- ",36.487579345703125,-119.36392974853516,TULARE,UNINCORPORATED,-119.36384582519531,36.487514495849609
91431896,2021,2021-03-22,9481,2021-03-15,0610,021687,,1,1,9,5400,0,3,5,,2,010,"ROAD 152","AVENUE 168",200.00,S,N,C,-,N,,,,,,,,,,Y,2,0,1,1,C,-,18,,,N,H,H,A,B,H,-,D,D,0,,,,,Y,,-,"- ",1,0,0,0,0,0,0,0,0,"- ","- ",36.094169616699219,-119.23232269287109,TULARE,UNINCORPORATED,-119.23230743408203,36.094161987304688
91431995,2021,2021-03-22,9481,2021-03-15,0450,016776,,1,3,9,5400,0,3,5,,2,010,"ROAD 152","AVENUE 168",2250.00,S,N,C,-,N,,,,,,,,,,Y,4,0,1,1,C,-,18,,,N,H,H,A,B,H,-,D,D,0,,,,,Y,,-,"- ",0,0,1,0,0,0,0,0,0,"- ","- ",36.088569641113281,-119.23235321044922,TULARE,UNINCORPORATED,-119.23230743408203,36.088535308837891
91432300,2021,2021-03-22,9480,2021-03-19,0800,016233,,5,1,9,5400,0,1,3,,2,095,"SR-99 N/B","AVE. 96",4224.00,S,N,B,-,Y,,,99,,,,,,N,N,4,0,1,2,A,-,03,22350,,N,C,C,A,A,H,-,A,D,0,,,,,Y,,A,01,0,0,1,0,0,0,0,0,0,"- ","- ",35.952278137207031,-119.28968048095703,TULARE,UNINCORPORATED,-119.28970336914062,35.952274322509766
91432441,2021,2021-03-22,9480,2021-03-19,0103,017452,,5,3,9,5400,0,3,5,,2,002,"ROAD 124","LUXOR AVENUE",61.00,S,N,A,-,N,,,,,,,,,,Y,3,0,2,1,A,-,01,23152,A,N,E,J,A,A,H,-,C,D,0,,,,,Y,Y,A,01,0,1,1,0,0,0,0,0,0,"- ","- ",36.540168762207031,-119.29586029052734,TULARE,UNINCORPORATED,-119.29586791992188,36.540061950683594
91432953,2021,2021-03-23,9480,2021-03-11,1803,017291,,4,2,9,5400,0,3,5,,2,001,"AVENUE 310","EAGLE STREET",0.00,,Y,A,-,N,,,,,,,,,,N,4,0,1,2,A,-,12,22450,A,F,G,G,A,A,H,-,B,D,0,,Y,,,Y,,A,01,0,0,1,0,0,0,1,0,0,"- ","- ",36.352771759033203,-119.40957641601562,TULARE,UNINCORPORATED,-119.40939331054688,36.352672576904297
91433847,2021,2021-03-24,9481,2021-03-19,2240,019422,,5,3,9,5400,0,2,4,,1,021,"ORANGE BELT DRIVE","AVENUE 184",545.00,N,N,C,-,N,,,,,,,,,,Y,4,0,2,2,A,-,06,21750,,N,B,C,A,B,H,-,C,D,0,,,,,Y,,A,01,0,0,2,0,0,0,0,0,0,"- ","- ",36.124679565429688,-119.05010223388672,TULARE,UNINCORPORATED,-119.05024719238281,36.125011444091797
91434135,2021,2021-03-24,9481,2021-03-19,1235,016147,,5,1,9,5400,0,3,5,,2,020,"AVENUE 196","ROAD 224",40.00,E,N,A,-,N,,,,,,,,,,N,4,0,1,3,A,-,03,22350,,N,C,C,A,A,H,-,A,A,0,,,,,Y,,A,07,0,0,1,0,0,0,0,0,0,"- ","- ",36.145561218261719,-119.07089996337891,TULARE,UNINCORPORATED,-119.07292175292969,36.145519256591797
91434898,2021,2021-03-25,9480,2021-03-15,0550,016723,,1,3,4,5406,0,1,3,,2,093,"STATE ROUTE 99 (NORTHBOUND)","STATE ROUTE 137",50.00,N,N,B,C,Y,,,99,,,,,,,Y,4,0,1,1,A,-,03,22350,,N,E,I,A,B,H,-,D,D,0,,,,Y,Y,,G,25,0,0,1,0,0,0,0,0,0,"- ","- ",36.210929870605469,-119.32852172851562,TULARE,TULARE,-119.32848358154297,36.210933685302734
91435249,2021,2021-03-25,9481,2021-03-22,1735,019149,,1,2,9,5400,0,2,4,,2,052,"MTN 137 (RESERVATION ROAD)","ROAD 296",3519.00,W,N,A,-,N,,,,,,,,,,Y,4,0,2,2,A,-,05,21460,A,N,A,C,A,A,H,-,A,D,0,,,,,Y,,D,22,0,0,2,0,0,0,0,0,0,"- ","- ",36.026580810546875,-118.92189025878906,TULARE,UNINCORPORATED,,
91436952,2021,2021-03-26,9480,2021-03-19,1445,017291,,5,2,9,5400,0,3,5,,2,001,"ROAD 64","AVENUE 392",1056.00,S,N,A,-,N,,,,,,,,,,Y,4,0,1,2,A,-,08,22107,,N,D,C,A,A,H,-,A,D,0,,,,,Y,,A,01,0,0,1,0,0,0,0,0,0,"- ","- ",36.499919891357422,-119.43070220947266,TULARE,UNINCORPORATED,-119.4306640625,36.499870300292969
91436989,2021,2021-03-26,9480,2021-03-18,1619,017291,,4,2,9,5400,0,3,5,,2,001,"AVENUE 352","ROAD 36",0.00,,Y,A,-,N,,,,,,,,,,Y,4,0,2,2,A,-,12,22450,A,N,D,C,A,A,H,-,A,A,0,,,,,Y,,A,01,0,0,2,0,0,0,0,0,0,"- ","- ",36.430099487304688,-119.49265289306641,TULARE,UNINCORPORATED,-119.49256896972656,36.430091857910156
91437446,2021,2021-03-29,9481,2021-03-09,1400,018029,,2,2,9,5400,0,3,5,,2,020,"AVENUE 216","ROAD 220",0.00,,Y,A,-,N,,,,,,,,,,Y,3,0,2,2,A,-,12,22450,A,N,D,C,A,A,H,-,A,A,0,,,,,Y,,A,01,0,2,0,0,0,0,0,0,0,"- ","- ",36.181751251220703,-119.08188629150391,TULARE,UNINCORPORATED,,
91440288,2021,2021-03-31,9480,2021-03-27,1055,018202,,6,1,9,5400,0,1,3,,1,064,"SR-198 W/B",SR-65,528.00,E,N,A,-,Y,,,198,,,,,,W,Y,4,0,1,3,A,-,03,22350,,N,C,C,A,A,H,-,A,D,0,,,,,Y,,A,01,0,0,1,0,0,0,0,0,0,"- ","- ",36.326309204101562,-119.13265991210938,TULARE,UNINCORPORATED,-119.13265991210938,36.326316833496094
91442805,2021,2021-04-05,9481,2021-03-27,1303,021687,,6,1,9,5400,0,3,5,,2,050,"AVENUE 104","ROAD 261",528.00,W,N,A,-,N,,,,,,,,,,Y,2,0,1,1,A,-,08,22107,,N,F,A,A,A,H,-,A,D,0,,,,,Y,,D,22,1,0,0,0,0,0,0,0,0,"- ","- ",35.978618621826172,-118.99053955078125,TULARE,UNINCORPORATED,-118.99081420898438,35.978702545166016
91444547,2021,2021-04-06,9480,2021-04-01,2045,020060,,4,2,9,5400,0,3,5,,2,003,"ROAD 28","AVENUE 232",2112.00,S,N,A,-,N,,,,,,,,,,Y,2,0,2,1,A,-,08,22107,,N,E,I,A,A,H,-,D,D,0,,,,,Y,,A,01,1,1,0,0,0,0,0,0,0,"- ","- ",36.205230712890625,-119.51071929931641,TULARE,UNINCORPORATED,-119.51077270507812,36.205184936523438
91445152,2021,2021-04-07,9480,2021-03-26,2120,018861,,5,2,5,5407,0,1,3,,1,064,"STATE ROUTE 198 (WESTBOUND)","STATE ROUTE 99 (NORTHBOUND)",2707.00,E,N,A,-,Y,,,198,,,,,,,Y,3,0,1,2,A,-,07,21658,A,N,B,C,A,A,H,-,C,D,0,,,Y,Y,Y,,C,02,0,1,0,0,0,0,0,0,1,"- ","- ",36.327388763427734,-119.39824676513672,TULARE,VISALIA,-119.39824676513672,36.327251434326172
91445968,2021,2021-04-08,9480,2021-04-01,0255,020612,,4,3,9,5400,0,1,3,,2,095,"STATE ROUTE 99 NORTHBOUND","WASHINGTON AVENUE",500.00,N,N,A,-,Y,,,99,,,,,,N,Y,4,0,1,1,A,-,08,22107,,N,E,I,A,A,H,-,D,D,0,,,,,Y,,A,01,0,0,1,0,0,0,0,0,0,"- ","- ",35.885711669921875,-119.27227020263672,TULARE,UNINCORPORATED,-119.27225494384766,35.885711669921875
91446129,2021,2021-04-08,9480,2021-04-03,2335,020837,,6,3,9,5400,0,1,3,,2,095,"STATE ROUTE 99 SOUTHBOUND","AVENUE 56",5280.00,N,N,A,-,Y,,,99,,,,,,S,Y,3,0,1,2,A,-,01,23152,A,N,C,C,A,A,H,-,D,D,0,,,,,Y,Y,A,01,0,1,0,0,0,0,0,0,0,"- ","- ",35.905879974365234,-119.27919769287109,TULARE,UNINCORPORATED,-119.27916717529297,35.905887603759766
91446444,2021,2021-04-08,9481,2021-04-08,0746,016776,,4,1,4,5405,0,1,3,,1,012,"STATE ROUTE 65 N/B","OLIVE AVENUE",50.00,N,N,A,-,Y,,,65,,,,,,N,N,3,0,1,2,A,-,03,22350,,N,C,C,A,A,D,-,A,A,0,,,,,Y,,A,01,0,1,0,0,0,0,0,0,0,"- ","- ",36.066310882568359,-119.03922271728516,TULARE,PORTERVILLE,-119.03922271728516,36.066310882568359
91447080,2021,2021-04-09,9480,2021-04-06,0956,013914,,2,1,9,5400,0,3,5,,2,006,"ROAD 100","AVENUE 272",1120.00,S,N,A,-,N,,,,,,,,,,Y,2,0,1,2,A,-,03,22350,,N,A,C,A,A,H,-,A,D,0,,,,Y,Y,,A,01,1,0,0,0,0,0,0,0,0,"- ","- ",36.280590057373047,-119.34934997558594,TULARE,UNINCORPORATED,-119.34930419921875,36.280635833740234
91447305,2021,2021-04-09,9480,2021-04-05,1652,019048,,1,2,9,5400,0,3,5,,2,006,"ROAD 204","AVENUE 268",0.00,,Y,A,-,N,,,,,,,,,,Y,4,0,2,2,A,-,09,21802,A,N,D,C,A,A,H,-,A,A,0,,,,,Y,,D,22,0,0,2,0,0,0,0,0,0,"- ","- ",36.275180816650391,-119.11795043945312,TULARE,UNINCORPORATED,-119.11805725097656,36.275112152099609
91447948,2021,2021-04-12,9480,2021-03-24,0930,013821,,3,1,9,5400,0,3,5,,2,004,"AVENUE 320","ROAD 132",0.00,,Y,A,-,N,,,,,,,,,,Y,3,0,3,2,A,-,09,21802,A,N,D,C,A,A,H,-,A,A,0,,,,,Y,,D,22,0,1,2,0,0,0,0,0,0,"- ","- ",36.370960235595703,-119.27877044677734,TULARE,UNINCORPORATED,-119.27877044677734,36.3709716796875
91448026,2021,2021-04-12,9481,2021-04-04,1720,021687,,7,2,9,5400,0,3,5,,2,050,"AVENUE 80","ROAD 236",0.00,,Y,A,-,N,,,,,,,,,,Y,2,0,4,2,A,-,09,21802,A,N,D,C,A,A,H,-,A,A,0,,,,,Y,,A,01,1,0,3,0,0,0,0,0,0,"- ","- ",35.935169219970703,-119.04488372802734,TULARE,UNINCORPORATED,-119.04489135742188,35.935165405273438
91448616,2021,2021-04-12,9480,2021-04-04,2035,020060,,7,2,9,5400,0,3,5,,2,001,"ROAD 52","FLORAL AVE",1584.00,S,N,A,-,N,,,,,,,,,,N,3,0,1,2,A,-,09,21804,A,N,D,C,A,A,H,-,D,D,0,,,,,Y,,D,22,0,1,0,0,0,0,0,0,0,"- ","- ",36.57073974609375,-119.45791625976562,TULARE,UNINCORPORATED,-119.45778656005859,36.570953369140625
91449691,2021,2021-04-13,9480,2021-04-07,1328,017291,,3,1,9,5400,0,3,5,,2,001,"AVENUE 424","ROAD 64",147.00,E,N,A,-,N,,,,,,,,,,Y,3,0,2,2,A,-,01,23152,A,N,A,C,A,A,H,-,A,D,0,,,,,Y,Y,A,01,0,1,1,0,0,0,0,0,0,"- ","- ",36.560699462890625,-119.42967987060547,TULARE,UNINCORPORATED,-119.42984771728516,36.560688018798828
91449716,2021,2021-04-13,9480,2021-04-08,1130,013914,,4,1,9,5400,0,3,5,,2,006,"AVENUE 245 (REDWOOD AVENUE)","ROAD 212 (WILLOW AVENUE)",0.00,,Y,A,-,N,,,,,,,,,,Y,3,0,3,2,A,-,09,21802,A,N,D,C,A,A,H,-,A,A,0,,,,,Y,,D,22,0,3,0,0,0,0,0,0,0,"- ","- ",36.233230590820312,-119.10059356689453,TULARE,UNINCORPORATED,-119.10054779052734,36.233180999755859