CASE_ID,ACCIDENT_YEAR,PROC_DATE,JURIS,COLLISION_DATE,COLLISION_TIME,OFFICER_ID,REPORTING_DISTRICT,DAY_OF_WEEK,CHP_SHIFT,POPULATION,CNTY_CITY_LOC,SPECIAL_COND,BEAT_TYPE,CHP_BEAT_TYPE,CITY_DIVISION_LAPD,CHP_BEAT_CLASS,BEAT_NUMBER,PRIMARY_RD,SECONDARY_RD,DISTANCE,DIRECTION,INTERSECTION,WEATHER_1,WEATHER_2,STATE_HWY_IND,CALTRANS_COUNTY,CALTRANS_DISTRICT,STATE_ROUTE,ROUTE_SUFFIX,POSTMILE_PREFIX,POSTMILE,LOCATION_TYPE,RAMP_INTERSECTION,SIDE_OF_HWY,TOW_AWAY,COLLISION_SEVERITY,NUMBER_KILLED,NUMBER_INJURED,PARTY_COUNT,PRIMARY_COLL_FACTOR,PCF_CODE_OF_VIOL,PCF_VIOL_CATEGORY,PCF_VIOLATION,PCF_VIOL_SUBSECTION,HIT_AND_RUN,TYPE_OF_COLLISION,MVIW,PED_ACTION,ROAD_SURFACE,ROAD_COND_1,ROAD_COND_2,LIGHTING,CONTROL_DEVICE,CHP_ROAD_TYPE,PEDESTRIAN_ACCIDENT,BICYCLE_ACCIDENT,MOTORCYCLE_ACCIDENT,TRUCK_ACCIDENT,NOT_PRIVATE_PROPERTY,ALCOHOL_INVOLVED,STWD_VEHTYPE_AT_FAULT,CHP_VEHTYPE_AT_FAULT,COUNT_SEVERE_INJ,COUNT_VISIBLE_INJ,COUNT_COMPLAINT_PAIN,COUNT_PED_KILLED,COUNT_PED_INJURED,COUNT_BICYCLIST_KILLED,COUNT_BICYCLIST_INJURED,COUNT_MC_KILLED,COUNT_MC_INJURED,PRIMARY_RAMP,SECONDARY_RAMP,LATITUDE,LONGITUDE,COUNTY,CITY,POINT_X,POINT_Y
91449722,2021,2021-04-13,9480,2021-04-05,1615,019697,,1,2,9,5400,0,3,5,,2,006,"ROAD 204",SR-198,505.00,S,N,A,-,N,,,,,,,,,,Y,2,0,4,4,A,-,03,22350,,N,C,C,A,A,H,-,A,D,0,,,,,Y,,A,07,1,1,2,0,0,0,0,0,0,"- ","- ",36.324409484863281,-119.11686706542969,TULARE,UNINCORPORATED,-119.11698150634766,36.324485778808594
91451013,2021,2021-04-15,9480,2021-03-29,2300,018809,,1,3,9,5400,0,3,5,,2,001,"AVENUE 376","ROAD 44",3696.00,E,N,A,-,N,,,,,,,,,,Y,3,0,3,1,A,-,01,23152,A,F,E,I,A,A,H,-,D,D,0,,,,,Y,Y,A,01,0,3,0,0,0,0,0,0,0,"- ","- ",36.473411560058594,-119.46193695068359,TULARE,UNINCORPORATED,-119.46186065673828,36.473453521728516
91451056,2021,2021-04-15,9480,2021-03-27,1055,018809,,6,1,9,5400,0,3,5,,2,006,"ROAD 156","AVENUE 256",3010.00,N,N,A,-,N,,,,,,,,,,Y,4,0,1,2,A,-,08,22107,,N,D,C,A,A,H,-,A,D,0,,,,,Y,,A,07,0,0,1,0,0,0,0,0,0,"- ","- ",36.154499053955078,-119.13300323486328,TULARE,UNINCORPORATED,-119.224853515625,36.262638092041016
91452427,2021,2021-04-16,9480,2021-04-12,1501,017291,,1,2,9,5400,0,3,5,,2,001,"ROAD 52","AVE 416",2640.00,N,N,A,-,N,,,,,,,,,,Y,4,0,2,2,A,-,03,22350,,N,D,C,A,A,H,-,A,D,0,,,,,Y,,A,01,0,0,2,0,0,0,0,0,0,"- ","- ",36.553630828857422,-119.45761871337891,TULARE,UNINCORPORATED,,
91452771,2021,2021-04-19,9481,2021-04-12,1315,017991,,1,1,9,5400,0,2,4,,1,021,"ORANGE BELT DRIVE","AVENUE 200",0.00,,Y,A,-,N,,,,,,,,,,Y,4,0,2,2,A,-,12,22450,A,N,D,C,A,A,H,-,A,A,0,,,,,Y,,A,01,0,0,2,0,0,0,0,0,0,"- ","- ",36.152778625488281,-119.06491851806641,TULARE,UNINCORPORATED,-119.06497192382812,36.152801513671875
91454335,2021,2021-04-20,9480,2021-04-10,2350,021249,,6,3,5,5407,0,1,3,,1,064,"SR-198 WB","DEMAREE ST",1150.00,E,N,A,-,Y,,,198,,,,,,W,Y,2,0,2,2,A,-,01,23152,A,N,B,C,A,A,H,-,D,D,0,,,,,Y,Y,A,01,1,0,1,0,0,0,0,0,0,"- ","- ",36.327201843261719,-119.32759094238281,TULARE,VISALIA,-119.32759094238281,36.327114105224609
91454963,2021,2021-04-21,9480,2021-04-10,2250,018861,,6,3,9,5400,0,3,5,,2,001,"DRIVE 39","MERRITT DR",0.00,,Y,A,-,N,,,,,,,,,,Y,3,0,2,2,A,-,01,23152,A,N,D,C,A,A,H,-,C,A,0,,,,,Y,Y,A,01,0,1,1,0,0,0,0,0,0,"- ","- ",36.453071594238281,-119.48899078369141,TULARE,UNINCORPORATED,-119.48893737792969,36.453033447265625
91455243,2021,2021-04-21,9480,2021-04-16,0230,016145,,5,3,9,5400,0,1,3,,1,064,"SR-198 W/B","SR-99 N/B",900.00,E,N,A,-,Y,,,198,,,,,,W,Y,3,0,1,1,A,-,08,22107,,N,F,A,A,A,H,-,D,D,0,,,,,Y,,A,01,0,1,0,0,0,0,0,0,0,"- ","- ",36.327930450439453,-119.40412902832031,TULARE,UNINCORPORATED,-119.40412902832031,36.327922821044922
91456842,2021,2021-04-23,9480,2021-04-14,0012,020890,,3,3,9,5400,0,1,3,,1,021,"STATE ROUTE 63","AVENUE 352",3168.00,N,N,A,-,Y,,,63,,,,,,,N,3,0,1,2,A,-,11,21956,A,N,G,B,E,A,H,-,D,D,0,Y,,,,Y,,N,60,0,1,0,0,1,0,0,0,0,"- ","- ",36.437519073486328,-119.29572296142578,TULARE,UNINCORPORATED,-119.29573059082031,36.437519073486328
91456932,2021,2021-04-23,9480,2021-04-21,1450,019427,,3,2,9,5400,0,3,5,,2,002,"ROAD 144","AVENUE 416",0.00,,Y,A,-,Y,,,,,,,,,,Y,4,0,1,2,A,-,09,21802,A,N,D,C,A,A,H,-,A,A,0,,,,,Y,,A,01,0,0,1,0,0,0,0,0,0,"- ","- ",36.544319152832031,-119.25090026855469,TULARE,UNINCORPORATED,-119.25088500976562,36.544330596923828
91457816,2021,2021-04-26,9481,2021-04-17,1914,021175,,6,2,9,5400,0,2,4,,1,021,"ORANGE BELT DRIVE","AVENUE 200",0.00,,Y,A,-,N,,,,,,,,,,Y,4,0,4,2,A,-,09,21802,A,N,D,C,A,A,H,-,B,A,0,,,,,Y,,A,01,0,0,4,0,0,0,0,0,0,"- ","- ",36.152778625488281,-119.06494903564453,TULARE,UNINCORPORATED,-119.06497192382812,36.152801513671875
91458218,2021,2021-04-26,9481,2021-04-21,0955,016065,,3,1,9,5400,0,2,4,,1,051,"ROAD 236","PEPPER AVENUE",77.00,N,N,A,-,N,,,,,,,,,,N,4,0,1,2,A,-,03,22350,,N,C,C,A,A,H,-,A,D,0,,,,,Y,,A,01,0,0,1,0,0,0,0,0,0,"- ","- ",35.959541320800781,-119.04431915283203,TULARE,UNINCORPORATED,-119.04433441162109,35.959621429443359
91458470,2021,2021-04-26,9481,2021-04-24,0720,017991,,6,1,9,5400,0,3,5,,2,050,"MOUNTAIN ROAD 109","AVENUE 100",55.00,N,N,A,-,N,,,,,,,,,,Y,3,0,1,1,A,-,08,22107,,N,E,I,A,A,H,-,A,D,0,,,,,Y,,A,08,0,1,0,0,0,0,0,0,0,"- ","- ",35.971580505371094,-118.9676513671875,TULARE,UNINCORPORATED,,
91459136,2021,2021-04-27,9480,2021-04-19,0455,021249,,1,3,9,5400,0,3,5,,2,005,"SR-99 S/B TO AVENUE 120 (OFF RAMP)","AVENUE 120",0.00,,Y,A,-,N,,,99,,,,R,,S,Y,4,0,1,2,A,-,12,22450,A,N,D,C,A,A,H,-,D,A,0,,,,Y,Y,,G,25,0,0,1,0,0,0,0,0,0,"- ","- ",36.007709503173828,-119.30236053466797,TULARE,UNINCORPORATED,-119.30236053466797,36.007709503173828
91460016,2021,2021-04-28,9481,2021-04-23,0729,015218,,5,1,9,5400,0,3,5,,2,010,"AVENUE 192","ROAD 208",0.00,,Y,A,-,N,,,,,,,,,,Y,4,0,1,3,A,-,09,21802,A,N,D,C,A,A,H,-,A,A,0,,,,,Y,,A,07,0,0,1,0,0,0,0,0,0,"- ","- ",36.138271331787109,-119.10739135742188,TULARE,UNINCORPORATED,-119.10753631591797,36.138301849365234
91461108,2021,2021-04-29,9480,2021-04-22,1130,016723,,4,1,9,5400,0,3,5,,2,001,"AVENUE 305","EFFIE DRIVE",0.00,,Y,A,-,N,,,,,,,,,,Y,4,0,1,2,A,-,09,21802,A,N,A,C,A,A,H,-,A,A,0,,,,,Y,,A,07,0,0,1,0,0,0,0,0,0,"- ","- ",36.343669891357422,-119.41661834716797,TULARE,UNINCORPORATED,-119.41668701171875,36.343673706054688
91461172,2021,2021-04-29,9480,2021-03-18,0135,020612,,4,3,9,5400,0,1,3,,1,044,"STATE ROUTE 198","HAWK HOLLOW DRIVE",792.00,E,N,A,-,Y,,,,,,,,,,Y,2,0,1,1,A,-,01,23152,A,F,E,I,A,A,H,-,D,D,0,,,,,Y,Y,A,01,1,0,0,0,0,0,0,0,0,"- ","- ",36.453998565673828,-119.89199829101562,TULARE,UNINCORPORATED,-118.89338684082031,36.454154968261719
91461694,2021,2021-04-29,9480,2021-04-22,1815,016240,,4,2,9,5400,0,3,5,,2,001,"ROAD 80 N/B","AVENUE 328",158.00,S,N,A,-,N,,,,,,,,,,N,4,0,1,2,A,-,03,22350,,N,C,C,A,A,H,-,A,A,0,,,,,Y,,A,01,0,0,1,0,0,0,0,0,0,"- ","- ",36.385089874267578,-119.39444732666016,TULARE,UNINCORPORATED,-119.39475250244141,36.384925842285156
91463960,2021,2021-05-03,9480,2021-04-29,1033,016723,,4,1,9,5400,0,3,5,,2,001,"ROAD 56","AVENUE 416",160.00,S,N,A,-,N,,,,,,,,,,Y,4,0,1,2,A,-,03,22350,,N,C,C,A,A,H,-,A,D,0,,,,,Y,,A,01,0,0,1,0,0,0,0,0,0,"- ","- ",36.545921325683594,-119.44853210449219,TULARE,UNINCORPORATED,,
91464004,2021,2021-07-07,9481,2021-04-09,0705,016147,,5,1,9,5400,0,1,3,,1,032,"STATE ROUTE 190","ROAD 208",0.00,,Y,A,-,Y,,,190,,,,,,,Y,1,1,1,2,A,-,09,21802,A,N,D,C,A,A,H,-,A,A,0,,,,Y,Y,,A,07,1,0,0,0,0,0,0,0,0,"- ","- ",36.051219940185547,-119.10749053955078,TULARE,UNINCORPORATED,-119.10749053955078,36.05120849609375
91464037,2021,2021-05-03,9481,2021-04-10,0950,016147,,6,1,9,5400,0,3,5,,2,020,"ROAD 220 (SOUTH HARVARD AVENUE)","SOUTH MIRAGE AVENUE",129.00,N,N,A,-,N,,,,,,,,,,Y,1,1,1,2,A,-,01,23152,A,N,E,E,A,A,H,-,A,D,0,,,,,Y,Y,A,07,1,0,0,0,0,0,0,0,0,"- ","- ",36.185031890869141,-119.08206176757812,TULARE,UNINCORPORATED,,
91464665,2021,2021-05-03,9480,2021-02-04,2010,019427,,4,2,4,5406,0,1,3,,2,093,"STATE ROUTE 99 NORTHBOUND","PROSPERITY AVENUE",466.00,S,N,A,-,Y,,,99,,,,,,N,Y,1,1,0,3,A,-,11,21954,A,N,G,B,D,A,H,-,D,D,0,Y,,,,Y,,N,60,0,0,0,1,0,0,0,0,0,"- ","- ",36.2227783203125,-119.33271026611328,TULARE,TULARE,-119.33269500732422,36.222789764404297
91464697,2021,2021-05-03,9480,2021-04-24,2345,019828,,6,3,9,5400,0,3,5,,2,001,"DR. 60","AVE. 328",5808.00,N,N,B,-,N,,,,,,,,,,Y,4,0,1,1,A,-,01,23152,A,N,E,I,A,A,H,-,D,D,0,,,,,Y,Y,A,07,0,0,1,0,0,0,0,0,0,"- ","- ",36.399311065673828,-119.45356750488281,TULARE,UNINCORPORATED,,
91465113,2021,2021-05-04,9480,2021-04-24,0050,018809,,6,3,9,5400,0,3,5,,2,006,"SPACER DRIVE","AVENUE 200",3400.00,S,N,A,-,N,,,,,,,,,,Y,2,0,1,1,A,-,08,22107,,N,E,I,A,A,H,-,D,D,0,,,,,Y,,A,01,1,0,0,0,0,0,0,0,0,"- ","- ",36.146091461181641,-119.27790069580078,TULARE,UNINCORPORATED,-119.27822113037109,36.146221160888672
91465431,2021,2021-05-04,9480,2021-04-28,0830,018202,,3,1,9,5400,0,1,3,,2,091,"SR-99 S/B","AVE 284",5280.00,S,N,A,-,Y,,,99,,,,,,S,Y,4,0,1,1,A,-,08,22107,,N,E,I,A,A,H,-,A,D,0,,,,,Y,,A,01,0,0,1,0,0,0,0,0,0,"- ","- ",36.475368499755859,-119.50356292724609,TULARE,UNINCORPORATED,-119.50351715087891,36.475399017333984
91465440,2021,2021-05-04,9480,2021-04-30,0508,017452,,5,3,9,5400,0,3,5,,2,001,"ROAD 80","AVENUE 368",756.00,N,N,A,-,N,,,,,,,,,,Y,3,0,1,2,A,-,03,22350,,N,C,C,A,A,H,-,D,D,0,,,,Y,Y,,A,01,0,1,0,0,0,0,0,0,0,"- ","- ",36.460601806640625,-119.39424896240234,TULARE,UNINCORPORATED,-119.39450836181641,36.46063232421875
91465454,2021,2021-05-04,9480,2021-04-30,0740,016723,,5,1,9,5400,0,3,5,,2,004,"ROAD 158","AVENUE 296",0.00,,Y,A,-,N,,,,,,,,,,Y,4,0,1,2,A,-,09,21802,A,N,D,C,A,A,H,-,A,D,0,,,,,Y,,A,01,0,0,1,0,0,0,0,0,0,"- ","- ",36.327079772949219,-119.22023773193359,TULARE,UNINCORPORATED,-119.22029113769531,36.327060699462891
91465487,2021,2021-05-04,9480,2021-05-01,1305,017108,,6,1,9,5400,0,1,3,,2,095,"STATE ROUTE 99 NORTHBOUND","AVENUE 76",4224.00,S,N,A,-,Y,,,99,,,,,,N,Y,4,0,1,2,A,-,03,22350,,N,C,C,A,A,H,-,A,D,0,,,,,Y,,A,01,0,0,1,0,0,0,0,0,0,"- ","- ",35.916339874267578,-119.28143310546875,TULARE,UNINCORPORATED,-119.28143310546875,35.916339874267578
91465570,2021,2021-05-04,9480,2021-04-29,1720,016240,,4,2,9,5400,0,3,5,,2,001,"ROAD 52","AVENUE 424",20.00,N,N,A,-,N,,,,,,,,,,Y,4,0,2,2,A,-,03,22350,,N,C,C,A,A,H,-,A,D,0,,,,,Y,,A,01,0,0,2,0,0,0,0,0,0,"- ","- ",36.561019897460938,-119.45778656005859,TULARE,UNINCORPORATED,-119.45771026611328,36.560966491699219
91465996,2021,2021-05-05,9480,2021-04-28,1540,016240,,3,2,9,5400,0,1,3,,2,095,"SR-99 S/B","AVENUE 80 PED O/C",5069.00,N,N,A,-,Y,,,99,,,,,,S,Y,4,0,1,1,A,-,08,22107,,N,F,A,A,A,H,-,A,D,0,,,,,Y,,A,01,0,0,1,0,0,0,0,0,0,"- ","- ",35.950389862060547,-119.28964996337891,TULARE,UNINCORPORATED,-119.28955078125,35.950412750244141
91466073,2021,2021-05-05,9480,2021-04-25,0030,018861,,7,3,9,5400,0,3,5,,2,005,"ROAD 28","AVENUE 170",0.00,,Y,A,-,Y,,,,,,,,,,Y,3,0,1,1,A,-,12,22450,A,N,E,I,A,A,H,-,D,A,0,,,,,Y,,A,01,0,1,0,0,0,0,0,0,0,"- ","- ",36.097789764404297,-119.50969696044922,TULARE,UNINCORPORATED,-119.50955200195312,36.097858428955078
91467292,2021,2021-05-06,9480,2021-04-30,2035,016995,,5,2,9,5400,0,1,3,,1,044,"STATE ROUTE 198","HORSE CREEK RD",50.00,E,N,A,-,Y,,,,,,,,,,Y,2,0,2,1,A,-,08,22107,,N,E,I,A,A,H,-,C,A,0,,,Y,,Y,,C,02,1,1,0,0,0,0,0,0,2,"- ","- ",36.388420104980469,-119.94661712646484,TULARE,UNINCORPORATED,-118.94662475585938,36.388336181640625
91467361,2021,2021-05-06,9480,2021-05-01,0515,021249,,6,3,9,5400,0,3,5,,2,002,"AVENUE 408","ROAD 112",1200.00,W,N,A,-,N,,,,,,,,,,Y,4,0,1,1,A,-,08,22107,,N,E,I,A,A,H,-,D,D,0,,,,,Y,,A,01,0,0,1,0,0,0,0,0,0,"- ","- ",36.530628204345703,-119.31813812255859,TULARE,UNINCORPORATED,-119.32666015625,36.530616760253906
91469015,2021,2021-05-10,9480,2021-05-03,1211,019647,,1,1,9,5400,0,1,3,,1,040,"SR-216 W/B (ROAD 160)","EDMISTON AVE",236.00,N,N,A,-,Y,,,,,,,,,,Y,3,0,2,2,A,-,09,21804,A,N,D,C,A,A,H,-,A,D,0,,,,,Y,,A,01,0,1,1,0,0,0,0,0,0,"- ","- ",36.381649017333984,-119.21563720703125,TULARE,UNINCORPORATED,-119.21559906005859,36.381587982177734
91469403,2021,2021-05-10,9481,2021-05-03,1635,018113,,1,2,9,5400,0,1,3,,1,012,"STATE ROUTE 65 (NB)","LINDMORE AVENUE",0.00,,Y,A,-,Y,,,65,,,,,,,Y,2,0,2,4,A,-,09,21802,A,N,D,C,A,A,H,-,A,A,0,,,,,Y,,D,22,1,0,1,0,0,0,0,0,0,"- ","- ",36.195960998535156,-119.09958648681641,TULARE,UNINCORPORATED,-119.09960174560547,36.195949554443359
91469763,2021,2021-05-11,9481,2021-05-05,0530,015290,,3,3,9,5400,0,3,5,,2,030,"DRIVE 192","ROAD 192",34.00,W,N,A,-,N,,,,,,,,,,Y,4,0,1,1,A,-,12,22450,A,N,E,I,A,A,H,-,B,A,0,,,,,Y,,A,07,0,0,1,0,0,0,0,0,0,"- ","- ",35.963031768798828,-119.14334869384766,TULARE,UNINCORPORATED,,
91470279,2021,2021-05-11,9480,2021-05-07,0145,017452,,5,3,9,5400,0,1,3,,1,021,"SR-63 S/B","AVENUE 336",352.00,S,N,A,-,Y,,,63,,,,,,S,Y,4,0,1,1,C,-,18,,,N,H,H,A,A,H,-,D,D,0,,,,,Y,,-,"- ",0,0,1,0,0,0,0,0,0,"- ","- ",36.398849487304688,-119.29638671875,TULARE,UNINCORPORATED,-119.29633331298828,36.398849487304688
91470306,2021,2021-05-11,9480,2021-05-01,1120,018202,,6,1,9,5400,0,3,5,,2,001,"RD 64","AVE 416",1584.00,N,N,A,-,N,,,,,,,,,,Y,3,0,1,1,A,-,01,23152,A,N,E,I,A,A,H,-,A,D,0,,,,,Y,Y,A,01,0,1,0,0,0,0,0,0,0,"- ","- ",36.550559997558594,-119.43052673339844,TULARE,UNINCORPORATED,,
91470557,2021,2021-05-27,9480,2021-05-08,1230,016233,,6,1,9,5400,0,1,3,,1,060,SR-137,SR-65,2649.00,W,N,A,-,Y,,,137,,,,,,,N,4,0,2,2,A,-,03,22350,,N,C,C,A,A,H,-,A,D,0,,,,,Y,,A,01,0,0,2,0,0,0,0,0,0,"- ","- ",36.210781097412109,-119.14127349853516,TULARE,UNINCORPORATED,-119.14127349853516,36.210784912109375
91472429,2021,2021-05-27,9480,2021-05-06,0755,016723,,4,1,5,5407,0,1,3,,1,064,"STATE ROUTE 198 (EASTBOUND)","CONYER STREET OVERPASS",15.00,E,N,A,-,Y,,,198,,,,,,,Y,3,0,2,2,A,-,03,22350,,N,C,C,A,A,H,-,A,D,0,,,,,Y,,D,22,0,2,0,0,0,0,0,0,0,"- ","- ",36.326778411865234,-119.30097961425781,TULARE,VISALIA,-119.30097961425781,36.326927185058594
91472464,2021,2021-05-27,9480,2021-05-10,0504,019647,,1,3,9,5400,0,1,3,,2,095,"SR-99 S/B","AVENUE 48",150.00,S,N,A,-,Y,,,99,,,,,,S,Y,4,0,1,1,A,-,08,22107,,N,E,I,A,A,H,-,D,D,0,,,,,Y,,A,01,0,0,1,0,0,0,0,0,0,"- ","- ",35.876869201660156,-119.27044677734375,TULARE,UNINCORPORATED,-119.2705078125,35.876861572265625
91472623,2021,2021-05-13,9481,2021-05-09,0830,018595,,7,1,9,5400,0,1,3,,1,037,"STATE ROUTE 65","AVENUE 32",2752.00,N,N,A,-,Y,,,65,,,,,,,Y,3,0,1,1,A,-,08,22107,,N,F,A,A,A,H,-,A,D,0,,,,,Y,,A,01,0,1,0,0,0,0,0,0,0,"- ","- ",35.856700897216797,-119.05384063720703,TULARE,UNINCORPORATED,-119.05374908447266,35.856700897216797
91472814,2021,2021-05-13,9480,2021-05-03,1745,019349,,1,2,5,5407,0,1,3,,1,064,"STATE ROUTE 198 E/B","LOCUST CT",287.00,W,N,A,-,Y,,,198,,,,,,E,Y,2,0,1,3,A,-,03,22350,,N,C,C,A,A,H,-,A,D,0,,,,,Y,,D,22,1,0,0,0,0,0,0,0,0,"- ","- ",36.326770782470703,-119.29537200927734,TULARE,VISALIA,-119.29537200927734,36.326900482177734
91472860,2021,2021-05-13,9480,2021-05-05,1712,016995,,3,2,9,5400,0,1,3,,1,063,"SR-63 (MOONEY BLVD)","AVENUE 248",250.00,N,N,A,-,Y,,,63,,,,,,,Y,4,0,1,2,A,-,03,22350,,N,C,C,A,A,H,-,A,A,0,,,,,Y,,A,07,0,0,1,0,0,0,0,0,0,"- ","- ",36.241329193115234,-119.31313323974609,TULARE,UNINCORPORATED,-119.3131103515625,36.241329193115234
91473805,2021,2021-05-14,9481,2021-05-08,1010,017991,,6,1,9,5400,0,3,5,,2,030,"ROAD 192","AVENUE 146",0.00,,Y,A,-,N,,,,,,,,,,Y,3,0,1,4,A,-,09,21802,A,N,D,C,A,A,H,-,A,A,0,,,,,Y,Y,D,22,0,1,0,0,0,0,0,0,0,"- ","- ",36.055000305175781,-119.14314270019531,TULARE,UNINCORPORATED,-119.14311218261719,36.054954528808594
91474913,2021,2021-05-17,9481,2021-05-08,1831,021183,,6,2,9,5400,0,1,3,,1,037,"STATE ROUTE 65","AVENUE 112",3696.00,S,N,A,-,Y,,,65,,,,,,,Y,2,0,1,1,A,-,08,22107,,N,E,I,A,A,H,-,A,D,0,,,,,Y,Y,A,01,1,0,0,0,0,0,0,0,0,"- ","- ",35.984668731689453,-119.05136871337891,TULARE,UNINCORPORATED,-119.05126953125,35.984611511230469
91475478,2021,2021-05-18,9480,2021-05-05,1618,019048,,3,2,9,5400,0,1,3,,1,044,SR-198,"ROAD 217",30.00,W,N,A,-,Y,,,198,,,,,,,Y,4,0,1,1,A,-,01,23152,A,N,E,I,A,A,H,-,A,D,0,,,,,Y,Y,A,08,0,0,1,0,0,0,0,0,0,"- ","- ",36.325569152832031,-119.08788299560547,TULARE,UNINCORPORATED,-119.08788299560547,36.325485229492188
91475610,2021,2021-05-27,9480,2021-05-09,2303,018421,,7,3,5,5407,0,1,3,,1,064,"SR-198 W/B","PLAZA DR",425.00,E,N,A,-,Y,,,198,,,,,,W,Y,2,0,1,1,A,-,01,23152,A,N,F,A,A,A,H,-,D,D,0,,,,,Y,Y,A,01,1,0,0,0,0,0,0,0,0,"- ","- ",36.327339172363281,-119.38835906982422,TULARE,VISALIA,-119.38836669921875,36.327217102050781
91476280,2021,2021-05-27,9480,2021-05-08,0355,018861,,6,3,9,5400,0,3,5,,2,001,"ROAD 68","AVENUE 308",348.00,S,N,A,-,N,,,,,,,,,,Y,4,0,1,2,A,-,01,23152,A,N,B,E,A,A,H,-,D,D,0,,,,,Y,Y,A,01,0,0,1,0,0,0,0,0,0,"- ","- ",36.347969055175781,-119.42146301269531,TULARE,UNINCORPORATED,-119.42141723632812,36.348003387451172
91476421,2021,2021-05-27,9481,2021-05-16,1345,018595,,7,1,9,5400,0,1,3,,1,037,"STATE ROUTE 65","DEER CREEK BRIDGE #16-213",1056.00,N,N,A,-,Y,,,65,,,,,,,Y,4,0,2,2,A,-,21,22106,,N,B,C,A,A,H,-,A,D,0,,,,,Y,,A,01,0,0,2,0,0,0,0,0,0,"- ","- ",35.983570098876953,-119.05187225341797,TULARE,UNINCORPORATED,-119.0518798828125,35.983573913574219
91479670,2021,2021-05-24,9480,2021-05-07,1835,016995,,5,2,9,5400,0,1,3,,1,060,"STATE ROUTE 137","ROAD 126",200.00,W,N,A,-,Y,,,137,,,,,,,Y,4,0,1,2,A,-,03,22350,,N,C,C,A,A,H,-,A,D,0,,,,,Y,,A,01,0,0,1,0,0,0,0,0,0,"- ","- ",36.210800170898438,-119.29273986816406,TULARE,UNINCORPORATED,-119.29273986816406,36.210903167724609
91480022,2021,2021-05-27,9480,2021-05-13,2005,016995,,4,2,9,5400,0,3,5,,2,002,"ROAD 84","AVENUE 388",2640.00,N,N,A,-,N,,,,,,,,,,Y,2,0,1,1,A,-,08,22107,,N,E,I,A,A,H,-,D,D,0,,,,,Y,,A,01,1,0,0,0,0,0,0,0,0,"- ","- ",36.500850677490234,-119.38583374023438,TULARE,UNINCORPORATED,-119.38577270507812,36.502265930175781
91480837,2021,2021-05-27,9481,2021-05-11,1842,017894,,2,2,9,5400,0,2,4,,1,021,"AVENUE 208","ROAD 228",0.00,,Y,A,-,N,,,,,,,,,,Y,4,0,2,2,A,-,09,21802,A,N,D,C,A,A,H,-,A,A,0,,,,,Y,,A,01,0,0,2,0,0,0,0,0,0,"- ","- ",36.167278289794922,-119.06327819824219,TULARE,UNINCORPORATED,-119.06327819824219,36.167301177978516
91481209,2021,2021-05-27,9481,2021-05-20,2155,016776,,4,2,9,5400,0,3,5,,2,050,"SPRINGVILLE AVENUE","SUCCESS DRIVE",1000.00,W,N,A,-,N,,,,,,,,,,Y,3,0,1,2,A,-,03,22350,,N,C,C,A,A,H,-,D,D,0,,,,,Y,,A,01,0,1,0,0,0,0,0,0,0,"- ","- ",36.055091857910156,-118.97789001464844,TULARE,UNINCORPORATED,-118.99147796630859,36.0572509765625
91481356,2021,2021-05-27,9480,2021-05-18,1055,013914,,2,1,9,5400,0,1,3,,1,060,"STATE ROUTE 137","ROAD 126",449.00,W,N,A,-,Y,,,137,,,,,,,Y,3,0,1,2,A,-,08,22107,,N,D,C,A,A,H,-,A,D,0,,,,,Y,,A,07,0,1,0,0,0,0,0,0,0,"- ","- ",36.210899353027344,-119.29319763183594,TULARE,UNINCORPORATED,-119.29319763183594,36.210903167724609
91481716,2021,2021-05-27,9481,2021-05-14,1525,018029,,5,2,9,5400,0,3,5,,2,020,"BALCH PARK ROAD",SR-190,10560.00,N,N,A,-,N,,,,,,,,,,Y,4,0,1,1,A,-,08,22107,,N,E,I,A,A,H,-,A,D,0,,,,,Y,,D,22,0,0,1,0,0,0,0,0,0,"- ","- ",36.166061401367188,-118.80313873291016,TULARE,UNINCORPORATED,-118.80319213867188,36.166347503662109
91483079,2021,2021-05-27,9481,2021-05-26,1205,016147,,3,1,9,5400,0,3,5,,2,020,"BALCH PARK ROAD","BEAR CREEK ROAD",2112.00,N,N,A,-,N,,,,,,,,,,Y,4,0,1,1,A,-,08,22107,,N,E,I,A,A,H,-,A,D,0,,,,,Y,,A,01,0,0,1,0,0,0,0,0,0,"- ","- ",36.190158843994141,-118.80074310302734,TULARE,UNINCORPORATED,-118.68084716796875,36.221462249755859
91486172,2021,2021-06-01,9481,2021-05-26,0955,015290,,3,1,9,5400,0,1,3,,1,053,"STATE ROUTE 190","FOREST ROAD 20S07 (UPPER COFFEE CAMP)",300.00,W,N,A,-,Y,,,190,,,,,,,Y,3,0,1,1,A,-,03,22350,,N,E,I,A,A,H,-,A,D,0,,,,,Y,,A,01,0,1,0,0,0,0,0,0,0,"- ","- ",36.151660919189453,-118.74478149414062,TULARE,UNINCORPORATED,-118.74481201171875,36.151691436767578