CASE_ID,ACCIDENT_YEAR,PROC_DATE,JURIS,COLLISION_DATE,COLLISION_TIME,OFFICER_ID,REPORTING_DISTRICT,DAY_OF_WEEK,CHP_SHIFT,POPULATION,CNTY_CITY_LOC,SPECIAL_COND,BEAT_TYPE,CHP_BEAT_TYPE,CITY_DIVISION_LAPD,CHP_BEAT_CLASS,BEAT_NUMBER,PRIMARY_RD,SECONDARY_RD,DISTANCE,DIRECTION,INTERSECTION,WEATHER_1,WEATHER_2,STATE_HWY_IND,CALTRANS_COUNTY,CALTRANS_DISTRICT,STATE_ROUTE,ROUTE_SUFFIX,POSTMILE_PREFIX,POSTMILE,LOCATION_TYPE,RAMP_INTERSECTION,SIDE_OF_HWY,TOW_AWAY,COLLISION_SEVERITY,NUMBER_KILLED,NUMBER_INJURED,PARTY_COUNT,PRIMARY_COLL_FACTOR,PCF_CODE_OF_VIOL,PCF_VIOL_CATEGORY,PCF_VIOLATION,PCF_VIOL_SUBSECTION,HIT_AND_RUN,TYPE_OF_COLLISION,MVIW,PED_ACTION,ROAD_SURFACE,ROAD_COND_1,ROAD_COND_2,LIGHTING,CONTROL_DEVICE,CHP_ROAD_TYPE,PEDESTRIAN_ACCIDENT,BICYCLE_ACCIDENT,MOTORCYCLE_ACCIDENT,TRUCK_ACCIDENT,NOT_PRIVATE_PROPERTY,ALCOHOL_INVOLVED,STWD_VEHTYPE_AT_FAULT,CHP_VEHTYPE_AT_FAULT,COUNT_SEVERE_INJ,COUNT_VISIBLE_INJ,COUNT_COMPLAINT_PAIN,COUNT_PED_KILLED,COUNT_PED_INJURED,COUNT_BICYCLIST_KILLED,COUNT_BICYCLIST_INJURED,COUNT_MC_KILLED,COUNT_MC_INJURED,PRIMARY_RAMP,SECONDARY_RAMP,LATITUDE,LONGITUDE,COUNTY,CITY,POINT_X,POINT_Y
91486787,2021,2021-06-01,9481,2021-05-26,0500,015290,,3,3,9,5400,0,3,5,,2,050,"PLEASANT OAK DRIVE","MUSTANG DRIVE",180.00,W,N,A,-,N,,,,,,,,,,Y,2,0,1,1,A,-,08,22107,,N,F,A,A,A,H,-,B,D,0,,,Y,,Y,,C,02,1,0,0,0,0,0,0,0,1,"- ","- ",36.095279693603516,-118.845458984375,TULARE,UNINCORPORATED,,
91487463,2021,2021-06-02,9480,2021-05-23,1755,020060,,7,2,9,5400,0,3,5,,2,006,"FIREBAUGH AVENUE","SPRUCE STREET",2.00,W,N,A,-,N,,,,,,,,,,Y,3,0,2,2,A,-,01,23152,A,N,D,C,A,A,H,-,A,D,0,,,,,Y,Y,A,07,0,1,1,0,0,0,0,0,0,"- ","- ",36.289649963378906,-119.11786651611328,TULARE,UNINCORPORATED,-119.11777496337891,36.289661407470703
91488321,2021,2021-06-03,9480,2021-04-28,2208,020890,,3,3,9,5400,0,1,3,,1,030,"STATE ROUTE 137","ROAD 46",250.00,E,N,A,-,Y,,,137,,,,,,,Y,4,0,2,3,A,-,02,22400,A,N,D,C,F,A,H,-,D,D,0,Y,,,,Y,,B,07,0,0,2,0,1,0,0,0,0,"- ","- ",36.202960968017578,-119.46985626220703,TULARE,UNINCORPORATED,-119.46985626220703,36.202949523925781
91488324,2021,2021-06-03,9480,2021-05-22,2250,019828,,6,3,9,5400,0,3,5,,2,001,"AVE. 360","RD. 36",1056.00,W,N,A,-,N,,,,,,,,,,N,3,0,1,1,A,-,08,22107,,N,E,I,A,A,H,-,D,D,0,,,,,Y,,M,46,0,1,0,0,0,0,0,0,0,"- ","- ",36.444831848144531,-119.49600982666016,TULARE,UNINCORPORATED,-119.49603271484375,36.444751739501953
91488495,2021,2021-08-05,9480,2021-05-25,2145,020612,,2,2,9,5400,0,1,3,,1,045,"STATE ROUTE 245 (AVENUE 314)","ROAD 212",82.00,W,N,A,-,Y,,,245,,,,,,,N,3,0,1,1,A,-,08,22107,,N,E,I,A,A,H,-,D,A,0,,,,,Y,,A,01,0,1,0,0,0,0,0,0,0,"- ","- ",36.358348846435547,-119.09874725341797,TULARE,UNINCORPORATED,-119.0987548828125,36.358386993408203
91489680,2021,2021-06-04,9480,2021-05-28,2315,020273,,5,3,9,5400,0,1,S,,2,106,"SR-198 W/B","ROAD 156",0.00,,N,A,-,Y,,,198,,,,,,W,Y,3,0,1,2,A,-,03,22350,,N,C,2,A,A,H,-,D,D,0,,,,,Y,,A,01,0,1,0,0,0,0,0,0,0,"- ","- ",36.326930999755859,-119.21816253662109,TULARE,UNINCORPORATED,-119.21816253662109,36.326908111572266
91491124,2021,2021-06-07,9481,2021-06-05,1455,019422,,6,2,9,5400,0,2,4,,1,021,"MAIN ST.","NORTH GRAND AVE.",15.00,S,N,A,-,N,,,,,,,,,,Y,4,0,1,2,A,-,03,22350,,N,C,C,A,A,H,-,A,D,0,,,,,Y,,A,01,0,0,1,0,0,0,0,0,0,"- ","- ",36.098178863525391,-119.03511047363281,TULARE,UNINCORPORATED,-119.03514099121094,36.098186492919922
91492851,2021,2021-06-09,9480,2021-05-15,1050,016723,,6,1,5,5407,0,1,3,,1,064,"STATE ROUTE 198 (WESTBOUND)","WATSON STREET",500.00,E,N,A,-,Y,,,198,,,,,,,Y,4,0,1,3,A,-,08,22107,,N,B,C,A,A,H,-,A,D,0,,,,,Y,,A,01,0,0,1,0,0,0,0,0,0,"- ","- ",36.326999664306641,-119.29496002197266,TULARE,VISALIA,-119.29496002197266,36.326900482177734
91493211,2021,2021-06-09,9481,2021-06-07,2048,018113,,1,2,9,5400,0,3,5,,2,010,"ROAD 192","AVENUE 168",0.00,,Y,A,-,N,,,,,,,,,,Y,4,0,1,2,A,-,09,21804,A,N,D,C,A,A,H,-,C,A,0,,,,,Y,,A,01,0,0,1,0,0,0,0,0,0,"- ","- ",36.094730377197266,-119.14309692382812,TULARE,UNINCORPORATED,-119.14308929443359,36.094741821289062
91493305,2021,2021-06-09,9480,2021-05-31,2035,017291,,1,2,9,5400,0,3,5,,2,001,"ROAD 28","STATE ROUTE 201",2112.00,S,N,A,-,N,,,,,,,,,,N,3,0,1,1,A,-,03,22350,,N,F,A,A,A,H,-,D,A,0,,,Y,,Y,,C,06,0,1,0,0,0,0,0,0,1,"- ","- ",36.513031005859375,-119.51129913330078,TULARE,UNINCORPORATED,-119.5120849609375,36.5120849609375
91496034,2021,2021-06-14,9481,2021-06-06,1820,020238,,7,2,9,5400,0,3,5,,2,030,"ROAD 216","AVENUE 136",0.00,,Y,A,-,N,,,,,,,,,,Y,2,0,3,2,A,-,09,21802,A,N,D,C,A,A,H,-,A,A,0,,,,,Y,,A,01,1,1,1,0,0,0,0,0,0,"- ","- ",36.036731719970703,-119.08902740478516,TULARE,UNINCORPORATED,-119.08901977539062,36.036693572998047
91496704,2021,2021-06-14,9480,2021-02-05,1535,016995,,5,2,9,5400,0,3,5,,2,005,"AVENUE 120","ROAD 120",2112.00,W,N,A,-,N,,,,,,,,,,Y,1,1,1,2,A,-,06,21750,,N,D,C,A,A,H,-,A,D,0,,,,Y,Y,,G,25,0,0,1,0,0,0,0,0,0,"- ","- ",36.007701873779297,-119.31359100341797,TULARE,UNINCORPORATED,-119.31270599365234,36.007709503173828
91496730,2021,2021-06-14,9480,2021-05-22,0650,016723,,6,1,9,5400,0,1,3,,2,093,"STATE ROUTE 99 (SOUTHBOUND)","AVENUE 152",10138.00,N,N,A,-,Y,,,99,,,,,,,Y,4,0,1,2,A,-,07,21658,A,N,C,C,A,A,H,-,A,D,0,,,,Y,Y,,A,01,0,0,1,0,0,0,0,0,0,"- ","- ",36.093128204345703,-119.32212066650391,TULARE,UNINCORPORATED,-119.32209014892578,36.093135833740234
91496740,2021,2021-06-14,9480,2021-05-30,1010,016723,,7,1,9,5400,0,1,3,,1,025,"STATE ROUTE 245","AVENUE 398",1320.00,S,N,A,-,Y,,,245,,,,,,,N,4,0,1,1,A,-,03,22350,,N,F,A,A,A,H,-,A,D,0,,,Y,,Y,,C,02,0,0,1,0,0,0,0,0,1,"- ","- ",36.508110046386719,-119.12563323974609,TULARE,UNINCORPORATED,-119.12568664550781,36.508071899414062
91497174,2021,2021-06-15,9480,2021-06-05,0905,019647,,6,1,4,5406,0,1,3,,2,093,"SR-99 S/B","PROSPERITY AVE",30.00,N,N,A,-,Y,,,,,,,,,,Y,3,0,1,1,A,-,08,22107,,N,F,A,A,A,H,-,A,D,0,,,Y,,Y,Y,C,02,0,1,0,0,0,0,0,0,1,"- ","- ",,,TULARE,TULARE,-119.33414459228516,36.224422454833984
91497319,2021,2021-06-15,9480,2021-06-07,1120,018202,,1,1,5,5407,0,1,3,,1,064,"SR-198 E/B","SHIRK RD.",1584.00,W,N,A,B,Y,,,198,,,,,,E,Y,3,0,2,1,A,-,08,22107,,N,E,I,A,A,H,-,A,D,0,,,,,Y,Y,A,07,0,2,0,0,0,0,0,0,0,"- ","- ",36.327178955078125,-119.37210083007812,TULARE,VISALIA,-119.37210083007812,36.327178955078125
91497350,2021,2021-06-15,9480,2021-06-07,1441,020060,,1,2,9,5400,0,1,3,,2,095,"STATE ROUTE 99 S/B","STATE ROUTE 190",700.00,S,N,A,-,Y,,,99,,,,,,S,Y,4,0,1,2,A,-,07,21658,A,F,F,A,A,A,H,-,A,D,0,,,,,Y,,A,01,0,0,1,0,0,0,0,0,0,"- ","- ",36.045139312744141,-119.31121826171875,TULARE,UNINCORPORATED,-119.31124114990234,36.045135498046875
91498222,2021,2021-06-16,9480,2021-06-14,2330,020612,,1,3,9,5400,0,1,3,,1,060,"STATE ROUTE 137","ROAD 168",2218.00,W,N,A,-,Y,,,137,,,,,,,Y,2,0,1,1,A,-,08,22107,,N,E,I,A,A,H,-,D,D,0,,,,,Y,Y,D,22,1,0,0,0,0,0,0,0,0,"- ","- ",36.210819244384766,-119.20636749267578,TULARE,UNINCORPORATED,-119.20636749267578,36.210735321044922
91499410,2021,2021-06-17,9480,2021-06-11,0130,020060,,5,3,9,5400,0,1,3,,2,093,"STATE ROUTE 99 S/B FROM DRIVE 92B","DRIVE 92B",42.00,S,N,A,-,Y,,,99,,,,R,,S,Y,2,0,1,1,A,-,01,23152,A,N,E,I,A,A,H,-,C,D,0,,,,,Y,Y,A,01,1,0,0,0,0,0,0,0,0,"- ","- ",36.266220092773438,-119.36416625976562,TULARE,UNINCORPORATED,-119.36416625976562,36.266220092773438
91499420,2021,2021-06-17,9480,2021-06-13,2310,020450,,7,3,9,5400,0,3,5,,2,002,"AVENUE 328","ROAD 112",3168.00,E,N,A,-,N,,,,,,,,,,Y,3,0,1,1,A,-,01,23152,A,N,E,I,A,A,H,-,D,D,0,,,,,Y,Y,A,01,0,1,0,0,0,0,0,0,0,"- ","- ",36.385341644287109,-119.31192779541016,TULARE,UNINCORPORATED,-119.31240844726562,36.385490417480469
91499533,2021,2021-06-17,9480,2021-06-16,1630,016615,,3,2,9,5400,0,1,3,,1,044,"SR-198 WB","AVE 324",988.00,E,N,A,-,Y,,,198,,,,,,W,Y,3,0,1,2,A,-,05,21460,A,N,A,C,A,A,H,-,A,D,0,,,,,Y,,A,01,0,1,0,0,0,0,0,0,0,"- ","- ",36.378280639648438,-119.0263671875,TULARE,UNINCORPORATED,-119.02638244628906,36.378280639648438
91500218,2021,2021-06-18,9480,2021-06-11,0423,020890,,5,3,9,5400,0,3,5,,2,006,"ROAD 180","AVENUE 280",2052.00,N,N,A,-,N,,,,,,,,,,Y,3,0,3,2,A,-,09,21801,A,N,D,C,A,A,H,-,C,D,0,,,,,Y,,A,01,0,1,2,0,0,0,0,0,0,"- ","- ",36.303310394287109,-119.17156982421875,TULARE,UNINCORPORATED,-119.17161560058594,36.303173065185547
91500676,2021,2021-06-18,9480,2021-06-16,1530,019846,,3,2,9,5400,0,3,5,,2,005,"ROAD 136","DEER CREEK AVENUE (AVENUE 64)",147.00,N,N,A,-,N,,,,,,,,,,N,3,0,1,2,A,-,08,22107,,M,B,G,A,A,H,-,A,D,0,,Y,,,Y,,D,22,0,1,0,0,0,0,1,0,0,"- ","- ",35.906791687011719,-119.26811981201172,TULARE,UNINCORPORATED,-119.26810455322266,35.906734466552734
91502699,2021,2021-06-22,9481,2021-06-19,1335,017894,,6,1,9,5400,0,2,4,,1,031,"ROAD 152","AVENUE 152",0.00,,Y,A,-,N,,,,,,,,,,Y,4,0,3,2,A,-,09,21802,A,N,D,C,A,A,H,-,A,A,0,,,,,Y,,A,01,0,0,3,0,0,0,0,0,0,"- ","- ",36.065860748291016,-119.23230743408203,TULARE,UNINCORPORATED,-119.23234558105469,36.065753936767578
91502782,2021,2021-06-22,9480,2021-06-13,1258,019647,,7,1,9,5400,0,1,3,,1,064,"SR-198 E/B","ROAD 180",0.00,,Y,A,-,Y,,,198,,,,,,E,Y,3,0,5,2,A,-,05,21651,A,N,A,C,A,A,H,-,A,A,0,,,,,Y,,A,01,0,5,0,0,0,0,0,0,0,"- ","- ",36.326461791992188,-119.17066955566406,TULARE,UNINCORPORATED,-119.17066955566406,36.326450347900391
91503137,2021,2021-06-22,9480,2021-06-12,1402,019543,,6,2,9,5400,0,3,5,,2,002,"AVE 416","ROAD 126",75.00,E,N,A,-,N,,,,,,,,,,Y,3,0,2,2,A,-,03,22350,,N,C,C,A,A,H,-,A,A,0,,,,,Y,,D,22,0,1,1,0,0,0,0,0,0,"- ","- ",36.544750213623047,-119.29106140136719,TULARE,UNINCORPORATED,-119.29114532470703,36.544795989990234
91505866,2021,2021-06-30,9481,2021-06-17,1635,021227,,4,2,9,5400,0,1,3,,1,053,"STATE ROUTE 190","ROAD 265",6336.00,E,N,A,-,Y,,,190,,,,,,,Y,3,0,2,2,A,-,08,22107,,F,D,C,A,A,H,-,A,D,0,,,,,Y,,A,01,0,1,1,0,0,0,0,0,0,"- ","- ",36.047748565673828,-118.96217346191406,TULARE,UNINCORPORATED,-118.96216583251953,36.047752380371094
91506969,2021,2021-06-25,9480,2021-06-11,1705,016995,,5,2,9,5400,0,1,3,,1,051,"STATE ROUTE 43","AVENUE 56",0.00,,Y,A,-,Y,,,43,,,,,,,Y,3,0,1,2,A,-,09,21802,A,N,D,C,A,A,H,-,A,A,0,,,,,Y,,A,01,0,1,0,0,0,0,0,0,0,"- ","- ",35.891399383544922,-119.40537261962891,TULARE,UNINCORPORATED,-119.40537261962891,35.891399383544922
91507759,2021,2021-06-28,9480,2021-06-16,1200,019697,,3,1,9,5400,0,3,5,,2,006,"AVENUE 280","ROAD 148",0.00,,Y,A,-,N,,,,,,,,,,Y,4,0,1,2,A,-,03,22350,,N,C,C,A,A,H,-,A,D,0,,,,,Y,,A,07,0,0,1,0,0,0,0,0,0,"- ","- ",36.298191070556641,-119.24298095703125,TULARE,UNINCORPORATED,-119.24301147460938,36.298179626464844
91508193,2021,2021-06-28,9480,2021-06-17,1442,019349,,4,2,9,5400,0,3,5,,2,003,"AVENUE 232","ROAD 68",252.00,W,N,A,-,N,,,,,,,,,,Y,3,0,1,2,A,-,09,21801,A,N,F,A,A,A,H,-,A,D,0,,,,,Y,,A,01,0,1,0,0,0,0,0,0,0,"- ","- ",36.210868835449219,-119.42204284667969,TULARE,UNINCORPORATED,-119.42196655273438,36.210803985595703
91508281,2021,2021-06-28,9480,2021-06-19,0800,016233,,6,1,9,5400,0,3,5,,2,005,"AVE. 120","4TH AVE",2112.00,E,N,A,-,N,,,,,,,,,,Y,3,0,1,1,A,-,03,22350,,N,F,A,A,A,A,-,A,D,0,,,Y,,Y,,C,02,0,1,0,0,0,0,0,0,1,"- ","- ",36.007240295410156,-119.52783966064453,TULARE,UNINCORPORATED,-119.52892303466797,36.007221221923828
91508765,2021,2021-06-29,9481,2021-06-22,1150,017991,,2,1,4,5405,0,3,5,,2,010,"AVENUE 208","ROAD 216",0.00,,Y,A,-,N,,,,,,,,,,Y,3,0,2,2,A,-,12,22450,A,N,D,C,A,A,H,-,A,A,0,,,,,Y,,D,22,0,2,0,0,0,0,0,0,0,"- ","- ",36.167198181152344,-119.09040069580078,TULARE,PORTERVILLE,-119.09037780761719,36.167182922363281
91509227,2021,2021-06-29,9480,2021-06-21,1435,019543,,1,2,9,5400,0,3,5,,2,002,"ROAD 144","AVE 404",0.00,,Y,A,-,N,,,,,,,,,,Y,4,0,1,2,A,-,12,22450,A,N,D,C,A,A,H,-,A,A,0,,,Y,,Y,,C,02,0,0,1,0,0,0,0,0,1,"- ","- ",36.522518157958984,-119.250732421875,TULARE,UNINCORPORATED,-119.25076293945312,36.522514343261719
91511885,2021,2021-07-02,9480,2021-06-21,1848,021249,,1,2,9,5400,0,1,3,,2,095,"SR-99 S/B","AVENUE 24",2112.00,S,N,A,-,Y,,,,,,,,,,Y,4,0,1,1,A,-,08,22107,,N,E,I,A,A,H,-,A,D,0,,,,,Y,,A,01,0,0,1,0,0,0,0,0,0,"- ","- ",35.493061065673828,-119.15316009521484,TULARE,UNINCORPORATED,-119.25977325439453,35.830429077148438
91512167,2021,2021-07-02,9480,2021-06-26,0930,015282,,6,1,9,5400,0,3,5,,2,002,"AVENUE 388","ROAD 114",0.00,,Y,A,-,N,,,,,,,,,,Y,4,0,1,2,A,-,08,22107,,M,D,C,A,A,H,-,A,A,0,,,,,Y,,D,22,0,0,1,0,0,0,0,0,0,"- ","- ",36.494190216064453,-119.31800842285156,TULARE,UNINCORPORATED,-119.31809997558594,36.494289398193359
91514361,2021,2021-07-07,9480,2021-06-20,2310,019828,,7,3,9,5400,0,3,5,,2,001,"DRIVE 60","AVE. 320",2112.00,N,N,A,-,N,,,,,,,,,,Y,2,0,2,1,A,-,01,23152,A,N,E,I,A,A,H,-,C,A,0,,,,,Y,Y,A,08,1,1,0,0,0,0,0,0,0,"- ","- ",36.377311706542969,-119.43920135498047,TULARE,UNINCORPORATED,,
91514484,2021,2021-08-27,9480,2021-06-27,0315,020273,,7,3,9,5400,0,1,S,,2,106,"SR-99 N/B","AVENUE 184",1777.00,S,N,A,-,Y,,,99,,,,,,N,Y,2,0,2,2,A,-,01,23152,A,N,A,C,A,A,H,-,C,D,0,,,,,Y,Y,A,01,1,1,0,0,0,0,0,0,0,"- ","- ",36.118938446044922,-119.32418823242188,TULARE,UNINCORPORATED,-119.32425689697266,36.118934631347656
91514846,2021,2021-07-07,9480,2021-06-30,2040,017291,,3,2,9,5400,0,3,5,,2,001,"JACOBS DRIVE","BAKER DRIVE",74.00,W,N,A,-,N,,,,,,,,,,N,3,0,1,2,A,-,09,21804,A,N,D,G,A,A,H,-,B,A,0,,Y,,,Y,,L,04,0,1,0,0,0,0,1,0,0,"- ","- ",36.456798553466797,-119.48368835449219,TULARE,UNINCORPORATED,-119.4837646484375,36.456764221191406
91516128,2021,2021-07-08,9480,2021-06-25,1432,016615,,5,2,5,5407,0,1,3,,1,064,SR-198,"LOVERS LN",200.00,E,N,A,-,Y,,,198,,,,,,,Y,4,0,1,1,A,-,08,22107,,N,E,I,A,A,H,-,A,D,0,,,,,Y,,A,01,0,0,1,0,0,0,0,0,0,"- ","- ",36.327461242675781,-119.25997161865234,TULARE,VISALIA,-119.25996398925781,36.327548980712891
91516860,2021,2021-07-09,9480,2021-07-01,0400,016145,,4,3,9,5400,0,3,5,,2,004,"ROAD 144","AVENUE 328",0.00,,Y,B,-,N,,,,,,,,,,Y,3,0,1,1,A,-,01,23152,A,M,E,I,A,A,H,-,C,A,0,,,,,Y,Y,A,01,0,1,0,0,0,0,0,0,0,"- ","- ",36.385471343994141,-119.25173950195312,TULARE,UNINCORPORATED,-119.25181579589844,36.385372161865234
91516970,2021,2021-07-09,9480,2021-07-03,0005,016145,,6,3,9,5400,0,3,5,,2,004,"MILLWOOD DRIVE","AVENUE 348",194.00,N,N,A,-,N,,,,,,,,,,Y,3,0,1,1,A,-,08,22107,,N,E,I,A,A,H,-,D,D,0,,,,,Y,,D,22,0,1,0,0,0,0,0,0,0,"- ","- ",36.421699523925781,-119.12998962402344,TULARE,UNINCORPORATED,-119.12432861328125,36.421443939208984
91517101,2021,2021-07-09,9480,2021-06-28,1540,016995,,1,2,9,5400,0,3,5,,2,006,"AVENUE 296","ROAD 156",600.00,W,N,A,-,Y,,,,,,,,,,N,4,0,1,2,A,-,12,22450,A,N,D,C,A,A,C,-,A,A,0,,,,,Y,,A,01,0,0,1,0,0,0,0,0,0,"- ","- ",36.325729370117188,-119.22196197509766,TULARE,UNINCORPORATED,-119.22679138183594,36.327198028564453
91517737,2021,2021-07-12,9480,2021-07-02,1935,020060,,5,2,9,5400,0,3,5,,2,003,"ROAD 68","AVENUE 260",4.00,N,N,A,-,N,,,,,,,,,,Y,3,0,2,2,A,-,06,21750,A,N,B,C,A,A,H,-,A,D,0,,,Y,,Y,,C,02,0,2,0,0,0,0,0,0,2,"- ","- ",36.26171875,-119.42118072509766,TULARE,UNINCORPORATED,-119.42118835449219,36.261650085449219
91517928,2021,2021-07-12,9480,2021-07-04,0755,016233,,7,1,9,5400,0,3,5,,2,006,"RD. 156","AVE 256",1267.00,N,N,A,-,N,,,,,,,,,,Y,3,0,1,2,A,-,08,22107,,N,B,C,A,A,H,-,A,D,0,,,,,Y,,A,01,0,1,0,0,0,0,0,0,0,"- ","- ",36.257961273193359,-119.22482299804688,TULARE,UNINCORPORATED,-119.22479248046875,36.257858276367188
91518056,2021,2021-07-12,9481,2021-07-03,2200,021687,,6,3,9,5400,0,2,4,,1,021,"AVENUE 196","TAYLOR ROAD",10.00,E,N,A,-,N,,,,,,,,,,Y,4,0,1,2,A,-,08,22107,,N,B,E,A,A,H,-,D,D,0,,,,Y,Y,,A,01,0,0,1,0,0,0,0,0,0,"- ","- ",36.14569091796875,-119.05551910400391,TULARE,UNINCORPORATED,-119.05558776855469,36.145538330078125
91518106,2021,2021-07-12,9481,2021-07-04,1610,021227,,7,2,9,5400,0,3,5,,2,030,"RICHGROVE DRIVE","AVENUE 56",8976.00,S,N,A,-,N,,,,,,,,,,Y,4,0,1,1,C,-,18,,,N,E,I,A,A,H,-,A,D,0,,,,,Y,,-,"- ",0,0,1,0,0,0,0,0,0,"- ","- ",35.866588592529297,-119.05422973632812,TULARE,UNINCORPORATED,-119.05384826660156,35.867103576660156
91519097,2021,2021-07-13,9481,2021-07-06,1220,017991,,2,1,9,5400,0,3,5,,2,050,"ROAD 236","AVENUE 96",200.00,N,N,A,-,N,,,,,,,,,,N,4,0,1,2,A,-,03,22350,,N,C,C,A,A,H,-,A,D,0,,,,,Y,,A,08,0,0,1,0,0,0,0,0,0,"- ","- ",35.965000152587891,-119.04463195800781,TULARE,UNINCORPORATED,-119.04460144042969,35.964786529541016
91519115,2021,2021-07-13,9481,2021-07-06,1505,018113,,2,2,9,5400,0,2,4,,1,031,"ROAD 152","AVENUE 152",0.00,,Y,A,-,N,,,,,,,,,,Y,4,0,1,2,A,-,09,21802,A,N,D,C,A,A,H,-,A,A,0,,,,,Y,,D,22,0,0,1,0,0,0,0,0,0,"- ","- ",36.065780639648438,-119.23233032226562,TULARE,UNINCORPORATED,-119.23234558105469,36.065753936767578
91519136,2021,2021-07-13,9480,2021-07-04,0935,016240,,7,1,9,5400,0,1,3,,2,091,"SR-99 S/B","MERRITT DRIVE",7392.00,S,N,A,-,Y,,,99,,,,,,S,Y,3,0,1,1,A,-,08,22107,,N,E,I,A,A,H,-,A,D,0,,,,,Y,,A,01,0,1,0,0,0,0,0,0,0,"- ","- ",36.432891845703125,-119.475341796875,TULARE,UNINCORPORATED,-119.47541046142578,36.432842254638672
91519173,2021,2021-07-13,9480,2021-07-07,0515,020890,,3,3,9,5400,0,3,5,,2,001,"ROAD 48","AVENUE 392",528.00,N,N,A,-,N,,,,,,,,,,N,4,0,3,2,A,-,03,22350,,N,C,C,A,A,H,-,B,D,0,,,,,Y,,A,08,0,0,3,0,0,0,0,0,0,"- ","- ",36.505100250244141,-119.46678924560547,TULARE,UNINCORPORATED,-119.46675872802734,36.504310607910156
91519191,2021,2021-07-13,9480,2021-07-08,0235,016145,,4,3,4,5406,0,1,3,,1,063,"SR-99 NORTHBOUND TO PROSPERITY AVE","PROSPERITY AVENUE",1773.00,S,N,A,-,Y,,,99,,,,R,,N,Y,4,0,1,1,A,-,03,22350,,N,F,A,A,B,H,-,C,D,0,,,,,Y,,A,01,0,0,1,0,0,0,0,0,0,"- ","- ",36.221328735351562,-119.33168792724609,TULARE,TULARE,-119.33168792724609,36.221328735351562
91519265,2021,2021-07-13,9480,2021-07-03,1838,019349,,6,2,9,5400,0,1,3,,2,091,"STATE ROUTE 99 N/B","AVENUE 328",287.00,S,N,A,-,Y,,,99,,,,,,N,Y,4,0,1,2,D,-,00,,,N,C,C,A,A,H,-,A,D,0,,,,,Y,,-,"- ",0,0,1,0,0,0,0,0,0,"- ","- ",36.384769439697266,-119.44344329833984,TULARE,UNINCORPORATED,-119.44342803955078,36.384777069091797
91519320,2021,2021-07-13,9435,2021-07-02,0500,020890,,5,3,9,5400,0,3,5,,2,060,"HILLS VALLEY ROAD","PARK AVENUE",1056.00,N,N,A,-,N,,,,,,,,,,Y,4,0,1,2,A,-,09,21801,A,N,D,C,A,A,H,-,D,D,0,,,,,Y,,E,22,0,0,1,0,0,0,0,0,0,"- ","- ",36.627609252929688,-119.30483245849609,TULARE,UNINCORPORATED,-119.30481719970703,36.627326965332031
91519911,2021,2021-07-14,9480,2021-07-05,2120,018521,,1,2,9,5400,0,1,3,,1,051,"SR-43 (CENTRAL VALLEY HWY)","AVENUE 56",0.00,,Y,A,-,Y,,,43,,,,,,,Y,3,0,2,2,A,-,09,21802,A,N,D,C,A,A,H,-,D,A,0,,,,,Y,,A,07,0,1,1,0,0,0,0,0,0,"- ","- ",35.891368865966797,-119.40537261962891,TULARE,UNINCORPORATED,-119.40535736083984,35.891380310058594
91519924,2021,2021-07-14,9480,2021-07-07,0345,018421,,3,3,9,5400,0,1,3,,1,060,SR-137,"ROAD 168",2640.00,W,N,A,-,Y,,,137,,,,,,,Y,3,0,1,1,A,-,01,23152,A,N,E,I,A,A,H,-,D,D,0,,,,,Y,Y,A,01,0,1,0,0,0,0,0,0,0,"- ","- ",36.210830688476562,-119.20871734619141,TULARE,UNINCORPORATED,-119.20871734619141,36.210746765136719
91520110,2021,2021-07-14,9480,2021-07-13,0510,020890,,2,3,9,5400,0,3,5,,2,004,"ROAD 132","AVENUE 352",60.00,N,N,A,-,N,,,,,,,,,,N,4,0,1,2,A,-,03,22350,,N,C,C,A,A,H,-,B,D,0,,,,,Y,,A,01,0,0,1,0,0,0,0,0,0,"- ","- ",36.428939819335938,-119.27793121337891,TULARE,UNINCORPORATED,-119.27788543701172,36.428794860839844
91520350,2021,2021-07-14,9480,2021-07-05,1202,016240,,1,1,9,5400,0,3,5,,2,003,"AVENUE 280","SR-99 S/B",1162.00,W,N,A,-,N,,,,,,,,,,N,3,0,1,2,A,-,08,22107,,N,B,C,A,A,H,-,A,D,0,,,,,Y,,A,01,0,1,0,0,0,0,0,0,0,"- ","- ",36.298061370849609,-119.48941040039062,TULARE,UNINCORPORATED,-119.38512420654297,36.298324584960938