CASE_ID,ACCIDENT_YEAR,PROC_DATE,JURIS,COLLISION_DATE,COLLISION_TIME,OFFICER_ID,REPORTING_DISTRICT,DAY_OF_WEEK,CHP_SHIFT,POPULATION,CNTY_CITY_LOC,SPECIAL_COND,BEAT_TYPE,CHP_BEAT_TYPE,CITY_DIVISION_LAPD,CHP_BEAT_CLASS,BEAT_NUMBER,PRIMARY_RD,SECONDARY_RD,DISTANCE,DIRECTION,INTERSECTION,WEATHER_1,WEATHER_2,STATE_HWY_IND,CALTRANS_COUNTY,CALTRANS_DISTRICT,STATE_ROUTE,ROUTE_SUFFIX,POSTMILE_PREFIX,POSTMILE,LOCATION_TYPE,RAMP_INTERSECTION,SIDE_OF_HWY,TOW_AWAY,COLLISION_SEVERITY,NUMBER_KILLED,NUMBER_INJURED,PARTY_COUNT,PRIMARY_COLL_FACTOR,PCF_CODE_OF_VIOL,PCF_VIOL_CATEGORY,PCF_VIOLATION,PCF_VIOL_SUBSECTION,HIT_AND_RUN,TYPE_OF_COLLISION,MVIW,PED_ACTION,ROAD_SURFACE,ROAD_COND_1,ROAD_COND_2,LIGHTING,CONTROL_DEVICE,CHP_ROAD_TYPE,PEDESTRIAN_ACCIDENT,BICYCLE_ACCIDENT,MOTORCYCLE_ACCIDENT,TRUCK_ACCIDENT,NOT_PRIVATE_PROPERTY,ALCOHOL_INVOLVED,STWD_VEHTYPE_AT_FAULT,CHP_VEHTYPE_AT_FAULT,COUNT_SEVERE_INJ,COUNT_VISIBLE_INJ,COUNT_COMPLAINT_PAIN,COUNT_PED_KILLED,COUNT_PED_INJURED,COUNT_BICYCLIST_KILLED,COUNT_BICYCLIST_INJURED,COUNT_MC_KILLED,COUNT_MC_INJURED,PRIMARY_RAMP,SECONDARY_RAMP,LATITUDE,LONGITUDE,COUNTY,CITY,POINT_X,POINT_Y
91590872,2021,2021-10-07,9480,2021-10-05,1140,016723,,2,1,9,5400,0,3,5,,2,001,"AVENUE 360","ROAD 52",100.00,E,N,A,-,N,,,,,,,,,,Y,4,0,1,1,A,-,08,22107,,N,E,I,A,A,H,-,A,D,0,,,,,Y,,D,22,0,0,1,0,0,0,0,0,0,"- ","- ",36.444278717041016,-119.45648193359375,TULARE,UNINCORPORATED,-119.45648193359375,36.444271087646484
91591634,2021,2021-10-08,9480,2021-09-30,2020,021175,,4,2,9,5400,0,1,3,,2,095,"STATE ROUTE 99","AVENUE 56",2640.00,S,N,A,-,Y,,,99,,,,,,,N,4,0,2,2,A,-,07,21658,A,N,B,C,A,A,H,-,D,D,0,,,,,Y,,E,22,0,0,2,0,0,0,0,0,0,"- ","- ",35.883129119873047,-119.27200317382812,TULARE,UNINCORPORATED,-119.27194976806641,35.883140563964844
91592796,2021,2021-10-11,9480,2021-09-29,0545,016046,,3,3,9,5400,0,1,3,,1,040,"SR-216 (MILLWOOD DRIVE)","ROAD 184",60.00,E,N,A,-,Y,,,216,,,,,,,Y,4,0,1,2,A,-,03,22350,,N,C,C,A,A,H,-,D,D,0,,,,,Y,,A,08,0,0,1,0,0,0,0,0,0,"- ","- ",36.403228759765625,-119.16148376464844,TULARE,UNINCORPORATED,-119.16147613525391,36.403221130371094
91593030,2021,2021-10-11,9480,2021-09-26,0030,018521,,7,3,9,5400,0,3,5,,2,005,"AVE 120","SR-43 (CENTRAL VALLEY HWY)",5808.00,E,N,A,-,N,,,,,,,,,,Y,3,0,2,1,A,-,01,23152,A,N,E,I,A,A,H,-,D,A,0,,,,,Y,Y,A,01,0,1,1,0,0,0,0,0,0,"- ","- ",36.007419586181641,-119.46927642822266,TULARE,UNINCORPORATED,-119.47032928466797,36.007404327392578
91593062,2021,2022-01-12,9480,2021-09-20,1300,019427,,1,1,9,5400,0,3,5,,2,003,"THOMPSON ROAD","COOPER AVENUE",0.00,,Y,A,-,N,,,,,,,,,,Y,4,0,1,2,A,-,03,22350,,N,D,C,A,A,H,-,A,D,0,,,,,Y,,A,01,0,0,1,0,0,0,0,0,0,"- ","- ",36.062110900878906,-119.31172180175781,TULARE,UNINCORPORATED,-119.31179809570312,36.062137603759766
91593083,2021,2021-10-11,9481,2021-10-02,1420,020238,,6,2,9,5400,0,3,5,,2,030,"RICHGROVE DRIVE","GURRERRO AVENUE",700.00,S,N,A,-,N,,,,,,,,,,N,4,0,1,2,A,-,09,21801,A,N,B,C,A,A,H,-,A,D,0,,,,,Y,,A,01,0,0,1,0,0,0,0,0,0,"- ","- ",35.801811218261719,-119.10764312744141,TULARE,UNINCORPORATED,,
91593237,2021,2021-10-11,9480,2021-10-05,1235,018202,,2,1,9,5400,0,3,5,,2,005,"ELM ST","TERRA BELLA AVE",0.00,,Y,A,-,N,,,,,,,,,,Y,4,0,1,2,A,-,09,21802,A,N,D,C,A,A,H,-,A,A,0,,,,,Y,,A,08,0,0,1,0,0,0,0,0,0,"- ","- ",35.964340209960938,-119.28621673583984,TULARE,UNINCORPORATED,-119.28620147705078,35.964332580566406
91593252,2021,2021-10-11,9480,2021-10-10,1445,019846,,7,2,9,5400,0,1,3,,1,021,SR-63,"IRA AVENUE",100.00,N,N,A,-,Y,,,63,,,,,,,N,4,0,1,2,A,-,08,22107,,N,D,C,A,A,H,-,A,D,0,,,,,Y,,A,01,0,0,1,0,0,0,0,0,0,"- ","- ",36.536830902099609,-119.28684997558594,TULARE,UNINCORPORATED,-119.28683471679688,36.536830902099609
91593513,2021,2021-10-11,9480,2021-10-02,1200,018202,,6,1,9,5400,0,1,3,,1,063,SR-63,"AVE 320",0.00,,Y,A,-,Y,,,63,,,,,,,Y,4,0,3,2,A,-,08,22107,,N,B,C,A,A,H,-,A,A,0,,,,,Y,,A,07,0,0,3,0,0,0,0,0,0,"- ","- ",36.370918273925781,-119.29691314697266,TULARE,UNINCORPORATED,-119.29698181152344,36.370922088623047
91594251,2021,2021-10-12,9481,2021-10-07,1735,019422,,4,2,9,5400,0,3,5,,2,030,"ROAD 192","AVENUE 8",0.00,,Y,A,-,N,,,,,,,,,,Y,3,0,3,2,A,-,12,22450,A,N,D,C,A,A,H,-,A,A,0,,,,,Y,,A,01,0,2,1,0,0,0,0,0,0,"- ","- ",35.805431365966797,-119.14330291748047,TULARE,UNINCORPORATED,,
91595122,2021,2021-10-13,9480,2021-09-30,2051,019543,,4,2,9,5400,0,3,5,,2,001,"ROAD 72","AVENUE 430",528.00,S,N,A,-,N,,,,,,,,,,Y,4,0,1,2,A,-,21,22106,,N,H,C,A,A,H,-,D,D,0,,,,,Y,,A,01,0,0,1,0,0,0,0,0,0,"- ","- ",36.567928314208984,-119.41297149658203,TULARE,UNINCORPORATED,-119.41303253173828,36.570011138916016
91596233,2021,2021-10-14,9480,2021-10-08,1445,020273,,5,2,9,5400,0,3,5,,2,001,"ROAD 144","AVENUE 32",2640.00,N,N,A,-,N,,,,,,,,,,Y,3,0,1,2,A,-,08,22107,,F,D,C,A,A,H,-,A,D,0,,,,,Y,Y,-,99,0,1,0,0,0,0,0,0,0,"- ","- ",35.857208251953125,-119.25012969970703,TULARE,UNINCORPORATED,-119.25034332275391,35.855644226074219
91597463,2021,2021-10-15,9480,2021-10-08,1945,018521,,5,2,9,5400,0,1,3,,1,021,"STATE ROUTE 63 (ROAD 128)","AVE 432",0.00,,Y,A,-,Y,,,63,,,,,,,Y,3,0,3,2,A,-,09,21802,A,N,D,2,A,A,H,-,B,A,0,,,,,Y,,D,22,0,2,1,0,0,0,0,0,0,"- ","- ",36.573421478271484,-119.28713989257812,TULARE,UNINCORPORATED,-119.28717041015625,36.573421478271484
91597531,2021,2021-10-15,9480,2021-10-07,2343,020060,,4,3,9,5400,0,1,3,,1,064,"STATE ROUTE 198 W/B","STATE ROUTE 99",1230.00,E,N,A,-,Y,,,198,,,,,,W,Y,3,0,2,1,A,-,01,23152,A,N,F,A,A,A,H,-,D,D,0,,,,,Y,Y,A,01,0,2,0,0,0,0,0,0,0,"- ","- ",36.327289581298828,-119.4033203125,TULARE,UNINCORPORATED,-119.40320587158203,36.327625274658203
91598719,2021,2021-10-18,9481,2021-10-08,2340,020784,,5,3,9,5400,0,1,3,,1,053,SR-190,"SUCCESS VALLEY DRIVE",650.00,W,N,A,-,Y,,,190,,,,,,,Y,3,0,1,1,A,-,01,23152,A,N,E,I,A,A,H,-,D,D,0,,,,,Y,Y,D,22,0,1,0,0,0,0,0,0,0,"- ","- ",36.079448699951172,-118.89930725097656,TULARE,UNINCORPORATED,-118.89937591552734,36.079505920410156
91598725,2021,2021-10-18,9481,2021-10-12,2240,019578,,2,3,9,5400,0,3,5,,2,050,"DATE AVENUE","RUTH STREET",520.00,W,N,A,-,N,,,,,,,,,,Y,3,0,1,1,A,-,01,23152,A,N,F,A,A,A,H,-,C,D,0,,,,,Y,Y,A,01,0,1,0,0,0,0,0,0,0,"- ","- ",36.058429718017578,-118.99530792236328,TULARE,UNINCORPORATED,-118.9949951171875,36.0582275390625
91598809,2021,2021-10-18,9481,2021-10-09,2025,019422,,6,2,9,5400,0,1,3,,1,054,"BEAR CREEK ROAD.","BALCH PARK RD.",13200.00,E,N,A,-,N,,,,,,,,,,Y,3,0,2,1,A,-,08,22107,,N,F,A,A,A,H,-,D,D,0,,,,,Y,,A,01,0,1,1,0,0,0,0,0,0,"- ","- ",36.208431243896484,-118.78058624267578,TULARE,UNINCORPORATED,-118.67287445068359,36.239620208740234
91599330,2021,2021-10-18,9480,2021-10-16,0900,019427,,6,1,9,5400,0,3,5,,2,005,"CHURCH STREET","SCHOOL AVENUE",30.00,N,N,A,-,N,,,,,,,,,,N,4,0,1,2,A,-,08,22107,,N,B,C,A,A,H,-,A,D,0,,,,,Y,,D,22,0,0,1,0,0,0,0,0,0,"- ","- ",35.881099700927734,-119.2681884765625,TULARE,UNINCORPORATED,-119.29123687744141,36.332942962646484
91599432,2021,2021-10-18,9480,2021-10-16,0240,021249,,6,3,9,5400,0,3,5,,2,006,"ROAD 108","AVENUE 264",1267.00,N,N,A,-,N,,,,,,,,,,Y,3,0,1,1,A,-,08,22107,,N,E,I,A,A,H,-,D,D,0,,,,,Y,,A,01,0,1,0,0,0,0,0,0,0,"- ","- ",36.272979736328125,-119.33106994628906,TULARE,UNINCORPORATED,-119.33140563964844,36.27276611328125
91600033,2021,2021-10-19,9480,2021-10-03,0250,019828,,7,3,9,5400,0,3,5,,2,006,"WALKING PATH","AVE. 280",1800.00,S,N,A,-,N,,,,,,,,,,Y,3,0,1,1,A,-,01,23152,A,M,E,I,A,A,H,-,D,D,0,,,,,Y,Y,A,07,0,1,0,0,0,0,0,0,0,"- ","- ",36.293079376220703,-119.28758239746094,TULARE,UNINCORPORATED,,
91600134,2021,2021-10-19,9481,2021-10-13,1500,020238,,3,2,9,5400,0,3,5,,2,030,"COUNTY LINE ROAD","ROAD 212",500.00,E,N,A,-,N,,,,,,,,,,N,2,0,1,1,C,-,18,,,N,H,A,A,A,H,-,A,D,0,,,,,Y,,-,"- ",1,0,0,0,0,0,0,0,0,"- ","- ",35.790760040283203,-119.09790802001953,TULARE,UNINCORPORATED,-119.09622955322266,35.790760040283203
91600518,2021,2021-10-19,9481,2021-10-18,0750,018707,,1,1,9,5400,0,1,3,,1,012,"SR-65 (S/B)","AVENUE 196",528.00,N,N,B,-,Y,,,65,,,,,,,Y,3,0,2,3,A,-,03,22350,,N,C,C,A,B,H,-,A,D,0,,,,,Y,,D,22,0,1,1,0,0,0,0,0,0,"- ","- ",36.146820068359375,-119.07293701171875,TULARE,UNINCORPORATED,-119.07291412353516,36.146831512451172
91601311,2021,2021-10-20,9480,2021-10-16,1541,019846,,6,2,9,5400,0,1,3,,1,032,"AVENUE 328","ROAD 92",1006.00,E,N,E,-,N,,,,,,,,,,Y,2,0,1,4,A,-,03,22350,,N,C,C,A,A,H,-,A,D,0,,,,,Y,,D,22,1,0,0,0,0,0,0,0,0,"- ","- ",36.385398864746094,-119.36448669433594,TULARE,UNINCORPORATED,-119.36458587646484,36.385395050048828
91601864,2021,2021-10-20,9480,2021-10-17,1940,016995,,7,2,9,5400,0,3,5,,2,003,"ROAD 84 (ENERPRISE STREET)","PLEASANT AVE",0.00,,Y,A,-,N,,,,,,,,,,Y,4,0,1,2,A,-,08,22107,,N,B,C,A,A,H,-,D,D,0,,,,,Y,,A,01,0,0,1,0,0,0,0,0,0,"- ","- ",36.218170166015625,-119.38449859619141,TULARE,UNINCORPORATED,,
91603098,2021,2021-10-21,9480,2021-10-11,1859,018521,,1,2,9,5400,0,3,5,,2,002,"RD 108","AVE 320",148.00,S,N,A,-,N,,,,,,,,,,Y,3,0,2,2,A,-,01,23152,A,N,A,C,A,A,H,-,D,D,0,,,,,Y,Y,A,01,0,1,1,0,0,0,0,0,0,"- ","- ",36.370590209960938,-119.33216094970703,TULARE,UNINCORPORATED,-119.33218383789062,36.370613098144531
91603614,2021,2021-10-22,9480,2021-10-20,1320,017108,,3,1,9,5400,0,3,5,,2,006,"ROAD 124","AVENUE 264",2112.00,N,N,A,-,N,,,,,,,,,,Y,4,0,1,1,A,-,08,22107,,N,E,I,A,A,H,-,A,D,0,,,,,Y,,A,07,0,0,1,0,0,0,0,0,0,"- ","- ",36.277191162109375,-119.29673767089844,TULARE,UNINCORPORATED,-119.29667663574219,36.276077270507812
91604952,2021,2021-10-25,9480,2021-10-04,1315,019349,,1,1,9,5400,0,1,3,,2,095,"STATE ROUTE 99 S/B","AVENUE 24",127.00,S,N,A,-,Y,,,99,,,,,,S,Y,3,0,2,4,A,-,03,22350,,N,C,C,A,A,H,-,A,D,0,,,,,Y,,D,22,0,1,1,0,0,0,0,0,0,"- ","- ",35.833610534667969,-119.26038360595703,TULARE,UNINCORPORATED,-119.26051330566406,35.833580017089844
91605268,2021,2021-10-25,9480,2021-10-20,2322,017452,,3,3,9,5400,0,1,3,,2,093,"SR-99 N/B","CARTMILL AVENUE",4224.00,N,N,A,-,Y,,,99,,,,,,N,Y,3,0,2,2,A,-,08,22107,,N,C,C,A,A,H,-,D,D,0,,,,,Y,,A,01,0,2,0,0,0,0,0,0,0,"- ","- ",36.250270843505859,-119.35199737548828,TULARE,UNINCORPORATED,-119.35256958007812,36.249851226806641
91605398,2021,2021-10-25,9480,2021-10-16,1620,020273,,6,2,9,5400,0,3,5,,2,006,"ROAD 108","AVENUE 272",0.00,,Y,A,-,N,,,,,,,,,,N,3,0,1,2,A,-,12,21453,A,N,D,C,A,A,H,-,A,A,0,,,,,Y,,A,01,0,1,0,0,0,0,0,0,0,"- ","- ",36.283771514892578,-119.331298828125,TULARE,UNINCORPORATED,-119.33145141601562,36.283733367919922
91605418,2021,2021-10-25,9480,2021-10-17,1610,020273,,7,2,9,5400,0,1,3,,2,093,"SR-99 N/B","CARTMILL AVE",800.00,N,N,A,-,Y,,,99,,,,,,N,N,4,0,1,2,A,-,03,22350,,N,C,C,A,A,H,-,A,D,0,,,,,Y,,A,01,0,0,1,0,0,0,0,0,0,"- ","- ",36.24346923828125,-119.34779357910156,TULARE,UNINCORPORATED,-119.34784698486328,36.243427276611328
91606192,2021,2021-10-26,9481,2021-10-22,1355,021227,,5,1,9,5400,0,3,5,,2,050,"ROAD 236","AVENUE 112",40.00,S,N,B,-,N,,,,,,,,,,Y,4,0,1,3,A,-,03,22350,,N,C,C,A,A,H,-,A,D,0,,,,,Y,,A,07,0,0,1,0,0,0,0,0,0,"- ","- ",35.993221282958984,-119.04326629638672,TULARE,UNINCORPORATED,-119.04329681396484,35.993141174316406
91606269,2021,2021-10-26,9480,2021-10-17,1710,020273,,7,2,9,5400,0,3,5,,2,001,"AVENUE 396","MENDOCINO AVENUE",1500.00,E,N,A,-,N,,,,,,,,,,N,3,0,1,2,A,-,09,21801,A,N,A,C,A,A,H,-,A,D,0,,,,,Y,,A,01,0,1,0,0,0,0,0,0,0,"- ","- ",36.510631561279297,-119.54297637939453,TULARE,UNINCORPORATED,,
91606377,2021,2021-10-26,9481,2021-10-20,0700,015218,,3,1,9,5400,0,3,5,,2,030,"ROAD 192","AVENUE 32",0.00,,Y,A,-,N,,,,,,,,,,Y,4,0,1,2,A,-,05,21752,D,N,B,C,A,A,H,-,A,D,0,,,,,Y,,D,22,0,0,1,0,0,0,0,0,0,"- ","- ",35.848701477050781,-119.14353942871094,TULARE,UNINCORPORATED,,
91606378,2021,2021-10-26,9480,2021-10-22,0805,019427,,5,1,9,5400,0,3,5,,2,006,"CALDWELL AVENUE","PEPPERTREE STREET",800.00,W,N,A,-,N,,,,,,,,,,Y,4,0,1,3,A,-,03,22350,,N,C,C,A,A,H,-,A,D,0,,,,,Y,,A,07,0,0,1,0,0,0,0,0,0,"- ","- ",36.298290252685547,-119.35967254638672,TULARE,UNINCORPORATED,-119.35651397705078,36.298229217529297
91610906,2021,2021-10-29,9480,2021-10-27,1459,018521,,3,2,9,5400,0,1,3,,1,025,SR-245,"AVENUE 376",0.00,,Y,A,-,Y,,,245,,,,,,,Y,3,0,1,2,A,-,09,21802,A,N,D,C,A,A,H,-,A,A,0,,,,,Y,,A,01,0,1,0,0,0,0,0,0,0,"- ","- ",36.47174072265625,-119.12236022949219,TULARE,UNINCORPORATED,-119.12236022949219,36.47174072265625
91611055,2021,2021-10-29,9480,2021-10-24,1915,016995,,7,2,9,5400,0,3,5,,2,001,"AVENUE 400","ROAD 56",0.00,,Y,A,-,N,,,,,,,,,,Y,2,0,3,2,A,-,01,23152,A,N,D,C,A,A,H,-,C,A,0,,,,,Y,Y,A,07,1,0,2,0,0,0,0,0,0,"- ","- ",36.517318725585938,-119.44876861572266,TULARE,UNINCORPORATED,-119.44869995117188,36.517372131347656
91611852,2021,2021-11-01,9480,2021-10-22,1755,020060,,5,2,9,5400,0,3,5,,2,003,"AVENUE 232","ROAD 36",0.00,,Y,B,-,N,,,,,,,,,,Y,2,0,5,2,A,-,12,22450,A,N,D,C,A,A,H,-,A,A,0,,,,,Y,,D,22,1,4,0,0,0,0,0,0,0,"- ","- ",36.210800170898438,-119.49295043945312,TULARE,UNINCORPORATED,-119.49295043945312,36.210834503173828
91612360,2021,2021-11-01,9480,2021-10-27,1735,018484,,3,2,9,5400,0,2,S,,2,106,"AVENUE 312 (RIGGIN AVENUE)","ROAD 92 (SHIRK ROAD)",1200.00,W,N,A,-,N,,,,,,,,,,Y,4,0,4,2,A,-,03,22350,,N,C,C,A,A,H,-,B,D,0,,,,,Y,,A,01,0,0,4,0,0,0,0,0,0,"- ","- ",36.356491088867188,-119.37194061279297,TULARE,UNINCORPORATED,,
91612449,2021,2021-11-01,9481,2021-10-23,0010,019578,,6,3,9,5400,0,2,4,,1,034,"AVENUE 176","ROAD 296",695.00,W,N,A,-,N,,,,,,,,,,Y,2,0,2,1,A,-,08,22107,,N,E,I,A,A,H,-,D,D,0,,,,,Y,,D,22,1,1,0,0,0,0,0,0,0,"- ","- ",36.111228942871094,-118.91429138183594,TULARE,UNINCORPORATED,,
91614511,2021,2021-11-03,9480,2021-10-29,0700,017108,,5,1,9,5400,0,3,5,,2,002,"AVENUE 384","ROAD 88",0.00,,Y,A,-,N,,,,,,,,,,Y,3,0,1,1,A,-,01,23152,A,M,E,I,A,A,H,-,A,A,0,,,,,Y,Y,A,07,0,1,0,0,0,0,0,0,0,"- ","- ",36.487701416015625,-119.37667083740234,TULARE,UNINCORPORATED,-119.37668609619141,36.487674713134766
91614738,2021,2021-11-03,9480,2021-10-23,1340,021044,,6,1,9,5400,0,1,3,,2,093,"SR-99 N/B","PAIGE AVE",5280.00,S,N,A,-,Y,,,,,,,,,,N,3,0,1,2,A,-,08,22107,,N,C,C,A,A,H,-,A,D,0,,,,,Y,,A,01,0,1,0,0,0,0,0,0,0,"- ","- ",36.166301727294922,-119.33113861083984,TULARE,UNINCORPORATED,-119.3309326171875,36.167964935302734
91615267,2021,2021-11-03,9480,2021-10-30,0740,019349,,6,1,9,5400,0,1,3,,2,095,"STATE ROUTE 99 N/B","WASHINGTON ST",221.00,N,N,B,-,Y,,,99,,,,,,N,Y,3,0,1,1,A,-,08,22107,,N,E,I,A,A,H,-,A,D,0,,,,Y,Y,,F,25,0,1,0,0,0,0,0,0,0,"- ","- ",35.884071350097656,-119.27184295654297,TULARE,UNINCORPORATED,-119.27188110351562,35.884059906005859
91616190,2021,2021-11-04,9481,2021-10-26,1915,015399,,2,2,9,5400,0,1,3,,1,032,"STATE ROUTE 190","ROAD 192",0.00,,Y,A,-,N,,,190,,,,,,,N,4,0,1,2,A,-,09,21800,A,N,D,C,A,A,H,-,C,A,0,,,,,Y,,D,22,0,0,1,0,0,0,0,0,0,"- ","- ",36.051280975341797,-119.14302825927734,TULARE,UNINCORPORATED,-119.14302825927734,36.051246643066406
91616240,2021,2021-11-04,9480,2021-10-23,0825,019427,,6,1,9,5400,0,1,3,,2,093,"STATE ROUTE 99 (NORTHBOUND)","AVENUE 152",300.00,N,N,A,-,Y,,,99,,,,,,,N,4,0,3,3,A,-,08,22107,,N,C,C,A,A,H,-,A,D,0,,,,Y,Y,,G,25,0,0,3,0,0,0,0,0,0,"- ","- ",36.066570281982422,-119.31442260742188,TULARE,UNINCORPORATED,-119.31441497802734,36.066574096679688
91616313,2021,2021-11-04,9480,2021-10-12,1534,019048,,2,2,9,5400,0,3,5,,2,004,"ROAD 160","FREEDOM AVENUE",0.00,,Y,A,-,N,,,,,,,,,,N,1,1,0,2,A,-,21,22106,,N,G,B,D,A,H,-,A,D,0,Y,,,,Y,,D,22,0,0,0,1,0,0,0,0,0,"- ","- ",36.390228271484375,-119.21569061279297,TULARE,UNINCORPORATED,-119.21566772460938,36.390232086181641
91616459,2021,2021-11-04,9480,2021-10-24,1350,021044,,7,1,9,5400,0,3,5,,2,003,"AVENUE 184","ROAD 36",528.00,E,N,A,-,N,,,,,,,,,,N,4,0,1,2,A,-,08,22107,,N,D,C,A,A,H,-,A,D,0,,,,,Y,,A,01,0,0,1,0,0,0,0,0,0,"- ","- ",36.123420715332031,-119.48774719238281,TULARE,UNINCORPORATED,-119.48985290527344,36.123428344726562
91617412,2021,2021-11-05,9481,2021-11-03,1330,019149,,3,1,9,5400,0,3,5,,2,020,"ROAD 256","AVENUE 212",0.00,,Y,A,-,N,,,,,,,,,,N,3,0,1,1,A,-,08,22107,,N,E,I,A,A,H,-,A,D,0,,,,,Y,,A,07,0,1,0,0,0,0,0,0,0,"- ","- ",36.174480438232422,-119.00105285644531,TULARE,UNINCORPORATED,-119.00090026855469,36.174419403076172
91618427,2021,2021-11-08,9481,2021-10-23,1900,020238,,6,2,9,5400,0,2,4,,1,051,"WORTH DRIVE","ROAD 284",350.00,W,N,A,-,N,,,,,,,,,,N,2,0,2,3,C,-,18,,,N,G,B,E,A,H,-,D,D,0,Y,,,,Y,Y,-,"- ",1,0,1,0,2,0,0,0,0,"- ","- ",36.051181793212891,-118.94151306152344,TULARE,UNINCORPORATED,-118.9383544921875,36.052478790283203
91618433,2021,2021-11-08,9481,2021-10-30,0200,020784,,6,3,9,5400,0,3,5,,2,050,"CLEO AVENUE","RANDY STREET",196.00,E,N,A,-,N,,,,,,,,,,Y,3,0,1,1,A,-,01,23152,A,M,E,I,A,A,H,-,D,D,0,,,,,Y,Y,A,01,0,1,0,0,0,0,0,0,0,"- ","- ",36.056331634521484,-118.96650695800781,TULARE,UNINCORPORATED,-118.96662902832031,36.056198120117188
91618569,2021,2021-11-08,9481,2021-10-31,0405,019578,,7,3,4,5405,0,1,3,,1,037,"S/B STATE ROUTE 65 TO E/B STATE ROUTE 190","STATE ROUTE 190",180.00,S,N,E,-,Y,,,65,,,,R,,,Y,2,0,1,1,A,-,01,23152,A,N,E,8,A,A,H,-,C,D,0,,,,,Y,Y,A,01,1,0,0,0,0,0,0,0,0,"- ","- ",36.050800323486328,-119.03952026367188,TULARE,PORTERVILLE,-119.03952026367188,36.050800323486328
91618617,2021,2021-11-08,9480,2021-10-31,0300,021249,,7,3,9,5400,0,3,5,,2,004,"ROAD 158","AVENUE 296",2482.00,N,N,A,-,N,,,,,,,,,,Y,3,0,1,1,A,-,01,23152,A,N,E,I,A,A,H,-,D,D,0,,,,,Y,Y,A,01,0,1,0,0,0,0,0,0,0,"- ","- ",36.334018707275391,-119.21985626220703,TULARE,UNINCORPORATED,-119.2200927734375,36.333866119384766
91618956,2021,2021-11-08,9481,2021-11-04,1405,021687,,4,2,9,5400,0,3,5,,2,010,"ROAD 208","AVENUE 176",1056.00,S,N,B,-,N,,,,,,,,,,Y,4,0,1,1,A,-,08,22107,,N,F,A,A,A,H,-,A,D,0,,,,Y,Y,,F,26,0,0,1,0,0,0,0,0,0,"- ","- ",36.100879669189453,-119.10762786865234,TULARE,UNINCORPORATED,-119.10758209228516,36.106311798095703
91619308,2021,2022-03-14,9480,2021-10-15,0155,021175,,5,3,9,5400,0,1,3,,1,030,"STATE ROUTE 137 (AVENUE 228)","ROAD 68",0.00,,Y,A,-,Y,,,,,,,,,,Y,1,1,1,2,A,-,01,23152,F,N,D,C,A,A,H,-,D,A,0,,,,,Y,Y,A,07,1,0,0,0,0,0,0,0,0,"- ","- ",36.203510284423828,-119.42115020751953,TULARE,UNINCORPORATED,-119.42115020751953,36.203472137451172
91619981,2021,2021-11-09,9480,2021-11-05,2219,020060,,5,3,9,5400,0,3,5,,2,003,"PAIGE AVENUE","WEST STREET",900.00,E,N,A,-,N,,,,,,,,,,Y,2,0,2,2,A,-,01,23152,A,N,D,C,A,A,H,-,D,D,0,,,,Y,Y,Y,A,01,1,0,1,0,0,0,0,0,0,"- ","- ",36.182060241699219,-119.36263275146484,TULARE,UNINCORPORATED,-119.36309051513672,36.18194580078125
91623312,2021,2021-11-12,9480,2021-11-05,1335,016995,,5,1,9,5400,0,1,3,,1,065,"STATE ROUTE 65","STATE ROUTE 198",300.00,S,N,A,-,Y,,,,,,,,,,Y,4,0,5,4,A,-,03,22350,,N,C,C,A,A,H,-,A,D,0,,,,,Y,,D,22,0,0,5,0,0,0,0,0,0,"- ","- ",,,TULARE,UNINCORPORATED,-119.13493347167969,36.325305938720703
91624188,2021,2021-11-15,9481,2021-10-26,1835,020238,,2,2,9,5400,0,3,5,,2,050,"SOUTH LEGGETT STREET","EAST DATE AVENUE",86.00,S,N,A,-,N,,,,,,,,,,Y,4,0,1,3,A,-,01,23152,A,M,D,C,A,A,H,-,C,A,0,,,,,Y,Y,D,22,0,0,1,0,0,0,0,0,0,"- ","- ",36.058380126953125,-118.99952697753906,TULARE,UNINCORPORATED,-118.99958801269531,36.058212280273438
91624956,2021,2021-11-15,9480,2021-11-07,0125,018421,,7,3,9,5400,0,1,3,,1,021,SR-63,"AVENUE 444",1180.00,N,N,A,-,Y,,,63,,,,,,,Y,3,0,1,1,A,-,01,23152,A,N,E,I,A,A,H,-,D,A,0,,,,,Y,Y,A,01,0,1,0,0,0,0,0,0,0,"- ","- ",36.598430633544922,-119.28695678710938,TULARE,UNINCORPORATED,-119.28680419921875,36.598236083984375
91625803,2021,2021-11-16,9480,2021-11-09,0625,016723,,2,1,9,5400,0,1,3,,2,093,"STATE ROUTE 99","DRIVE 92B OVERPASS",3900.00,N,N,C,-,Y,,,99,,,,,,,Y,3,0,1,1,A,-,08,22107,,N,E,I,A,B,H,-,B,D,0,,,,,Y,,D,22,0,1,0,0,0,0,0,0,0,"- ","- ",36.276470184326172,-119.37091827392578,TULARE,UNINCORPORATED,-119.37098693847656,36.276424407958984