CASE_ID,ACCIDENT_YEAR,PROC_DATE,JURIS,COLLISION_DATE,COLLISION_TIME,OFFICER_ID,REPORTING_DISTRICT,DAY_OF_WEEK,CHP_SHIFT,POPULATION,CNTY_CITY_LOC,SPECIAL_COND,BEAT_TYPE,CHP_BEAT_TYPE,CITY_DIVISION_LAPD,CHP_BEAT_CLASS,BEAT_NUMBER,PRIMARY_RD,SECONDARY_RD,DISTANCE,DIRECTION,INTERSECTION,WEATHER_1,WEATHER_2,STATE_HWY_IND,CALTRANS_COUNTY,CALTRANS_DISTRICT,STATE_ROUTE,ROUTE_SUFFIX,POSTMILE_PREFIX,POSTMILE,LOCATION_TYPE,RAMP_INTERSECTION,SIDE_OF_HWY,TOW_AWAY,COLLISION_SEVERITY,NUMBER_KILLED,NUMBER_INJURED,PARTY_COUNT,PRIMARY_COLL_FACTOR,PCF_CODE_OF_VIOL,PCF_VIOL_CATEGORY,PCF_VIOLATION,PCF_VIOL_SUBSECTION,HIT_AND_RUN,TYPE_OF_COLLISION,MVIW,PED_ACTION,ROAD_SURFACE,ROAD_COND_1,ROAD_COND_2,LIGHTING,CONTROL_DEVICE,CHP_ROAD_TYPE,PEDESTRIAN_ACCIDENT,BICYCLE_ACCIDENT,MOTORCYCLE_ACCIDENT,TRUCK_ACCIDENT,NOT_PRIVATE_PROPERTY,ALCOHOL_INVOLVED,STWD_VEHTYPE_AT_FAULT,CHP_VEHTYPE_AT_FAULT,COUNT_SEVERE_INJ,COUNT_VISIBLE_INJ,COUNT_COMPLAINT_PAIN,COUNT_PED_KILLED,COUNT_PED_INJURED,COUNT_BICYCLIST_KILLED,COUNT_BICYCLIST_INJURED,COUNT_MC_KILLED,COUNT_MC_INJURED,PRIMARY_RAMP,SECONDARY_RAMP,LATITUDE,LONGITUDE,COUNTY,CITY,POINT_X,POINT_Y
91626089,2021,2022-03-11,9480,2021-11-10,0705,016046,,3,1,9,5400,0,3,5,,2,004,"ROAD 172","AVENUE 360",1200.00,N,N,E,-,N,,,,,,,,,,Y,2,0,2,2,A,-,09,21801,A,N,A,C,A,A,H,-,A,D,0,,,,,Y,,A,07,1,1,0,0,0,0,0,0,0,"- ","- ",36.446479797363281,-119.18859100341797,TULARE,UNINCORPORATED,,
91626890,2021,2021-11-17,9481,2021-11-09,0950,015218,,2,1,9,5400,0,2,4,,1,021,"ORANGEBELT DRIVE","AVENUE 216",0.00,,Y,B,-,N,,,,,,,,,,Y,4,0,1,2,A,-,09,21802,A,N,D,C,A,B,H,-,A,A,0,,,,,Y,,A,07,0,0,1,0,0,0,0,0,0,"- ","- ",36.181770324707031,-119.08064270019531,TULARE,UNINCORPORATED,-119.06369781494141,36.181827545166016
91627110,2021,2021-11-17,9481,2021-11-09,1630,021227,,2,2,9,5400,0,3,5,,2,030,"CRYSTAL STREET","POPLAR AVENUE",528.00,S,N,A,-,N,,,,,,,,,,N,4,0,1,2,A,-,17,21712,B,N,G,B,E,A,H,-,A,D,0,Y,,,,Y,,N,60,0,0,1,0,1,0,0,0,0,"- ","- ",36.048458099365234,-119.04531097412109,TULARE,UNINCORPORATED,-119.04527282714844,36.049793243408203
91628180,2021,2021-11-18,9480,2021-11-03,0208,020890,,3,3,9,5400,0,1,3,,1,051,"STATE ROUTE 43","AVENUE 120",1056.00,S,N,A,-,Y,,,43,,,,,,,Y,2,0,3,2,A,-,03,22350,,N,D,2,A,A,H,-,D,D,0,,,,Y,Y,,A,01,1,1,1,0,0,0,0,0,0,"- ","- ",36.005050659179688,-119.48832702636719,TULARE,UNINCORPORATED,-119.48830413818359,36.005069732666016
91628239,2021,2021-11-18,9480,2021-11-12,1305,016615,,5,1,9,5400,0,1,3,,2,091,"SB SR-99","AVE 284",950.00,S,N,A,-,Y,,,99,,,,,,,Y,4,0,1,2,A,-,07,21658,A,N,B,C,A,A,H,-,A,D,0,,,,Y,Y,,-,"- ",0,0,1,0,0,0,0,0,0,"- ","- ",36.490608215332031,-119.51963043212891,TULARE,UNINCORPORATED,-119.51966094970703,36.490554809570312
91628615,2021,2021-11-18,9480,2021-11-13,0645,016615,,6,1,9,5400,0,3,5,,2,001,"AVENUE 384","ROAD 56",0.00,,Y,E,-,N,,,,,,,,,,Y,4,0,1,2,A,-,03,22350,,N,C,C,A,A,H,-,B,D,0,,,,,Y,,A,07,0,0,1,0,0,0,0,0,0,"- ","- ",36.488430023193359,-119.44879913330078,TULARE,UNINCORPORATED,-119.44880676269531,36.488437652587891
91630647,2021,2021-11-19,9481,2021-10-30,1605,021227,,6,2,4,5405,0,3,5,,2,050,"HOT SPRINGS ROAD","FIRE CONTROL ROAD",12672.00,E,N,A,-,N,,,,,,,,,,Y,3,0,1,1,A,-,01,23152,A,N,E,I,A,A,H,-,A,D,0,,,,,Y,Y,D,22,0,1,0,0,0,0,0,0,0,"- ","- ",35.856609344482422,-118.76094055175781,TULARE,PORTERVILLE,-122.78414916992188,39.123508453369141
91630709,2021,2021-11-19,9480,2021-11-13,0530,018202,,6,3,9,5400,0,1,3,,1,040,SR-216,"RD. 158",580.00,E,N,E,-,Y,,,216,,,,,,,Y,3,0,1,1,A,-,01,23152,A,N,E,I,A,A,H,-,B,D,0,,,,,Y,Y,A,01,0,1,0,0,0,0,0,0,0,"- ","- ",36.349361419677734,-119.21753692626953,TULARE,UNINCORPORATED,-119.21762084960938,36.349525451660156
91630779,2021,2021-11-19,9480,2021-10-16,2128,019828,,6,2,9,5400,0,3,5,,2,004,SR-216,"RD. 160",528.00,E,N,A,-,Y,,,216,,,,,,,Y,3,0,3,2,A,-,01,23152,A,F,C,2,A,A,H,-,D,D,0,,,,,Y,Y,A,01,0,1,2,0,0,0,0,0,0,"- ","- ",36.385028839111328,-119.21285247802734,TULARE,UNINCORPORATED,-119.21285247802734,36.384986877441406
91631760,2021,2021-11-22,9481,2021-11-14,0610,017894,,7,1,9,5400,0,2,4,,1,011,"AVENUE 192","ROAD 180",726.00,E,N,E,-,N,,,,,,,,,,Y,4,0,2,2,A,-,03,22350,,N,C,C,A,B,H,-,D,D,0,,,,,Y,,A,07,0,0,2,0,0,0,0,0,0,"- ","- ",36.139350891113281,-119.16741943359375,TULARE,UNINCORPORATED,-119.16743469238281,36.138301849365234
91632536,2021,2021-11-22,9480,2021-09-09,2025,019349,,4,2,4,5406,0,1,3,,2,093,"STATE ROUTE 99 NORTHBOUND","STATE ROUTE 137 (TULARE AVENUE)",347.00,S,N,B,-,Y,,,99,,,,,,N,Y,1,2,0,2,A,-,08,22107,,N,D,C,A,A,H,-,C,D,0,,,,Y,Y,Y,A,01,0,0,0,0,0,0,0,0,0,"- ","- ",36.209541320800781,-119.32836151123047,TULARE,TULARE,-119.32840728759766,36.209537506103516
91632866,2021,2021-11-23,9481,2021-11-16,0545,021183,,2,3,9,5400,0,3,5,,2,030,"RICHGROVE DRIVE","ROAD 229",700.00,N,N,A,-,N,,,,,,,,,,Y,3,0,2,2,A,-,03,22350,,N,C,C,A,B,H,-,B,D,0,,,,,Y,,A,01,0,2,0,0,0,0,0,0,0,"- ","- ",35.855079650878906,-119.06006622314453,TULARE,UNINCORPORATED,-119.05960845947266,35.855770111083984
91633053,2021,2021-11-23,9481,2021-11-19,0840,015290,,5,1,9,5400,0,3,5,,2,030,"ROAD 152","AVENUE 120",2640.00,S,N,E,-,N,,,,,,,,,,Y,4,0,1,2,A,-,03,22350,,N,D,C,A,A,H,-,A,D,0,,,,Y,Y,,A,01,0,0,1,0,0,0,0,0,0,"- ","- ",35.999549865722656,-119.23258972167969,TULARE,UNINCORPORATED,-119.23268890380859,36.000484466552734
91633128,2021,2021-11-23,9480,2021-11-14,0725,018202,,7,1,9,5400,0,3,5,,2,006,"AVE. 256","RD. 184",1056.00,E,N,E,-,N,,,,,,,,,,Y,3,0,3,2,A,-,06,21751,,N,A,C,A,B,H,-,A,D,0,,,,,Y,,A,07,0,2,1,0,0,0,0,0,0,"- ","- ",,,TULARE,UNINCORPORATED,-119.15962982177734,36.253795623779297
91636415,2021,2021-11-29,9481,2021-11-19,1800,021227,,5,2,9,5400,0,1,3,,1,012,"S/B SR-65","AVENUE 208",0.00,,Y,A,-,Y,,,65,,,,,,,Y,4,0,2,2,A,-,09,21802,A,N,D,C,A,A,H,-,C,A,0,,,,,Y,,A,01,0,0,2,0,0,0,0,0,0,"- ","- ",36.167278289794922,-119.08322906494141,TULARE,UNINCORPORATED,-119.08324432373047,36.167270660400391
91636472,2021,2021-11-29,9480,2021-11-13,0525,019427,,6,3,9,5400,0,3,5,,2,003,"ROAD 28","AVENUE 184",1056.00,S,N,E,-,N,,,,,,,,,,Y,2,0,4,2,A,-,08,22107,,N,A,C,A,B,H,-,D,D,0,,,,,Y,,A,01,1,3,0,0,0,0,0,0,0,"- ","- ",36.121341705322266,-119.50965118408203,TULARE,UNINCORPORATED,-119.50955200195312,36.120540618896484
91636902,2021,2021-11-29,9480,2021-11-21,0019,018521,,7,3,9,5400,0,1,3,,1,064,"SR-198 W/B",SR-99,2112.00,E,N,E,-,Y,,,198,,,,,,W,Y,2,0,2,1,A,-,01,23152,A,N,F,A,A,B,H,-,D,D,0,,,,,Y,Y,A,07,1,1,0,0,0,0,0,0,0,"- ","- ",36.327499389648438,-119.40293884277344,TULARE,UNINCORPORATED,-119.40293121337891,36.327537536621094
91638027,2021,2021-11-30,9480,2021-11-29,0750,016723,,1,1,9,5400,0,3,5,,2,004,"HEATHER AVENUE","ROAD 160",0.00,,Y,A,-,N,,,,,,,,,,Y,3,0,1,2,A,-,09,21802,A,N,D,C,A,A,H,-,A,A,0,,,,,Y,,A,01,0,1,0,0,0,0,0,0,0,"- ","- ",36.391029357910156,-119.21563720703125,TULARE,UNINCORPORATED,-119.21566009521484,36.391040802001953
91638181,2021,2021-11-30,9480,2021-11-24,1525,021249,,3,2,9,5400,0,1,3,,2,095,"SR-99 S/B","AVENUE 24",1056.00,S,N,A,-,Y,,,99,,,,,,S,N,4,0,1,2,A,-,03,22350,,N,C,C,A,A,H,-,A,D,0,,,,,Y,,A,07,0,0,1,0,0,0,0,0,0,"- ","- ",35.830059051513672,-119.25961303710938,TULARE,UNINCORPORATED,-119.25967407226562,35.830043792724609
91638351,2021,2021-11-30,9480,2021-11-26,1749,021249,,5,2,9,5400,0,1,3,,1,051,"STATE ROUTE 43","AVENUE 56",0.00,,Y,A,-,Y,,,43,,,,,,,Y,3,0,2,2,A,-,12,22450,A,N,D,C,A,A,H,-,D,A,0,,,,,Y,,A,01,0,1,1,0,0,0,0,0,0,"- ","- ",35.891040802001953,-119.405029296875,TULARE,UNINCORPORATED,-119.40507507324219,35.891002655029297
91639849,2021,2021-12-01,9480,2021-05-13,2055,016995,,4,2,9,5400,0,3,5,,2,002,"AVENUE 416","ROAD 130",600.00,E,N,A,-,N,,,,,,,,,,Y,3,0,2,3,A,-,08,22107,,F,B,C,A,A,H,-,C,D,0,,,Y,,Y,,O,05,0,1,1,0,0,0,0,0,0,"- ","- ",36.544670104980469,-119.28000640869141,TULARE,UNINCORPORATED,,
91640104,2021,2021-12-01,9480,2021-11-28,1745,021249,,7,2,9,5400,0,1,3,,2,095,"STATE ROUTE 99 N/B","AVENUE 24",2640.00,S,N,A,-,Y,,,99,,,,,,N,Y,4,0,5,5,A,-,03,22350,,N,C,C,A,A,H,-,D,D,0,,,,,Y,,A,01,0,0,5,0,0,0,0,0,0,"- ","- ",35.821388244628906,-119.25852966308594,TULARE,UNINCORPORATED,-119.25846099853516,35.821392059326172
91640679,2021,2021-12-02,9480,2021-11-18,2215,016145,,4,3,9,5400,0,3,5,,2,006,"ROAD 108","AVENUE 272",520.00,S,N,A,-,N,,,,,,,,,,Y,3,0,2,1,A,-,01,23152,A,N,F,A,A,A,H,-,D,D,0,,,,,Y,Y,A,01,0,2,0,0,0,0,0,0,0,"- ","- ",36.282478332519531,-119.33110809326172,TULARE,UNINCORPORATED,-119.33145904541016,36.282302856445312
91641334,2021,2021-12-02,9480,2021-11-26,1323,021044,,5,1,9,5400,0,1,3,,2,093,"SR-99 S/B","PROSPERITY AVE",1584.00,N,N,A,-,Y,,,,,,,,,,N,4,0,1,2,A,-,03,22350,,N,C,C,A,A,H,-,A,D,0,,,,,Y,,A,01,0,0,1,0,0,0,0,0,0,"- ","- ",36.225978851318359,-119.33519744873047,TULARE,UNINCORPORATED,-119.33684539794922,36.228084564208984
91641348,2021,2021-12-02,9480,2021-11-30,0810,017108,,2,1,4,5406,0,1,3,,2,093,"STATE ROUTE 99 SOUTHBOUND","CARTMILL AVENUE",1584.00,S,N,A,-,Y,,,,,,,,,,Y,4,0,3,2,A,-,08,22107,,N,B,C,A,A,H,-,A,D,0,,,,Y,Y,,A,01,0,0,3,0,0,0,0,0,0,"- ","- ",36.236301422119141,-119.24291229248047,TULARE,TULARE,-119.34294128417969,36.236385345458984
91643622,2021,2021-12-06,9480,2021-11-21,0300,020612,,7,3,9,5400,0,3,5,,2,006,"ROAD 224","AVENUE 250",0.00,,Y,E,-,N,,,,,,,,,,Y,3,0,1,1,A,-,01,23152,A,N,E,J,A,B,H,-,D,D,0,,,,,Y,Y,A,01,0,1,0,0,0,0,0,0,0,"- ","- ",36.242778778076172,-119.07357025146484,TULARE,UNINCORPORATED,-119.07358551025391,36.242568969726562
91643702,2021,2021-12-06,9480,2021-11-30,0500,017452,,2,3,9,5400,0,3,5,,2,001,"AVENUE 416","ROAD 52",0.00,,Y,A,-,N,,,,,,,,,,N,3,0,3,2,A,-,12,21453,A,N,B,C,A,A,H,-,C,A,0,,,,,Y,,D,22,0,1,2,0,0,0,0,0,0,"- ","- ",36.546581268310547,-119.4576416015625,TULARE,UNINCORPORATED,,
91644302,2021,2021-12-06,9481,2021-12-03,1540,019422,,5,2,9,5400,0,2,4,,1,021,"AVENUE 196","ORANGE BELT DRIVE",40.00,W,N,A,-,N,,,,,,,,,,N,4,0,1,2,A,-,03,22350,,N,C,C,A,A,H,-,A,A,0,,,,,Y,,A,01,0,0,1,0,0,0,0,0,0,"- ","- ",36.148479461669922,-119.06147003173828,TULARE,UNINCORPORATED,-119.06108093261719,36.145603179931641
91644915,2021,2021-12-07,9480,2021-11-24,0312,018861,,3,3,9,5400,0,3,5,,2,003,"AVENUE 232","ROAD 60",580.00,E,N,E,-,N,,,,,,,,,,N,4,0,1,1,A,-,08,22107,,N,E,J,A,A,H,-,D,D,0,,,,,Y,,A,01,0,0,1,0,0,0,0,0,0,"- ","- ",36.210311889648438,-119.43708038330078,TULARE,UNINCORPORATED,-119.43710327148438,36.210365295410156
91644928,2021,2021-12-07,9481,2021-11-24,1440,021687,,3,2,9,5400,0,3,5,,2,030,"AVENUE 8","ROAD 160",0.00,,Y,A,-,N,,,,,,,,,,Y,3,0,2,2,A,-,12,22450,A,N,D,C,A,A,H,-,A,A,0,,,,,Y,,A,07,0,1,1,0,0,0,0,0,0,"- ","- ",35.804981231689453,-119.21459197998047,TULARE,UNINCORPORATED,-119.21463012695312,35.804996490478516
91645006,2021,2021-12-07,9480,2021-11-25,0426,020890,,4,3,9,5400,0,1,3,,1,021,"STATE ROUTE 63","AVENUE 326",528.00,S,N,A,-,Y,,,63,,,,,,,Y,3,0,1,1,A,-,08,22107,,N,F,A,A,A,H,-,D,D,0,,,,,Y,,A,01,0,1,0,0,0,0,0,0,0,"- ","- ",36.37982177734375,-119.29685974121094,TULARE,UNINCORPORATED,-119.296875,36.37982177734375
91645446,2021,2021-12-07,9480,2021-11-04,0903,016240,,4,1,9,5400,0,1,3,,2,091,"STATE ROUTE 99 SOUTHBOUND","AVENUE 308 PEDESTRIAN OVERCROSSING",4224.00,S,N,A,-,Y,,,99,,,,,,S,Y,1,1,4,3,A,-,08,22107,,N,E,I,A,A,H,-,A,D,0,,,,,Y,,A,07,3,1,0,0,0,0,0,0,0,"- ","- ",36.338790893554688,-119.41757965087891,TULARE,UNINCORPORATED,-119.41757965087891,36.338790893554688
91646687,2021,2021-12-08,9480,2021-11-13,1155,016615,,6,1,9,5400,0,1,3,,2,091,"SR-99 SB","AVE 328",13675.00,N,N,A,-,Y,,,99,,,,,,S,Y,3,0,1,1,A,-,08,22107,,N,F,I,A,A,H,-,A,D,0,,,,Y,Y,,F,25,0,1,0,0,0,0,0,0,0,"- ","- ",36.416938781738281,-119.46501922607422,TULARE,UNINCORPORATED,-119.4649658203125,36.416976928710938
91647747,2021,2021-12-09,9480,2021-11-25,1757,017291,,4,2,9,5400,0,1,3,,2,091,"STATE ROUTE 99 (SOUTHBOUND)","MERRITT DR",10032.00,S,N,A,-,Y,,,99,,,,,,,Y,4,0,1,2,A,-,03,22350,,N,C,C,A,A,H,-,D,A,0,,,,,Y,Y,A,01,0,0,1,0,0,0,0,0,0,"- ","- ",36.428791046142578,-119.4727783203125,TULARE,UNINCORPORATED,-119.47275543212891,36.428806304931641
91647892,2021,2021-12-09,9480,2021-11-26,1440,021044,,5,2,9,5400,0,1,3,,2,093,"SR-99 N/B","SOUTH K STREET",6.00,N,N,A,-,Y,,,,,,,,,,Y,3,0,1,1,A,-,08,22107,,N,E,8,A,A,H,-,A,D,0,,,,,Y,,A,01,0,1,0,0,0,0,0,0,0,"- ","- ",36.152950286865234,-119.33070373535156,TULARE,UNINCORPORATED,-119.33289337158203,36.156105041503906
91648012,2021,2022-03-14,9480,2021-11-17,2235,017452,,3,3,9,5400,0,3,5,,2,001,"ROAD 80","AVENUE 384",126.00,S,N,A,-,N,,,,,,,,,,Y,1,1,0,2,A,-,03,22350,,N,C,C,A,A,H,-,C,A,0,,,,Y,Y,,A,01,0,0,0,0,0,0,0,0,0,"- ","- ",36.487499237060547,-119.39469909667969,TULARE,UNINCORPORATED,-119.39488983154297,36.487575531005859
91648015,2021,2021-12-09,9480,2021-12-03,0230,021159,,5,3,9,5400,0,1,3,,2,095,"SR 99 N/B","AVE 137",3168.00,S,N,A,-,Y,,,,,,,,,,Y,2,0,1,2,A,-,03,22350,,N,C,C,A,A,H,-,D,D,0,,,,Y,Y,,A,01,1,0,0,0,0,0,0,0,0,"- ","- ",36.202541351318359,-119.32843780517578,TULARE,UNINCORPORATED,,
91648023,2021,2021-12-09,9480,2021-12-03,1410,017108,,5,2,9,5400,0,1,3,,1,065,"STATE ROUTE 65","GLAZE AVENUE",147.00,S,N,A,-,Y,,,65,,,,,,,Y,4,0,1,2,A,-,03,22350,,N,C,C,A,A,H,-,A,D,0,,,,,Y,,A,07,0,0,1,0,0,0,0,0,0,"- ","- ",36.282138824462891,-119.13616180419922,TULARE,UNINCORPORATED,-119.13618469238281,36.282138824462891
91648101,2021,2021-12-09,9480,2021-12-04,2015,021351,,6,2,9,5400,0,3,5,,2,003,"AVENUE 232","ROAD 68",0.00,,Y,E,-,N,,,,,,,,,,Y,3,0,2,2,A,-,09,21802,A,N,D,C,A,A,H,-,C,A,0,,,,,Y,,D,22,0,2,0,0,0,0,0,0,0,"- ","- ",36.210651397705078,-119.42115783691406,TULARE,UNINCORPORATED,-119.42110443115234,36.2108154296875
91648116,2021,2021-12-09,9480,2021-12-05,0210,020998,,7,3,9,5400,0,1,3,,1,021,SR-63,"RIVERWAY DR",430.00,N,N,E,-,N,,,63,,,,,,,Y,3,0,1,1,A,-,08,22107,,N,E,I,A,A,H,-,D,D,0,,,,,Y,,A,01,0,1,0,0,0,0,0,0,0,"- ","- ",36.364879608154297,-119.29707336425781,TULARE,UNINCORPORATED,-119.29701232910156,36.364879608154297
91649008,2021,2021-12-10,9480,2021-11-22,0718,016240,,1,1,9,5400,0,3,5,,2,002,"ROAD 120","AVENUE 384",0.00,,Y,E,-,N,,,,,,,,,,Y,3,0,1,1,A,-,12,22450,A,N,E,I,A,B,H,-,A,A,0,,,,,Y,,A,01,0,1,0,0,0,0,0,0,0,"- ","- ",36.486869812011719,-119.30429840087891,TULARE,UNINCORPORATED,-119.304443359375,36.486927032470703
91650038,2021,2021-12-14,9480,2021-11-26,1930,020273,,5,2,9,5400,0,3,5,,2,006,"ROAD 140 NORTH OF AVENUE 260","AVENUE 260",1000.00,N,N,A,-,N,,,,,,,,,,Y,2,0,1,1,A,-,08,22107,,N,E,I,A,A,H,-,D,D,0,,,,,Y,,A,07,1,0,0,0,0,0,0,0,0,"- ","- ",36.2677001953125,-119.26065063476562,TULARE,UNINCORPORATED,-119.26071166992188,36.266033172607422
91650311,2021,2021-12-13,9480,2021-10-29,0740,019186,,5,1,9,5400,0,3,5,,2,001,"ROAD 64","AVENUE 430",0.00,,Y,A,-,N,,,,,,,,,,N,4,0,1,2,A,-,05,21752,D,N,B,C,A,A,H,-,A,D,0,,,,,Y,,D,22,0,0,1,0,0,0,0,0,0,"- ","- ",36.571620941162109,-119.43064880371094,TULARE,UNINCORPORATED,-119.43063354492188,36.571609497070312
91650627,2021,2021-12-13,9480,2021-11-30,1538,019543,,2,2,9,5400,0,3,5,,2,002,"AVENUE 416","ROAD 112",7.00,E,N,A,-,N,,,,,,,,,,Y,2,0,1,2,A,-,09,21804,A,N,D,C,A,A,H,-,A,D,0,,,Y,,Y,,A,01,1,0,0,0,0,0,0,0,1,"- ","- ",36.545188903808594,-119.32206726074219,TULARE,UNINCORPORATED,,
91651524,2021,2021-12-14,9480,2021-12-07,1730,019349,,2,2,9,5400,0,3,5,,2,004,"ROAD 132","AVENUE 336",3643.00,N,N,A,-,N,,,,,,,,,,Y,3,0,1,2,A,-,08,22107,,M,B,C,A,A,H,-,D,D,0,,,,,Y,,-,99,0,1,0,0,0,0,0,0,0,"- ","- ",36.408779144287109,-119.27828216552734,TULARE,UNINCORPORATED,-119.27817535400391,36.409637451171875
91651681,2021,2021-12-14,9481,2021-12-06,1750,020901,,1,2,9,5400,0,2,4,,1,031,"OLIVE AVENUE","NEWCOMB STREET",0.00,,Y,A,-,N,,,,,,,,,,N,4,0,1,2,A,-,10,21950,A,N,G,B,B,A,H,-,C,A,0,Y,,,,Y,,A,07,0,0,1,0,1,0,0,0,0,"- ","- ",36.065769195556641,-119.05290985107422,TULARE,UNINCORPORATED,-119.05299377441406,36.065845489501953
91651847,2021,2021-12-14,9481,2021-12-08,1655,019149,,3,2,9,5400,0,2,4,,2,013,"AVENUE 196","ROAD 248",2640.00,W,N,A,-,N,,,,,,,,,,N,3,0,1,2,A,-,06,21750,A,N,B,C,A,A,H,-,D,D,0,,,,,Y,,A,01,0,1,0,0,0,0,0,0,0,"- ","- ",36.145538330078125,-119.02014923095703,TULARE,UNINCORPORATED,-119.0269775390625,36.145660400390625
91652154,2021,2021-12-14,9480,2021-12-09,1100,016046,,4,1,5,5407,0,1,3,,1,064,"STATE ROUTE 198 (WESTBOUND)","MOONEY BLVD.",1584.00,E,N,B,C,Y,,,198,,,,,,,Y,4,0,1,3,A,-,03,22350,,N,C,C,A,B,H,-,A,D,0,,,,,Y,,D,22,0,0,1,0,0,0,0,0,0,"- ","- ",36.327068328857422,-119.30845642089844,TULARE,VISALIA,-119.30846405029297,36.326969146728516
91652175,2021,2021-12-14,9480,2021-12-09,1357,019048,,4,1,9,5400,0,1,3,,1,044,SR-198,"AVENUE 324",0.00,,Y,A,-,Y,,,198,,,,,,,Y,4,0,1,2,A,-,09,21802,A,N,D,C,A,A,H,-,A,A,0,,,,,Y,,A,01,0,0,1,0,0,0,0,0,0,"- ","- ",36.375530242919922,-119.02687835693359,TULARE,UNINCORPORATED,-119.02691650390625,36.375545501708984
91652981,2021,2021-12-15,9481,2021-12-09,1545,019149,,4,2,9,5400,0,3,5,,2,020,"BALCH PARK ROAD","STATE ROUTE190",5280.00,N,N,A,-,N,,,,,,,,,,Y,3,0,1,1,A,-,08,22107,,N,E,I,A,B,H,-,A,D,0,,,,,Y,,D,22,0,1,0,0,0,0,0,0,0,"- ","- ",36.144859313964844,-118.80496215820312,TULARE,UNINCORPORATED,,
91654246,2021,2021-12-16,9481,2021-12-14,0735,015290,,2,1,9,5400,0,1,3,,1,037,"STATE ROUTE 65","AVENUE 80",7920.00,S,N,B,C,Y,,,65,,,,,,,Y,4,0,1,1,A,-,03,22350,,N,E,I,A,B,H,-,A,D,0,,,,,Y,,A,01,0,0,1,0,0,0,0,0,0,"- ","- ",35.917060852050781,-119.05367279052734,TULARE,UNINCORPORATED,-119.05359649658203,35.917060852050781
91654345,2021,2021-12-16,9480,2021-12-03,2315,018861,,5,3,9,5400,0,3,5,,2,001,"STATE ROUTE 201 (AVENUE 400)","ROAD 16",1471.00,E,N,A,-,Y,,,201,,,,,,,N,4,0,1,2,A,-,06,21751,,N,E,I,A,A,H,-,D,D,0,,,,,Y,,D,22,0,0,1,0,0,0,0,0,0,"- ","- ",36.517780303955078,-119.53379058837891,TULARE,UNINCORPORATED,-119.53379058837891,36.517871856689453
91655290,2021,2021-12-17,9480,2021-12-07,1605,017291,,2,2,9,5400,0,1,3,,1,010,"STATE ROUTE 201 (AVENUE 400)","ROAD 40",528.00,W,N,A,-,Y,,,201,,,,,,,Y,4,0,1,2,A,-,09,21801,A,N,A,C,A,A,H,-,A,D,0,,,,,Y,,A,01,0,0,1,0,0,0,0,0,0,"- ","- ",36.517658233642578,-119.48680877685547,TULARE,UNINCORPORATED,-119.48680877685547,36.517627716064453
91656000,2021,2021-12-20,9481,2021-12-09,1735,019422,,4,2,9,5400,0,3,5,,2,050,"SPRINGVILLE AVENUE","BENNETT ST.",160.00,E,N,B,-,N,,,,,,,,,,Y,4,0,1,3,A,-,01,23152,A,N,C,C,A,A,H,-,C,D,0,,,,,Y,Y,D,22,0,0,1,0,0,0,0,0,0,"- ","- ",36.055068969726562,-118.96787261962891,TULARE,UNINCORPORATED,-118.96768188476562,36.055061340332031
91656292,2021,2021-12-20,9481,2021-12-14,1110,020238,,2,1,9,5400,0,2,4,,1,021,"ORANGE BELT DRIVE","STRATHMORE AVENUE",0.00,,Y,C,-,N,,,,,,,,,,Y,4,0,2,2,A,-,09,21802,A,N,D,C,A,B,H,-,A,A,0,,,,,Y,,A,01,0,0,2,0,0,0,0,0,0,"- ","- ",36.150199890136719,-119.06298828125,TULARE,UNINCORPORATED,-119.06369781494141,36.181827545166016
91656402,2021,2021-12-20,9481,2021-12-17,1340,018830,,5,1,9,5400,0,2,4,,1,021,"ORANGE BELT DRIVE","AVENUE 208",1500.00,S,N,B,-,N,,,,,,,,,,Y,4,0,1,1,A,-,08,22107,,N,E,I,A,B,H,-,A,D,0,,,,,Y,,A,01,0,0,1,0,0,0,0,0,0,"- ","- ",36.163318634033203,-119.07057189941406,TULARE,UNINCORPORATED,-119.07079315185547,36.163532257080078
91657645,2021,2021-12-21,9480,2021-12-07,0605,019427,,2,1,9,5400,0,3,5,,2,005,"AVENUE 56","ROAD 88",6864.00,E,N,A,-,N,,,,,,,,,,Y,2,0,1,1,A,-,08,22107,,N,E,I,A,A,H,-,D,D,0,,,,,Y,,A,07,1,0,0,0,0,0,0,0,0,"- ","- ",35.891761779785156,-119.35236358642578,TULARE,UNINCORPORATED,-119.35243988037109,35.891792297363281
91657723,2021,2021-12-21,9480,2021-12-09,1507,021044,,4,2,9,5400,0,1,3,,2,095,"SR-99 N/B","COUNTY LINE RD",300.00,N,N,A,-,Y,,,99,,,,,,N,N,4,0,1,2,A,-,07,21658,A,F,B,2,A,A,H,-,A,D,0,,,,,Y,,-,99,0,0,1,0,0,0,0,0,0,"- ","- ",35.792850494384766,-119.25237274169922,TULARE,UNINCORPORATED,-119.25243377685547,35.792800903320312