CASE_ID,ACCIDENT_YEAR,PROC_DATE,JURIS,COLLISION_DATE,COLLISION_TIME,OFFICER_ID,REPORTING_DISTRICT,DAY_OF_WEEK,CHP_SHIFT,POPULATION,CNTY_CITY_LOC,SPECIAL_COND,BEAT_TYPE,CHP_BEAT_TYPE,CITY_DIVISION_LAPD,CHP_BEAT_CLASS,BEAT_NUMBER,PRIMARY_RD,SECONDARY_RD,DISTANCE,DIRECTION,INTERSECTION,WEATHER_1,WEATHER_2,STATE_HWY_IND,CALTRANS_COUNTY,CALTRANS_DISTRICT,STATE_ROUTE,ROUTE_SUFFIX,POSTMILE_PREFIX,POSTMILE,LOCATION_TYPE,RAMP_INTERSECTION,SIDE_OF_HWY,TOW_AWAY,COLLISION_SEVERITY,NUMBER_KILLED,NUMBER_INJURED,PARTY_COUNT,PRIMARY_COLL_FACTOR,PCF_CODE_OF_VIOL,PCF_VIOL_CATEGORY,PCF_VIOLATION,PCF_VIOL_SUBSECTION,HIT_AND_RUN,TYPE_OF_COLLISION,MVIW,PED_ACTION,ROAD_SURFACE,ROAD_COND_1,ROAD_COND_2,LIGHTING,CONTROL_DEVICE,CHP_ROAD_TYPE,PEDESTRIAN_ACCIDENT,BICYCLE_ACCIDENT,MOTORCYCLE_ACCIDENT,TRUCK_ACCIDENT,NOT_PRIVATE_PROPERTY,ALCOHOL_INVOLVED,STWD_VEHTYPE_AT_FAULT,CHP_VEHTYPE_AT_FAULT,COUNT_SEVERE_INJ,COUNT_VISIBLE_INJ,COUNT_COMPLAINT_PAIN,COUNT_PED_KILLED,COUNT_PED_INJURED,COUNT_BICYCLIST_KILLED,COUNT_BICYCLIST_INJURED,COUNT_MC_KILLED,COUNT_MC_INJURED,PRIMARY_RAMP,SECONDARY_RAMP,LATITUDE,LONGITUDE,COUNTY,CITY,POINT_X,POINT_Y
91657915,2021,2021-12-21,9480,2021-12-12,1655,020837,,7,2,9,5400,0,1,3,,2,095,"STATE ROUTE 99 NORTHBOUND","AVENUE 120",7920.00,N,N,A,-,Y,,,99,,,,,,N,Y,4,0,1,2,A,-,03,22350,,N,C,C,A,A,H,-,D,D,0,,,,,Y,,A,01,0,0,1,0,0,0,0,0,0,"- ","- ",36.035919189453125,-119.30888366699219,TULARE,UNINCORPORATED,-119.30888366699219,36.035919189453125
91658619,2021,2021-12-22,9480,2021-12-14,0620,016240,,2,1,9,5400,0,1,3,,2,091,"SR-99 S/B","BETTY DRIVE",5280.00,N,N,C,-,Y,,,99,,,,,,S,Y,4,0,1,1,A,-,03,22350,,N,E,I,A,B,H,-,D,D,0,,,,,Y,,A,01,0,0,1,0,0,0,0,0,0,"- ","- ",36.365348815917969,-119.43103790283203,TULARE,UNINCORPORATED,-119.43095397949219,36.365402221679688
91658709,2021,2021-12-22,9480,2021-12-14,1147,013914,,2,1,9,5400,0,3,5,,2,002,"ROAD 88","AVENUE 396",50.00,N,N,B,C,N,,,,,,,,,,Y,3,0,1,2,A,-,08,22107,,N,B,C,A,B,H,-,A,D,0,,,,,Y,,D,22,0,1,0,0,0,0,0,0,0,"- ","- ",36.509540557861328,-119.37679290771484,TULARE,UNINCORPORATED,-119.37676239013672,36.509487152099609
91658877,2021,2021-12-22,9480,2021-12-12,2320,021159,,7,3,9,5400,0,1,3,,2,095,"STATE ROUTE 137 (ROAD 36)","AVENUE 224 (BARDSLEY AVENUE)",1056.00,N,N,A,-,Y,,,,,,,,,,Y,4,0,1,1,A,-,01,23152,A,N,E,I,A,A,H,-,D,D,0,,,,,Y,Y,A,01,0,0,1,0,0,0,0,0,0,"- ","- ",36.196208953857422,-119.49308013916016,TULARE,UNINCORPORATED,-119.19442749023438,36.210739135742188
91659117,2021,2021-12-22,9480,2021-12-14,2225,020060,,2,3,9,5400,0,3,5,,2,003,"AVENUE 280","ROAD 64",200.00,W,N,A,-,N,,,,,,,,,,Y,3,0,1,1,C,-,18,,,N,H,H,A,A,H,-,D,D,0,,,,,Y,,-,"- ",0,1,0,0,0,0,0,0,0,"- ","- ",36.2978515625,-119.43195343017578,TULARE,UNINCORPORATED,-119.43071746826172,36.297866821289062
91660004,2021,2021-12-23,9481,2021-12-17,1530,018830,,5,2,9,5400,0,1,3,,1,012,"SR-65 (SOUTHBOUND)","AVENUE 196",115.00,N,N,B,-,Y,,,65,,,,,,,N,4,0,1,2,A,-,03,22350,,N,C,C,A,A,H,-,A,A,0,,,,Y,Y,,G,27,0,0,1,0,0,0,0,0,0,"- ","- ",36.145858764648438,-119.07263946533203,TULARE,UNINCORPORATED,-119.07266235351562,36.145847320556641
91660309,2021,2021-12-23,9481,2021-12-22,1348,018595,,3,1,9,5400,0,1,3,,1,037,"STATE ROUTE 65","AVENUE 112",0.00,,Y,B,-,Y,,,65,,,,,,,Y,4,0,1,2,A,-,03,22350,,N,C,C,A,A,H,-,A,D,0,,,,,Y,,D,22,0,0,1,0,0,0,0,0,0,"- ","- ",35.993259429931641,-119.04608917236328,TULARE,UNINCORPORATED,-119.04608154296875,35.993255615234375
91661171,2021,2021-12-24,9480,2021-12-22,0148,021249,,3,3,9,5400,0,1,3,,1,051,"SR-43 (CENTRAL VALLEY HWY)","AVENUE 112",50.00,N,N,E,-,Y,,,43,,,,,,,Y,4,0,3,1,C,-,18,,,N,H,H,A,A,C,-,D,D,0,,,,,Y,,-,"- ",0,0,3,0,0,0,0,0,0,"- ","- ",35.992801666259766,-119.47931671142578,TULARE,UNINCORPORATED,-119.47930145263672,35.992813110351562
91662103,2021,2021-12-27,9480,2021-12-13,1715,019846,,1,2,9,5400,0,1,3,,2,093,"SR-99 S/B","AVENUE 184",4066.00,S,N,B,C,Y,,,99,,,,,,S,N,4,0,1,2,A,-,08,22107,,N,B,C,A,B,H,-,C,D,0,,,,,Y,,D,22,0,0,1,0,0,0,0,0,0,"- ","- ",36.112239837646484,-119.32389068603516,TULARE,UNINCORPORATED,-119.32391357421875,36.112236022949219
91662271,2021,2021-12-27,9480,2021-12-19,0110,018421,,7,3,5,5407,0,1,3,,1,064,"SR-198 W/B","PLAZA DR",210.00,E,N,A,-,Y,,,198,,,,,,W,Y,3,0,1,1,A,-,01,23152,A,N,E,I,A,A,H,-,D,D,0,,,,,Y,Y,A,01,0,1,0,0,0,0,0,0,0,"- ","- ",36.327430725097656,-119.38909149169922,TULARE,VISALIA,-119.38909912109375,36.327243804931641
91662382,2021,2021-12-27,9480,2021-12-19,2100,020837,,7,2,9,5400,0,3,5,,2,003,"STATE ROUTE 137","ROAD 36",40.00,W,N,E,-,N,,,137,,,,,,,Y,4,0,1,1,A,-,03,22350,,N,F,A,A,B,H,-,C,A,0,,,,,Y,,A,07,0,0,1,0,0,0,0,0,0,"- ","- ",36.150169372558594,-119.49329376220703,TULARE,UNINCORPORATED,-119.49332427978516,36.150344848632812
91662528,2021,2021-12-27,9481,2021-09-11,1315,021183,,6,1,9,5400,0,3,5,,2,050,"AVENUE 56","MOUNTAIN 109 (OLD STAGE ROAD)",1584.00,W,N,A,-,N,,,,,,,,,,Y,1,1,1,2,A,-,05,21460,A,N,A,C,A,A,H,-,A,D,0,,,Y,,Y,Y,C,02,0,1,0,0,0,0,0,1,0,"- ","- ",35.891521453857422,-118.92304229736328,TULARE,UNINCORPORATED,,
91663432,2021,2021-12-28,9481,2021-12-24,2355,019578,,5,3,4,5405,0,1,3,,1,012,"STATE ROUTE 65 S/B","OLIVE AVENUE",35.00,N,N,B,-,Y,,,65,,,,,,S,Y,4,0,1,1,A,-,08,22107,,N,E,I,A,B,H,-,D,D,0,,,,,Y,,A,01,0,0,1,0,0,0,0,0,0,"- ","- ",36.066169738769531,-119.03954315185547,TULARE,PORTERVILLE,-119.03947448730469,36.066169738769531
91665332,2021,2021-12-29,9480,2021-12-24,1545,021044,,5,2,9,5400,0,1,3,,2,095,"SR-99 S/B","AVENUE 56",5280.00,N,N,A,-,Y,,,99,,,,,,S,N,4,0,1,1,A,-,08,22107,,N,E,I,A,B,H,-,A,D,0,,,,,Y,,A,07,0,0,1,0,0,0,0,0,0,"- ","- ",35.907268524169922,-119.27958679199219,TULARE,UNINCORPORATED,-119.27951812744141,35.90728759765625
91666689,2021,2021-12-30,9481,2021-12-28,1755,019422,,2,2,9,5400,0,3,5,,2,020,"AVENUE 196","ROAD 228",205.00,E,N,B,-,N,,,,,,,,,,N,4,0,1,2,A,-,09,21804,A,F,E,G,A,A,H,-,A,D,0,,Y,,,Y,,-,99,0,0,1,0,0,0,1,0,0,"- ","- ",36.145519256591797,-119.06208038330078,TULARE,UNINCORPORATED,-119.06205749511719,36.145538330078125
91666735,2021,2021-12-30,9480,2021-12-22,1655,017108,,3,2,9,5400,0,3,5,,2,006,"AVENUE 280","SHIRK ROAD",1056.00,E,N,C,-,N,,,,,,,,,,Y,3,0,2,3,A,-,08,22107,,N,C,C,A,B,H,-,C,D,0,,,,,Y,,A,01,0,2,0,0,0,0,0,0,0,"- ","- ",36.298160552978516,-119.36312866210938,TULARE,UNINCORPORATED,-119.36379241943359,36.298248291015625
91667389,2021,2021-12-31,9480,2021-12-23,1000,016240,,4,1,9,5400,0,1,3,,2,091,"SR-99 N/B","BETTY DRIVE",115.00,N,N,C,-,Y,,,99,,,,,,N,Y,3,0,2,2,A,-,03,22350,,N,E,I,A,B,F,-,A,D,0,,,,Y,Y,,A,01,0,1,1,0,0,0,0,0,0,"- ","- ",36.352420806884766,-119.42739105224609,TULARE,UNINCORPORATED,-119.42754364013672,36.352367401123047
91667426,2021,2021-12-31,9480,2021-12-23,1132,013914,,4,1,9,5400,0,3,5,,2,001,"ROAD 80","STATE ROUTE 201",528.00,N,N,B,C,N,,,,,,,,,,Y,3,0,1,1,A,-,03,22350,,N,F,A,A,B,H,-,A,D,0,,,Y,,Y,,C,02,0,1,0,0,0,0,0,0,1,"- ","- ",36.518428802490234,-119.39479827880859,TULARE,UNINCORPORATED,-119.39487457275391,36.518310546875
91667485,2021,2021-12-31,9480,2021-12-23,1535,018484,,4,2,9,5400,0,1,3,,2,095,"SR-99 S/B","AVENUE 24",1000.00,S,N,C,-,Y,,,99,,,,,,S,Y,4,0,1,4,A,-,03,22350,,N,C,C,A,B,H,-,A,A,0,,,,Y,Y,,G,25,0,0,1,0,0,0,0,0,0,"- ","- ",35.831409454345703,-119.25998687744141,TULARE,UNINCORPORATED,-119.26000213623047,35.831409454345703
91667548,2021,2021-12-31,9480,2021-12-23,1835,021044,,4,2,9,5400,0,3,5,,2,005,"ROAD 144","AVENUE 16",5280.00,S,N,A,-,N,,,,,,,,,,N,3,0,2,1,A,-,08,22107,,N,E,I,A,B,H,-,D,D,0,,,,,Y,,A,01,0,2,0,0,0,0,0,0,0,"- ","- ",35.813911437988281,-119.25016784667969,TULARE,UNINCORPORATED,-119.25026702880859,35.804882049560547
91667593,2021,2021-12-31,9481,2021-12-22,2310,021234,,3,3,9,5400,0,3,5,,2,030,"RICHGROVE DRIVE","AVENUE 32",2376.00,N,N,B,-,N,,,,,,,,,,Y,2,0,1,1,A,-,08,22107,,N,F,A,A,B,H,-,D,D,0,,,,,Y,,A,01,1,0,0,0,0,0,0,0,0,"- ","- ",35.851970672607422,-119.06462860107422,TULARE,UNINCORPORATED,-119.06447601318359,35.852054595947266
91670214,2021,2022-01-04,9480,2021-12-21,1847,017291,,2,2,9,5400,0,3,5,,2,001,"MERRITT DRIVE","BURKE DR",0.00,,Y,A,-,N,,,,,,,,,,Y,4,0,2,2,A,-,01,23153,A,N,D,C,A,A,H,-,C,A,0,,,,,Y,Y,A,01,0,0,2,0,0,0,0,0,0,"- ","- ",36.453590393066406,-119.48786926269531,TULARE,UNINCORPORATED,-119.48751831054688,36.453636169433594
91670328,2021,2022-01-04,9480,2021-12-27,1605,017108,,1,2,9,5400,0,3,5,,2,006,"ROAD 140","AVENUE 248",137.00,N,N,B,-,N,,,,,,,,,,Y,3,0,1,2,A,-,03,22350,,N,C,C,A,A,H,-,A,A,0,,,,,Y,,D,22,0,1,0,0,0,0,0,0,0,"- ","- ",36.240779876708984,-119.26056671142578,TULARE,UNINCORPORATED,-119.26055145263672,36.240734100341797
91673331,2021,2022-03-14,9480,2021-10-03,2044,019647,,7,2,9,5400,0,3,5,,2,006,"AVENUE 264","ROAD 204 (SPRUCE ROAD)",50.00,E,N,A,-,N,,,,,,,,,,Y,1,1,0,1,A,-,01,23152,A,N,E,I,A,A,H,-,C,A,0,,,,,Y,,D,22,0,0,0,0,0,0,0,0,0,"- ","- ",36.267990112304688,-119.11788940429688,TULARE,UNINCORPORATED,-119.11808013916016,36.268337249755859
91673666,2021,2022-01-07,9480,2021-12-29,1235,016233,,3,1,9,5400,0,3,5,,2,006,"RD 124","AVE. 264",0.00,,Y,C,-,N,,,,,,,,,,Y,4,0,2,2,A,-,05,21752,D,N,B,C,A,B,H,-,A,D,0,,,,,Y,,A,01,0,0,2,0,0,0,0,0,0,"- ","- ",36.270309448242188,-119.29665374755859,TULARE,UNINCORPORATED,-119.296630859375,36.270278930664062
91673728,2021,2022-01-07,9480,2021-12-29,2235,021249,,3,3,9,5400,0,1,3,,1,064,"STATE ROUTE 137","ROAD 152",2112.00,E,N,B,-,Y,,,137,,,,,,,Y,4,0,1,1,A,-,01,23152,A,N,E,I,A,B,H,-,D,D,0,,,,,Y,Y,A,01,0,0,1,0,0,0,0,0,0,"- ","- ",36.210941314697266,-119.22628021240234,TULARE,UNINCORPORATED,-119.22628021240234,36.210865020751953
91673745,2021,2022-01-07,9480,2021-12-31,1904,019846,,5,2,9,5400,0,1,3,,1,021,SR-63,"AVENUE 392",0.00,,Y,A,-,Y,,,63,,,,,,,Y,4,0,1,2,A,-,03,22350,,N,C,C,A,A,H,-,D,A,0,,,,,Y,,A,01,0,0,1,0,0,0,0,0,0,"- ","- ",36.501258850097656,-119.28665924072266,TULARE,UNINCORPORATED,-119.28665924072266,36.501258850097656
91676528,2021,2022-01-12,9481,2021-12-30,1510,021183,,4,2,9,5400,0,3,5,,2,050,"ROAD 252","E. TEAPOT DOME AVENUE (AVENUE 128)",0.00,,Y,A,-,N,,,,,,,,,,Y,3,0,2,2,A,-,12,22450,A,F,D,C,A,A,H,-,A,A,0,,,,,Y,Y,A,01,0,2,0,0,0,0,0,0,0,"- ","- ",36.022251129150391,-119.00869750976562,TULARE,UNINCORPORATED,-119.00863647460938,36.022239685058594
91676566,2021,2022-01-12,9481,2021-12-30,1803,018029,,4,2,9,5400,0,3,5,,2,030,"ROAD 232","AVENUE 96",1056.00,N,N,B,-,N,,,,,,,,,,N,2,0,1,2,A,-,11,21956,A,N,G,B,E,A,C,-,D,D,0,Y,,,,Y,,N,60,1,0,0,0,1,0,0,0,0,"- ","- ",35.967521667480469,-119.05381011962891,TULARE,UNINCORPORATED,-119.05454254150391,35.964916229248047
91678708,2021,2022-01-14,9480,2021-12-11,1458,019543,,6,2,9,5400,0,3,5,,2,004,"AVENUE 300","AVENUE 224",400.00,W,N,A,-,N,,,,,,,,,,Y,1,1,3,1,A,-,03,22350,,N,F,A,A,B,F,-,A,A,0,,,,,Y,,A,07,0,0,3,0,0,0,0,0,0,"- ","- ",36.332561492919922,-119.07360076904297,TULARE,UNINCORPORATED,,
91678710,2021,2022-01-14,9480,2021-12-16,0330,021249,,4,3,9,5400,0,3,5,,2,005,"ROAD 112","AVENUE 160",1056.00,S,N,B,-,N,,,,,,,,,,Y,1,1,1,2,A,-,03,22350,,N,C,C,A,A,H,-,D,D,0,,,,Y,Y,,A,01,0,0,1,0,0,0,0,0,0,"- ","- ",36.077728271484375,-119.31813049316406,TULARE,UNINCORPORATED,-119.32192993164062,36.07733154296875
91679789,2021,2022-01-18,9481,2021-11-01,1640,018029,,1,2,9,5400,0,3,5,,2,030,"SUGARLOAF DRIVE","ROAD M-3",1584.00,E,N,B,-,N,,,,,,,,,,Y,1,1,0,1,A,-,08,22107,,N,E,I,A,A,H,-,A,D,0,,,,Y,Y,,G,26,0,0,0,0,0,0,0,0,0,"- ","- ",35.807449340820312,-118.66316986083984,TULARE,UNINCORPORATED,,
91683106,2021,2022-01-24,9481,2021-12-31,2255,021234,,5,3,9,5400,0,2,4,,2,052,"MOUNTAIN 137 (RESERVATION ROAD)","SUCCESS VALLEY DRIVE",3168.00,E,N,A,-,N,,,,,,,,,,N,4,0,2,2,A,-,01,23152,A,F,B,C,A,A,H,-,D,D,0,,,,,Y,Y,D,22,0,0,2,0,0,0,0,0,0,"- ","- ",36.028289794921875,-118.84867858886719,TULARE,UNINCORPORATED,,
91688532,2021,2022-01-28,9481,2021-12-26,0737,020238,,7,1,9,5400,0,1,3,,1,037,"STATE ROUTE 65","AVENUE 16",154.00,S,N,A,-,Y,,,65,,,,,,,Y,1,1,0,2,A,-,08,22107,,N,B,C,A,A,H,-,A,D,0,,,,Y,Y,,A,01,0,0,0,0,0,0,0,0,0,"- ","- ",35.822990417480469,-119.05355072021484,TULARE,UNINCORPORATED,-119.05360412597656,35.822990417480469
91719437,2021,2023-07-20,9481,2021-11-12,1705,019422,,5,2,9,5400,0,3,5,,2,010,"ROAD 152","AVENUE 208",0.00,,Y,A,-,N,,,,,,,,,,Y,1,1,1,2,A,-,09,21801,A,N,A,C,A,A,H,-,C,D,0,,,,,Y,,A,01,0,1,0,0,0,0,0,0,0,"- ","- ",36.1673583984375,-119.23287200927734,TULARE,UNINCORPORATED,-119.23287200927734,36.167346954345703
91727804,2021,2022-04-21,9481,2021-12-08,0056,021227,,3,3,9,5400,0,3,5,,2,020,"ROAD 276","AVENUE 196",296.00,S,N,A,-,N,,,,,,,,,,Y,1,1,0,1,A,-,08,22107,,N,E,I,A,A,H,-,D,D,0,,,,,Y,,A,01,0,0,0,0,0,0,0,0,0,"- ","- ",36.144779205322266,-118.95871734619141,TULARE,UNINCORPORATED,-118.957763671875,36.144485473632812
91739047,2021,2022-04-01,9480,2021-11-02,0923,016240,,2,1,9,5400,0,3,5,,2,001,"ROAD 64","AVENUE 304",0.00,,Y,A,-,N,,,,,,,,,,Y,1,1,1,2,A,-,09,21802,A,N,D,C,A,A,H,-,A,A,0,,,,,Y,,A,01,0,1,0,0,0,0,0,0,0,"- ","- ",36.341670989990234,-119.43102264404297,TULARE,UNINCORPORATED,-119.43039703369141,36.341701507568359
9206316,2021,2021-03-17,5407,2021-01-06,1834,C51,480,3,5,5,5407,0,0,0,,0,R12,"S DEMAREE ST","W COPPOLA AV",78.00,S,N,A,-,N,,,,,,,,,,Y,4,0,3,2,A,-,01,23152,A,N,C,C,A,A,H,-,C,A,0,,,,,Y,Y,A,01,0,0,3,0,0,0,0,0,0,"- ","- ",36.308738708496094,-119.33162689208984,TULARE,VISALIA,-119.33162689208984,36.308536529541016
9211602,2021,2021-02-18,5405,2021-01-22,0751,273,"SEC 1",5,5,4,5405,0,0,0,,0,001,"RT 65","LINDA VISTA AV",0.00,,Y,A,-,Y,TUL,6,65,-,-,21.830,I,-,S,Y,1,1,1,2,A,-,09,21802,A,N,D,C,A,A,H,-,A,A,0,,,,,Y,,A,01,0,1,0,0,0,0,0,0,0,"- ","- ",36.10430908203125,-119.04306030273438,TULARE,PORTERVILLE,-119.04315185546875,36.104278564453125
9214051,2021,2021-03-17,5405,2021-01-25,1855,276,,1,5,4,5405,0,0,0,,0,"SCTR 1","INDIANA ST","HENDERSON AV",0.00,,Y,C,-,N,,,,,,,,,,Y,4,0,1,2,A,-,09,21802,A,F,D,C,A,B,D,-,C,A,0,,,,,Y,Y,D,22,0,0,1,0,0,0,0,0,0,"- ","- ",36.080501556396484,-119.03495788574219,TULARE,PORTERVILLE,-119.03494262695312,36.080513000488281
9215915,2021,2021-03-16,5405,2021-01-01,1723,259,SEC3,5,5,4,5405,0,0,0,,0,,"PLANO ST","LOCUST AV",0.00,,Y,A,-,N,,,,,,,,,,Y,4,0,2,2,A,-,03,22350,,N,C,C,A,A,H,-,C,D,0,,,,Y,Y,,F,26,0,0,2,0,0,0,0,0,0,"- ","- ",36.059780120849609,-119.00775146484375,TULARE,PORTERVILLE,-119.00775146484375,36.059741973876953
9216562,2021,2021-03-17,5405,2021-01-08,0944,CSO3,,5,5,4,5405,0,0,0,,0,,"NEWCOMB ST","TOMAH AV",264.00,S,N,B,-,N,,,,,,,,,,Y,3,0,2,2,A,-,08,22103,,N,B,C,A,A,H,-,A,A,0,,,,,Y,,A,01,0,1,1,0,0,0,0,0,0,"- ","- ",,,TULARE,PORTERVILLE,-119.052978515625,36.06695556640625
9223622,2021,2021-03-24,5407,2021-01-27,1305,C51,480,3,5,5,5407,0,0,0,,0,026,"S BURKE ST","E MINERAL KING AV",0.00,,Y,A,-,N,,,,,,,,,,Y,3,0,2,2,A,-,12,21453,A,N,D,C,A,B,H,-,A,A,0,,,,,Y,,A,01,0,2,0,0,0,0,0,0,0,"- ","- ",36.327411651611328,-119.28324890136719,TULARE,VISALIA,-119.28322601318359,36.327411651611328
9223623,2021,2021-03-24,5407,2021-01-26,1100,C51,480,2,5,5,5407,0,0,0,,0,R12,"S DEMAREE ST","W COPPOLA AV",0.00,,Y,A,-,N,,,,,,,,,,Y,4,0,1,2,A,-,03,22350,,N,C,C,A,A,H,-,A,D,0,,,,,Y,,A,01,0,0,1,0,0,0,0,0,0,"- ","- ",36.308738708496094,-119.33162689208984,TULARE,VISALIA,-119.33162689208984,36.308753967285156
9223624,2021,2021-03-24,5407,2021-01-21,1428,C51,480,4,5,5,5407,0,0,0,,0,R12,"W NOBLE AV","S COUNTY CENTER DR",0.00,,Y,A,-,N,,,,,,,,,,Y,4,0,1,2,A,-,12,21453,A,N,D,C,A,A,H,-,A,A,0,,,,,Y,,A,07,0,0,1,0,0,0,0,0,0,"- ","- ",36.326839447021484,-119.32572174072266,TULARE,VISALIA,-119.32575225830078,36.326824188232422
9223627,2021,2021-03-24,5407,2021-01-16,1927,A327,480,6,5,5,5407,0,0,0,,0,025,"N DEMAREE ST","W FERGUSON AV",8.00,S,N,A,-,N,,,,,,,,,,Y,4,0,2,2,A,-,01,23152,A,N,C,C,A,A,H,-,C,A,0,,,,,Y,Y,A,01,0,0,2,0,0,0,0,0,0,"- ","- ",36.349140167236328,-119.33194732666016,TULARE,VISALIA,-119.33197784423828,36.349056243896484
9223628,2021,2021-03-24,5407,2021-01-20,2105,A266,480,3,5,5,5407,0,0,0,,0,342,"S LOVERS LN","WALNUT AV",150.00,S,N,A,-,N,,,,,,,,,,Y,3,0,1,2,A,-,03,22350,,N,A,C,A,A,H,-,C,D,0,,,,,Y,,A,01,0,1,0,0,0,0,0,0,0,"- ","- ",,,TULARE,VISALIA,-119.26051330566406,36.312297821044922
9223630,2021,2021-03-30,5407,2021-01-18,1848,C55,480,1,5,5,5407,0,0,0,,0,R12,"MOONEY BL","CALDWELL AV",0.00,,Y,A,-,Y,TUL,6,63,-,-,6.010,I,5,S,N,4,0,1,2,-,-,"- ",,,N,G,B,B,A,H,-,C,A,0,Y,,,,Y,Y,N,60,0,0,1,0,1,0,0,0,0,"- ","- ",36.298469543457031,-119.31366729736328,TULARE,VISALIA,-119.31380462646484,36.298484802246094
9224641,2021,2021-03-10,5405,2021-01-26,1739,246,SEC1,2,5,4,5405,0,0,0,,0,001,"NORTH GRAND AV","PROSPECT ST",0.00,,Y,B,-,N,,,,,,,,,,Y,3,0,1,2,A,-,03,22350,,N,C,C,A,A,H,-,C,A,0,,,,,Y,,A,07,0,1,0,0,0,0,0,0,0,"- ","- ",36.098300933837891,-119.04443359375,TULARE,PORTERVILLE,-119.04441833496094,36.098297119140625
9224642,2021,2021-03-10,5405,2021-01-26,1341,259,SEC4,2,5,4,5405,0,0,0,,0,,"OLIVE AV","LOTAS ST",28.00,W,N,A,-,N,,,,,,,,,,Y,4,0,1,2,A,-,07,21658,A,F,B,C,A,A,H,-,A,A,0,,,,,Y,,A,01,0,0,1,0,0,0,0,0,0,"- ","- ",36.066120147705078,-119.04949951171875,TULARE,PORTERVILLE,-119.05160522460938,36.06585693359375
9224643,2021,2021-03-09,5405,2021-01-23,1348,229,,6,5,4,5405,0,0,0,,0,SEC4,"JAYE ST","UNION AV",204.00,W,N,A,-,N,,,,,,,,,,Y,4,0,1,1,A,-,08,22107,,N,E,I,A,A,H,-,A,D,0,,,,,Y,,A,01,0,0,1,0,0,0,0,0,0,"- ","- ",36.061378479003906,-119.02616882324219,TULARE,PORTERVILLE,-119.02622985839844,36.060459136962891
9224644,2021,2021-03-10,5405,2021-01-22,1608,265,SEC1,5,5,4,5405,0,0,0,,0,001,"NORTH MAIN ST","E REID AV",0.00,,Y,B,C,N,,,,,,,,,,Y,4,0,1,2,A,-,03,22350,,N,C,C,A,B,H,-,A,A,0,,,,,Y,,A,01,0,0,1,0,0,0,0,0,0,"- ","- ",36.098220825195312,-119.03514862060547,TULARE,PORTERVILLE,-119.03382110595703,36.096370697021484
9227054,2021,2021-03-23,5405,2021-02-25,0730,229,,4,5,4,5405,0,0,0,,0,"SEC 3 ","ORANGE AV","MAIN ST",0.00,,Y,A,-,N,,,,,,,,,,Y,4,0,1,2,A,-,12,21453,A,N,D,C,A,A,H,-,A,A,0,,,,,Y,,A,01,0,0,1,0,0,0,0,0,0,"- ","- ",36.061199188232422,-119.01653289794922,TULARE,PORTERVILLE,-119.01654815673828,36.06121826171875
9228683,2021,2021-03-22,5406,2021-01-29,1309,74,5406,5,5,4,5406,0,0,0,,0,0AO,LASPINA,"PASEO DEL LAGO",0.00,,Y,A,-,N,,,,,,,,,,Y,4,0,1,2,A,-,09,21804,A,N,D,C,A,A,H,-,A,A,0,,,,,Y,,A,01,0,0,1,0,0,0,0,0,0,"- ","- ",,,TULARE,TULARE,-119.3218994140625,36.227809906005859
9228836,2021,2021-03-23,5405,2021-02-13,0857,259,,6,5,4,5405,0,0,0,,0,SEC4,"OLIVE AV","PORTER ST",0.00,W,N,A,-,N,,,,,,,,,,N,4,0,3,2,A,-,03,22350,,N,C,C,A,A,H,-,A,A,0,,,,,Y,,I,11,0,0,3,0,0,0,0,0,0,"- ","- ",36.065959930419922,-119.03933715820312,TULARE,PORTERVILLE,-119.03817749023438,36.066032409667969
9231775,2021,2021-04-23,5407,2021-03-18,0935,M203,480,4,5,5,5407,0,0,0,,0,,"W CALDWELL AV","COUNTY CENTER",0.00,,Y,A,-,N,,,,,,,,,,N,4,0,1,2,A,-,12,21453,A,N,D,C,A,A,H,-,A,A,0,,,,,Y,,D,22,0,0,1,0,0,0,0,0,0,"- ","- ",36.29840087890625,-119.32259368896484,TULARE,VISALIA,-119.32258605957031,36.298423767089844
9233582,2021,2021-04-29,5406,2021-02-24,1440,51,,3,5,4,5406,0,0,0,,0,0DT,PLEASANT,M,0.00,,Y,A,-,N,,,,,,,,,,Y,4,0,2,2,A,-,12,21453,A,N,D,C,A,A,H,-,A,A,0,,,,,Y,,D,22,0,0,2,0,0,0,0,0,0,"- ","- ",,,TULARE,TULARE,-119.34444427490234,36.218284606933594
9234699,2021,2021-03-29,5405,2021-02-17,1347,229,,3,5,4,5405,0,0,0,,0,SEC4,"ROBY AV","NEWCOMB ST",0.00,,Y,A,-,N,,,,,,,,,,N,4,0,1,2,A,-,09,21804,A,F,D,G,A,A,H,-,A,D,0,,Y,,,Y,,A,01,0,0,1,0,0,0,1,0,0,"- ","- ",36.062671661376953,-119.05300903320312,TULARE,PORTERVILLE,-119.05294036865234,36.062675476074219