CASE_ID,ACCIDENT_YEAR,PROC_DATE,JURIS,COLLISION_DATE,COLLISION_TIME,OFFICER_ID,REPORTING_DISTRICT,DAY_OF_WEEK,CHP_SHIFT,POPULATION,CNTY_CITY_LOC,SPECIAL_COND,BEAT_TYPE,CHP_BEAT_TYPE,CITY_DIVISION_LAPD,CHP_BEAT_CLASS,BEAT_NUMBER,PRIMARY_RD,SECONDARY_RD,DISTANCE,DIRECTION,INTERSECTION,WEATHER_1,WEATHER_2,STATE_HWY_IND,CALTRANS_COUNTY,CALTRANS_DISTRICT,STATE_ROUTE,ROUTE_SUFFIX,POSTMILE_PREFIX,POSTMILE,LOCATION_TYPE,RAMP_INTERSECTION,SIDE_OF_HWY,TOW_AWAY,COLLISION_SEVERITY,NUMBER_KILLED,NUMBER_INJURED,PARTY_COUNT,PRIMARY_COLL_FACTOR,PCF_CODE_OF_VIOL,PCF_VIOL_CATEGORY,PCF_VIOLATION,PCF_VIOL_SUBSECTION,HIT_AND_RUN,TYPE_OF_COLLISION,MVIW,PED_ACTION,ROAD_SURFACE,ROAD_COND_1,ROAD_COND_2,LIGHTING,CONTROL_DEVICE,CHP_ROAD_TYPE,PEDESTRIAN_ACCIDENT,BICYCLE_ACCIDENT,MOTORCYCLE_ACCIDENT,TRUCK_ACCIDENT,NOT_PRIVATE_PROPERTY,ALCOHOL_INVOLVED,STWD_VEHTYPE_AT_FAULT,CHP_VEHTYPE_AT_FAULT,COUNT_SEVERE_INJ,COUNT_VISIBLE_INJ,COUNT_COMPLAINT_PAIN,COUNT_PED_KILLED,COUNT_PED_INJURED,COUNT_BICYCLIST_KILLED,COUNT_BICYCLIST_INJURED,COUNT_MC_KILLED,COUNT_MC_INJURED,PRIMARY_RAMP,SECONDARY_RAMP,LATITUDE,LONGITUDE,COUNTY,CITY,POINT_X,POINT_Y
9234700,2021,2021-03-29,5405,2021-02-18,1416,229,,4,5,4,5405,0,0,0,,0,SEC1,"DEXTER AV","VILLA ST",189.00,W,N,A,-,N,,,,,,,,,,N,3,0,1,2,A,-,21,22106,,F,B,G,A,A,H,-,A,D,0,,Y,,,Y,,A,01,0,1,0,0,0,0,1,0,0,"- ","- ",36.079811096191406,-119.03047180175781,TULARE,PORTERVILLE,-119.03113555908203,36.079833984375
9235700,2021,2021-03-25,5406,2021-02-06,2151,52,5406,6,5,4,5406,0,0,0,,0,0AO,BARDSLEY,CARDOZA,0.00,,Y,A,-,N,,,,,,,,,,N,2,0,1,2,A,-,11,21954,A,N,A,B,D,A,H,-,C,D,0,Y,,,,Y,,N,60,1,0,0,0,1,0,0,0,0,"- ","- ",,,TULARE,TULARE,-119.32555389404297,36.196666717529297
9236592,2021,2021-05-05,5404,2021-03-03,1226,685,17,3,5,2,5404,0,0,0,,0,003,MIRAGE,LEWIS,0.00,,Y,A,-,N,,,,,,,,,,Y,3,0,3,2,A,-,09,21802,A,N,D,C,A,A,H,-,A,D,0,,,,,Y,,A,01,0,2,1,0,0,0,0,0,0,"- ","- ",,,TULARE,LINDSAY,-119.08750915527344,36.200618743896484
9237920,2021,2021-04-20,5405,2021-03-08,1204,221,"SEC 1",1,5,4,5405,0,0,0,,0,001,"HENDERSON AV","PROSPECT ST",227.00,E,N,A,-,N,,,,,,,,,,N,3,0,1,2,A,-,03,22350,,N,C,C,A,A,H,-,A,A,0,,,,,Y,,D,22,0,1,0,0,0,0,0,0,0,"- ","- ",,,TULARE,PORTERVILLE,-119.04320526123047,36.080410003662109
9239209,2021,2021-04-16,5407,2021-02-03,1147,M194,480,3,5,5,5407,0,0,0,,0,011,"N KELSEY ST","W HURLEY AV",550.00,N,N,A,-,N,,,,,,,,,,Y,4,0,1,2,A,-,09,21804,A,N,D,C,A,A,H,-,A,D,0,,,Y,Y,Y,,F,25,0,0,1,0,0,0,0,0,1,"- ","- ",36.334278106689453,-119.38558197021484,TULARE,VISALIA,-119.38562774658203,36.334308624267578
9239217,2021,2021-04-28,5407,2021-02-11,1425,M333,480,4,5,5,5407,0,0,0,,0,R12,"W CALDWELL AV","S SHADY ST",97.00,E,N,B,-,N,,,,,,,,,,Y,4,0,1,3,A,-,03,22350,,N,C,-,A,A,H,-,A,A,0,,,,,Y,,A,01,0,0,1,0,0,0,0,0,0,"- ","- ",,,TULARE,VISALIA,-119.31622314453125,36.298530578613281
9239221,2021,2021-04-28,5407,2021-02-09,1850,A285,480,2,5,5,5407,0,0,0,,0,M11,"N PLAZA DR","W CROWLEY",50.00,S,N,A,-,N,,,,,,,,,,Y,3,0,1,3,A,-,03,22350,,N,B,C,A,A,H,-,C,A,0,,,,Y,Y,,F,25,0,1,0,0,0,0,0,0,0,"- ","- ",,,TULARE,VISALIA,-119.39103698730469,36.330707550048828
9239233,2021,2021-04-28,5407,2021-02-27,1429,A277,480,6,5,5,5407,0,0,0,,0,033,"LOVERS LN","COLLEGE AV",0.00,,Y,A,-,N,,,,,,,,,,Y,4,0,2,3,A,-,09,21804,A,N,D,C,A,A,H,-,A,D,0,,,,,Y,,D,22,0,0,2,0,0,0,0,0,0,"- ","- ",,,TULARE,VISALIA,-119.26062774658203,36.323135375976562
9239265,2021,2021-05-04,5407,2021-03-01,0910,M226,480,1,5,5,5407,0,0,0,,0,012,"W WHITENDALE AV","S CHINOWTH ST",0.00,,Y,A,-,N,,,,,,,,,,Y,4,0,3,2,-,-,"- ",,A,N,D,C,A,A,H,-,A,A,0,,,,,Y,,D,22,0,0,3,0,0,0,0,0,0,"- ","- ",36.305530548095703,-119.3360595703125,TULARE,VISALIA,-119.33607482910156,36.305522918701172
9240402,2021,2022-02-16,5407,2021-03-06,1457,M333,480,6,5,5,5407,0,0,0,,0,Q34,"RT 63","AV 266",30.00,N,N,A,-,Y,TUL,6,63,-,-,4.270,H,-,S,Y,3,0,2,2,A,-,03,22350,,N,C,C,A,A,H,-,A,D,0,,,,,Y,,A,01,0,2,0,0,0,0,0,0,0,"- ","- ",,,TULARE,VISALIA,-119.31343078613281,36.273178100585938
9240465,2021,2021-04-20,5407,2021-02-10,1000,M333,480,3,5,5,5407,0,0,0,,0,R12,"RT 63","W SUNNYSIDE AV",304.00,N,N,A,-,Y,TUL,6,63,-,-,6.410,H,-,S,Y,3,0,2,4,A,-,03,22350,,N,C,C,A,A,H,-,A,A,0,,,,,Y,,A,07,0,2,0,0,0,0,0,0,0,"- ","- ",,,TULARE,VISALIA,-119.31385040283203,36.304283142089844
9241649,2021,2021-04-07,5405,2021-03-18,1843,259,SEC3,4,5,4,5405,0,0,0,,0,,"NORTH MAIN ST","N MAIN ST 141",0.00,,N,A,-,N,,,,,,,,,,Y,4,0,1,1,B,-,22,,,N,E,I,A,A,H,-,B,A,0,,,,,Y,,A,01,0,0,1,0,0,0,0,0,0,"- ","- ",36.067901611328125,-119.01644897460938,TULARE,PORTERVILLE,-119.03382110595703,36.096370697021484
9242495,2021,2021-04-12,5405,2021-03-16,0953,229,,2,5,4,5405,0,0,0,,0,"SAC 3","RT 190","PLANO ST",0.00,,Y,A,-,Y,TUL,6,190,-,-,16.967,I,5,W,Y,3,0,3,3,A,-,17,21461,A,N,D,C,A,A,D,-,A,A,0,,,,,Y,,D,22,0,2,1,0,0,0,0,0,0,"- ","- ",36.051109313964844,-119.00821685791016,TULARE,PORTERVILLE,-119.00818634033203,36.051158905029297
9249207,2021,2021-05-05,5404,2021-04-07,1830,679,21L,3,5,2,5404,0,0,0,,0,002,ALAMEDA,ORANGE,51.00,W,N,A,-,N,,,,,,,,,,N,3,0,1,2,A,-,"- ",,,N,-,C,A,A,H,-,A,-,0,,Y,,,Y,,L,04,0,1,0,0,0,0,1,0,0,"- ","- ",,,TULARE,LINDSAY,-119.08589172363281,36.212566375732422
9249215,2021,2021-04-29,5405,2021-04-07,1550,279,,3,5,4,5405,0,0,0,,0,SEC3,"PLANO ST","COLLEGE AV",210.00,N,N,A,-,N,,,,,,,,,,Y,2,0,2,3,A,-,03,22350,,N,C,C,A,A,H,-,A,A,0,,,,,Y,,D,22,1,0,1,0,0,0,0,0,0,"- ","- ",36.051570892333984,-119.04405975341797,TULARE,PORTERVILLE,-119.00827789306641,36.048965454101562
9249227,2021,2021-04-28,5405,2021-04-04,0945,259,SEC1,7,5,4,5405,0,0,0,,0,,"RT 65","NORTH GRAND AV",0.00,S,N,A,-,Y,TUL,6,65,-,-,21.350,H,-,N,Y,3,0,1,2,A,-,03,22350,,N,C,C,A,A,H,-,A,A,0,,,,,Y,,A,01,0,1,0,0,0,0,0,0,0,"- ","- ",36.098258972167969,-119.04012298583984,TULARE,PORTERVILLE,-119.03987884521484,36.097820281982422
9250359,2021,2021-04-30,5405,2021-04-09,1916,278,SEC3,5,5,4,5405,0,0,0,,0,,"OLIVE AV","E ST",0.00,,Y,A,-,N,,,,,,,,,,N,4,0,1,2,A,-,09,21801,A,N,D,C,A,A,H,-,B,A,0,,,,,Y,,A,01,0,0,1,0,0,0,0,0,0,"- ","- ",36.065219879150391,-119.01999664306641,TULARE,PORTERVILLE,-119.02000427246094,36.065151214599609
9250740,2021,2021-05-27,5405,2021-04-15,1333,280,SEC1,4,5,4,5405,0,0,0,,0,,"PORTER RD","HENDERSON AV",190.00,S,N,A,-,N,,,,,,,,,,N,3,0,1,2,A,-,08,22107,,N,D,G,A,A,H,-,A,D,0,,Y,,,Y,,L,04,0,1,0,0,0,0,1,0,0,"- ","- ",36.080028533935547,-119.03846740722656,TULARE,PORTERVILLE,-119.03816223144531,36.079936981201172
9251724,2021,2021-04-22,5407,2021-03-26,0942,M203,480,5,5,5,5407,0,0,0,,0,,CALDWELL,"BEN MADDOX",320.00,E,N,A,-,N,,,,,,,,,,Y,4,0,1,2,A,-,03,22350,,N,C,C,A,A,H,-,A,A,0,,,,,Y,,A,01,0,0,1,0,0,0,0,0,0,"- ","- ",36.298179626464844,-119.27838134765625,TULARE,VISALIA,-119.2774658203125,36.298183441162109
9251769,2021,2021-04-28,5407,2021-03-20,2234,A330,480,6,5,5,5407,0,0,0,,0,,"E WALNUT AV",GARDEN,103.00,W,N,A,-,N,,,,,,,,,,Y,4,0,1,3,A,-,01,23152,B,N,C,E,A,A,H,-,C,A,0,,,,,Y,Y,D,22,0,0,1,0,0,0,0,0,0,"- ","- ",36.312980651855469,-119.29057312011719,TULARE,VISALIA,-119.29001617431641,36.312870025634766
9252305,2021,2021-04-16,5407,2021-01-30,0856,C56,480,6,5,5,5407,0,0,0,,0,Q34,"S LOVERS LN","W CALDWELL AV",528.00,N,N,A,-,N,,,,,,,,,,Y,2,0,1,1,A,-,07,21658,A,N,B,I,A,A,H,-,A,D,0,,,,,Y,,A,01,1,0,0,0,0,0,0,0,0,"- ","- ",36.298290252685547,-119.26090240478516,TULARE,VISALIA,-119.26088714599609,36.299797058105469
9252333,2021,2021-04-19,5407,2021-02-12,0731,M194,480,5,5,5,5407,0,0,0,,0,033,WALNUT,COURT,250.00,W,N,A,-,N,,,,,,,,,,Y,3,0,1,2,A,-,07,21658,A,N,-,C,A,B,H,-,A,D,0,,,Y,,Y,,A,07,0,1,0,0,0,0,0,0,1,"- ","- ",36.312850952148438,-119.29200744628906,TULARE,VISALIA,-119.29200744628906,36.312858581542969
9252334,2021,2021-04-19,5407,2021-02-25,0740,C57,480,4,5,5,5407,0,0,0,,0,012,"COUNTY CENTER DR","W WHITENDALE AV",0.00,,Y,A,-,N,,,,,,,,,,Y,4,0,1,2,A,-,12,21453,A,N,D,C,A,A,H,-,A,A,0,,,,,Y,,A,07,0,0,1,0,0,0,0,0,0,"- ","- ",,,TULARE,VISALIA,-119.32267761230469,36.305622100830078
9252335,2021,2021-04-19,5407,2021-02-26,1644,C57,480,5,5,5,5407,0,0,0,,0,034,"W HARTER AV","S SEBASTIAN CT",0.00,,Y,A,-,N,,,,,,,,,,N,4,0,1,2,A,-,08,22107,,N,D,C,A,A,H,-,A,D,0,,,,,Y,,A,01,0,0,1,0,0,0,0,0,0,"- ","- ",,,TULARE,VISALIA,-119.29766082763672,36.311977386474609
9252336,2021,2021-04-19,5407,2021-02-26,1551,M194,480,5,5,5,5407,0,0,0,,0,026,CAIN,GOSHEN,0.00,,Y,A,-,N,,,,,,,,,,N,4,0,1,2,A,-,12,22450,A,N,D,C,A,A,H,-,A,A,0,,,,,Y,,A,01,0,0,1,0,0,0,0,0,0,"- ","- ",36.334629058837891,-119.27423858642578,TULARE,VISALIA,-119.27426910400391,36.334636688232422
9252338,2021,2021-04-20,5407,2021-02-26,1900,A266,480,5,5,5,5407,0,0,0,,0,011,"N PLAZA DR","HURLEY AV",60.00,N,N,A,-,N,,,,,,,,,,Y,4,0,1,2,A,-,03,22350,,N,C,C,A,A,H,-,C,A,0,,,,,Y,,A,01,0,0,1,0,0,0,0,0,0,"- ","- ",36.333580017089844,-119.39344787597656,TULARE,VISALIA,-119.39360046386719,36.333713531494141
9252339,2021,2021-04-20,5407,2021-02-21,0718,A277,480,7,5,5,5407,0,0,0,,0,026,"MC AULLIF ST","ACEQUIA AV",0.00,,Y,A,-,N,,,,,,,,,,Y,2,0,1,1,A,-,05,21650,,N,E,I,A,A,H,-,A,D,0,,,,,Y,,A,01,1,0,0,0,0,0,0,0,0,"- ","- ",,,TULARE,VISALIA,,
9252521,2021,2021-04-20,5407,2021-02-02,1517,M302,480,2,5,5,5407,0,0,0,,0,012,"W WALNUT AV","S ROEBEN ST",0.00,,Y,A,-,N,,,,,,,,,,N,3,0,1,2,A,-,12,22450,A,N,D,G,A,A,H,-,A,A,0,,Y,,,Y,,A,01,0,1,0,0,0,0,1,0,0,"- ","- ",,,TULARE,VISALIA,-119.35855865478516,36.312740325927734
9252538,2021,2021-04-20,5407,2021-02-19,0645,A85,480,5,5,5,5407,0,0,0,,0,012,"VICTOR AV",LINWOOD,99.00,E,N,A,-,N,,,,,,,,,,Y,4,0,1,2,A,-,05,21650,,N,A,E,A,A,H,-,A,D,0,,,,,Y,Y,A,01,0,0,1,0,0,0,0,0,0,"- ","- ",,,TULARE,VISALIA,-119.34018707275391,36.301193237304688
9252658,2021,2021-04-22,5406,2021-03-31,1814,25,,3,5,4,5406,0,0,0,,0,0ES,SUNSET,SIERRA,9.00,N,N,A,-,N,,,,,,,,,,Y,3,0,1,1,D,-,00,,,N,A,J,A,A,H,-,A,D,0,,,,,Y,,-,"- ",0,1,0,0,0,0,0,0,0,"- ","- ",,,TULARE,TULARE,-119.31156158447266,36.209373474121094
9253180,2021,2021-04-29,5407,2021-02-13,1138,C56,480,6,5,5,5407,0,0,0,,0,P33,"S COURT ST","E LAUREL AV",0.00,,Y,C,-,N,,,,,,,,,,Y,4,0,1,2,A,-,09,21802,A,N,D,C,A,B,H,-,A,A,0,,,,,Y,,A,01,0,0,1,0,0,0,0,0,0,"- ","- ",,,TULARE,VISALIA,-119.29222106933594,36.321235656738281
9253305,2021,2021-04-27,5405,2021-03-08,1403,234,,1,5,4,5405,0,0,0,,0,,"N PORTER RD","HENDERSON AV",26.00,N,N,A,-,N,,,,,,,,,,N,4,0,1,2,A,-,03,22350,,N,C,C,A,A,H,-,A,A,0,,,,,Y,,D,22,0,0,1,0,0,0,0,0,0,"- ","- ",36.080478668212891,-119.03775024414062,TULARE,PORTERVILLE,-119.03785705566406,36.080398559570312
9253316,2021,2021-04-27,5407,2021-03-06,1905,C56,480,6,5,5,5407,0,0,0,,0,O26,"E ACEQUIA AV","S BRIDGE ST",0.00,,Y,A,-,N,,,,,,,,,,Y,4,0,2,2,A,-,12,22450,A,N,D,C,A,A,H,-,C,A,0,,,,,Y,Y,-,,0,0,2,0,0,0,0,0,0,"- ","- ",36.329261779785156,-119.28896331787109,TULARE,VISALIA,-119.28896331787109,36.329254150390625
9253319,2021,2021-04-27,5407,2021-03-02,1957,A331,480,2,5,5,5407,0,0,0,,0,R12,"S DEMAREE ST","W PACKWOOD AV",405.00,S,N,A,-,N,,,,,,,,,,Y,4,0,1,1,A,-,08,22107,,N,E,I,A,A,H,-,C,D,0,,,,,Y,,A,01,0,0,1,0,0,0,0,0,0,"- ","- ",36.298370361328125,-119.31149291992188,TULARE,VISALIA,-119.33158874511719,36.293529510498047
9253332,2021,2021-04-26,5406,2021-03-13,2214,84,5406,6,5,4,5406,0,0,0,,0,0AO,O,ONEAL,50.00,N,N,A,-,N,,,,,,,,,,Y,3,0,1,2,A,-,03,22350,,F,G,B,E,A,H,-,C,D,0,Y,,,,Y,,A,01,0,1,0,0,1,0,0,0,0,"- ","- ",,,TULARE,TULARE,-119.33988952636719,36.194118499755859
9253333,2021,2021-04-29,5406,2021-03-05,1259,20,5406,5,5,4,5406,0,0,0,,0,0ES,M,OAKS,0.00,,Y,A,-,N,,,,,,,,,,Y,3,0,2,2,A,-,08,22107,,N,D,C,A,A,H,-,A,A,0,,,,,Y,,A,01,0,1,1,0,0,0,0,0,0,"- ","- ",,,TULARE,TULARE,-119.34898376464844,36.240318298339844
9253335,2021,2021-04-26,5406,2021-03-20,2115,27,,6,5,4,5406,0,0,0,,0,0WS,"CROMLEY ST","HOUGH AV",41.00,N,N,A,-,N,,,,,,,,,,N,3,0,1,2,A,-,03,22350,,N,B,C,A,B,H,-,C,D,0,,,,,Y,Y,-,,0,1,0,0,0,0,0,0,0,"- ","- ",,,TULARE,TULARE,-119.38082122802734,36.214954376220703
9254851,2021,2021-05-19,5405,2021-04-19,1600,229,5405,1,5,4,5405,0,0,0,,0,SEC1,"HENDERSON AV","PROSPECT ST",336.00,W,N,A,-,N,,,,,,,,,,N,4,0,1,2,A,-,09,21804,A,N,C,C,A,A,H,-,A,D,0,,,,,Y,,A,07,0,0,1,0,0,0,0,0,0,"- ","- ",36.080421447753906,-119.04393005371094,TULARE,PORTERVILLE,-119.04510498046875,36.080410003662109
9254863,2021,2021-05-03,5405,2021-04-20,1431,229,,2,5,4,5405,0,0,0,,0,SEC2,"BELLEVIEW AV","EL GRANITO ST",7.00,W,N,A,-,Y,,,,,,,,,,Y,2,0,2,3,A,-,01,23153,F,N,A,B,B,A,H,-,A,A,0,Y,,,,Y,,D,22,2,0,0,0,2,0,0,0,0,"- ","- ",36.074451446533203,-119.02108001708984,TULARE,PORTERVILLE,-119.02158355712891,36.074699401855469
9255391,2021,2021-05-19,5403,2021-04-06,1721,846,,2,5,2,5403,0,0,0,,0,12F,"FARMERSVILLE BL","EDISON POLE 4026409",122.00,S,N,A,-,N,,,,,,,,,,N,2,0,1,2,D,-,00,,,N,G,B,D,A,H,-,A,D,0,Y,,,,Y,,-,"- ",1,0,0,0,1,0,0,0,0,"- ","- ",,,TULARE,FARMERSVILLE,,
9255565,2021,2021-05-13,5405,2021-04-30,1601,243,,5,5,4,5405,0,0,0,,0,001,"MAIN ST","DANNER AV",52.00,S,N,A,-,N,,,,,,,,,,N,4,0,2,2,A,-,09,21804,A,N,D,C,A,A,H,-,A,D,0,,,,,Y,,A,01,0,0,2,0,0,0,0,0,0,"- ","- ",36.078380584716797,-119.01892852783203,TULARE,PORTERVILLE,-119.01851654052734,36.078556060791016
9255566,2021,2021-05-13,5405,2021-04-23,0823,274,,5,5,4,5405,0,0,0,,0,SEC1,"INDIANA ST","HENDERSON AV",208.00,S,N,A,-,N,,,,,,,,,,Y,2,0,1,1,A,-,08,22107,,M,E,I,A,A,H,-,A,D,0,,,,,Y,,-,,1,0,0,0,0,0,0,0,0,"- ","- ",,,TULARE,PORTERVILLE,-119.03495025634766,36.079940795898438
9255784,2021,2021-05-13,5406,2021-04-29,1156,136,5406,4,5,4,5406,0,0,0,,0,0AO,KING,L,38.00,W,N,A,-,N,,,,,,,,,,N,4,0,1,2,A,-,21,22106,,N,H,C,A,A,H,-,A,D,0,,,,,Y,,D,22,0,0,1,0,0,0,0,0,0,"- ","- ",,,TULARE,TULARE,-119.34349822998047,36.201770782470703
9255815,2021,2021-05-10,5407,2021-03-27,1439,C57,480,6,5,5,5407,0,0,0,,0,025,"N WILLIS ST","W ROOSEVELT",142.00,N,N,A,-,N,,,,,,,,,,N,2,0,1,2,A,-,11,21954,A,N,G,B,D,A,H,-,A,A,0,Y,,,,Y,,N,60,1,0,0,0,1,0,0,0,0,"- ","- ",36.340518951416016,-119.29754638671875,TULARE,VISALIA,-119.29763031005859,36.340549468994141
9256377,2021,2021-07-22,5405,2021-06-19,1518,243,,6,5,4,5405,0,0,0,,0,003,"MAIN ST","ORANGE AV",0.00,,Y,A,-,N,,,,,,,,,,Y,1,2,6,5,A,-,01,23152,A,N,D,C,A,A,H,-,A,A,0,,,,,Y,Y,A,01,3,2,1,0,0,0,0,0,0,"- ","- ",36.061199188232422,-119.01653289794922,TULARE,PORTERVILLE,-119.01654815673828,36.06121826171875
9257356,2021,2021-04-28,5407,2021-02-10,1503,M302,480,3,5,5,5407,0,0,0,,0,034,"S WEST ST","W CALDWELL AV",0.00,,Y,A,-,N,,,,,,,,,,Y,3,0,1,3,A,-,00,23153,E,N,D,C,A,A,H,-,A,A,0,,,,,Y,,A,01,0,1,0,0,0,0,0,0,0,"- ","- ",36.298191070556641,-119.29560089111328,TULARE,VISALIA,-119.29598999023438,36.298160552978516
9257357,2021,2021-04-28,5407,2021-02-27,2012,A327,480,6,5,5,5407,0,0,0,,0,025,"N LOCUST ST","PINE ST",0.00,,Y,A,-,N,,,,,,,,,,N,3,0,1,2,A,-,21,22106,,M,D,C,A,A,H,-,C,A,0,,,Y,,Y,,A,01,0,1,0,0,0,0,0,0,1,"- ","- ",36.336460113525391,-119.29351806640625,TULARE,VISALIA,-119.29351043701172,36.336555480957031
9257358,2021,2021-04-28,5407,2021-02-08,1911,A339,480,1,5,5,5407,0,0,0,,0,012,"S DEMAREE ST","MEADOW AV",25.00,S,N,A,-,N,,,,,,,,,,Y,3,0,2,2,A,-,03,22350,,N,C,C,A,A,H,-,C,A,0,,,,,Y,,A,01,0,1,1,0,0,0,0,0,0,"- ","- ",,,TULARE,VISALIA,-119.33174133300781,36.321811676025391
9257607,2021,2021-05-05,5407,2021-04-13,1712,A349,480,2,5,5,5407,0,0,0,,0,P33,"WEST NOBLE AV","S CONYER  ST",0.00,,Y,A,-,N,,,,,,,,,,Y,3,0,1,2,A,-,12,21453,A,N,D,C,A,A,H,-,A,A,0,,,,,Y,,A,01,0,1,0,0,0,0,0,0,0,"- ","- ",36.326461791992188,-119.30104064941406,TULARE,VISALIA,-119.30106353759766,36.326457977294922
9257619,2021,2021-05-05,5407,2021-04-08,1536,A333,480,4,5,5,5407,0,0,0,,0,P33,"S CONYER ST","W TULARE AV",555.00,N,N,A,-,N,,,,,,,,,,N,4,0,1,2,A,-,03,22350,,N,C,C,A,A,H,-,A,D,0,,,,,Y,,A,07,0,0,1,0,0,0,0,0,0,"- ","- ",,,TULARE,VISALIA,-119.30100250244141,36.321571350097656
9257627,2021,2021-05-05,5407,2021-04-06,0806,C51,480,2,5,5,5407,0,0,0,,0,O26,"E MINERAL KING AV","S BRIDGE ST",0.00,,Y,A,-,N,,,,,,,,,,Y,4,0,3,3,A,-,12,21453,A,N,D,C,A,A,H,-,A,A,0,,,,,Y,,A,01,0,0,3,0,0,0,0,0,0,"- ","- ",36.327449798583984,-119.28893280029297,TULARE,VISALIA,-119.28895568847656,36.327438354492188
9258654,2021,2021-05-25,5407,2021-04-14,1045,M333,480,3,5,5,5407,0,0,0,,0,N25,"W MAIN ST","N HALL ST",28.00,W,N,A,-,N,,,,,,,,,,Y,4,0,3,2,A,-,09,21801,A,N,D,C,A,A,H,-,A,D,0,,,,,Y,,A,01,0,0,3,0,0,0,0,0,0,"- ","- ",,,TULARE,VISALIA,-119.30887603759766,36.330059051513672
9258656,2021,2021-05-18,5407,2021-04-12,1129,C57,480,1,5,5,5407,0,0,0,,0,025,"W GOSHEN AVE","N DIVISIDERO ST",0.00,,Y,A,-,N,,,,,,,,,,N,3,0,1,2,A,-,12,21453,A,F,G,B,B,A,H,-,A,A,0,Y,,,,Y,,A,07,0,1,0,0,1,0,0,0,0,"- ","- ",36.335430145263672,-119.31259155273438,TULARE,VISALIA,-119.30980682373047,36.334812164306641
9258657,2021,2021-05-03,5407,2021-04-12,1100,M226,480,1,5,5,5407,0,0,0,,0,033,"W WALNUT AVE","S CENTRAL ST",0.00,,Y,A,-,N,,,,,,,,,,Y,4,0,1,3,A,-,09,21801,A,N,D,C,A,A,H,-,A,A,0,,,,,Y,,A,01,0,0,1,0,0,0,0,0,0,"- ","- ",36.312969207763672,-119.31205749511719,TULARE,VISALIA,-119.31211090087891,36.312957763671875
9258686,2021,2021-05-07,5407,2021-03-29,2248,A312,480,1,5,5,5407,0,0,0,,0,012,"S COUNTY CENTER ST","W MISSION CT",0.00,,Y,A,-,N,,,,,,,,,,Y,4,0,1,2,A,-,01,23152,A,N,D,C,A,A,H,-,C,D,0,,,,,Y,Y,A,01,0,0,1,0,0,0,0,0,0,"- ","- ",,,TULARE,VISALIA,-119.32260894775391,36.299232482910156
9258687,2021,2021-05-07,5407,2021-03-27,1301,C56,480,6,5,5,5407,0,0,0,,0,P33,"E NOBLE AV","S SANTA FE ST",0.00,,Y,A,-,N,,,,,,,,,,Y,4,0,1,2,A,-,12,21453,A,N,A,C,A,A,H,-,A,A,0,,,,,Y,,A,01,0,0,1,0,0,0,0,0,0,"- ","- ",36.326408386230469,-119.28778076171875,TULARE,VISALIA,-119.28778839111328,36.326404571533203
9258691,2021,2021-05-07,5407,2021-03-28,1314,C57,480,7,5,5,5407,0,0,0,,0,012,"W MINERAL KING AV","S CHINOWITH ST",0.00,,Y,A,-,N,,,,,,,,,,Y,3,0,1,3,A,-,12,21453,A,N,D,C,A,A,H,-,A,A,0,,,,,Y,,A,07,0,1,0,0,0,0,0,0,0,"- ","- ",36.32781982421875,-119.33624267578125,TULARE,VISALIA,-119.33625030517578,36.327850341796875
9258710,2021,2021-05-07,5407,2021-04-09,1854,A327,480,5,5,5,5407,0,0,0,,0,025,"W RIGGIN AV","N LEILA ST",0.00,,Y,A,-,N,,,,,,,,,,Y,3,0,3,2,A,-,09,21801,A,N,D,C,A,A,H,-,A,A,0,,,,,Y,,A,01,0,3,0,0,0,0,0,0,0,"- ","- ",36.356460571289062,-119.32865142822266,TULARE,VISALIA,-119.32867431640625,36.356544494628906
9258712,2021,2021-05-07,5407,2021-04-06,1904,A349,480,2,5,5,5407,0,0,0,,0,N25,"NORTH TURNER ST","WEST ALLEN AV",55.00,S,N,A,-,N,,,,,,,,,,N,3,0,1,1,A,-,04,21703,,N,H,A,A,A,H,-,A,D,0,,,Y,,Y,,C,02,0,1,0,0,0,0,0,0,1,"- ","- ",,,TULARE,VISALIA,-119.30328369140625,36.338069915771484
9258714,2021,2021-05-07,5407,2021-04-05,1623,A349,480,1,5,5,5407,0,0,0,,0,N25,"WEST MAIN ST","SOUTH ELM ST",0.00,,Y,A,-,N,,,,,,,,,,Y,3,0,2,2,A,-,09,21801,A,N,D,C,A,A,H,-,A,D,0,,,,,Y,,A,01,0,1,1,0,0,0,0,0,0,"- ","- ",36.329948425292969,-119.31279754638672,TULARE,VISALIA,-119.31278991699219,36.329959869384766
9258716,2021,2021-05-07,5407,2021-04-04,1942,A311,480,7,5,5,5407,0,0,0,,0,012,"W WALNUT AV","S SAN JOAQUIN DR",150.00,,N,A,-,N,,,,,,,,,,Y,3,0,2,3,A,-,00,20002,,N,G,B,F,A,H,-,A,A,0,Y,,,,Y,Y,A,01,0,2,0,0,2,0,0,0,0,"- ","- ",36.312789916992188,-119.34063720703125,TULARE,VISALIA,-119.34597778320312,36.312778472900391
9261309,2021,2021-05-11,5407,2021-04-01,1331,A333,480,4,5,5,5407,0,0,0,,0,R12,"RT 63","W NOBLE AV",0.00,,Y,A,-,Y,TUL,6,63,-,L,7.949,I,5,S,N,4,0,1,2,A,-,17,22109,,N,C,C,A,A,H,-,A,A,0,,,,,Y,,A,07,0,0,1,0,0,0,0,0,0,"- ","- ",,,TULARE,VISALIA,-119.31411743164062,36.326515197753906
9261313,2021,2021-05-11,5407,2021-04-02,1549,M333,480,5,5,5,5407,0,0,0,,0,N25,"RT 63","S CONYER ST",0.00,,Y,A,-,N,,,,,,,,,,Y,3,0,3,2,A,-,12,21453,A,N,D,C,A,A,H,-,A,A,0,,,,,Y,,A,01,0,1,2,0,0,0,0,0,0,"- ","- ",,,TULARE,VISALIA,,