CASE_ID,ACCIDENT_YEAR,PROC_DATE,JURIS,COLLISION_DATE,COLLISION_TIME,OFFICER_ID,REPORTING_DISTRICT,DAY_OF_WEEK,CHP_SHIFT,POPULATION,CNTY_CITY_LOC,SPECIAL_COND,BEAT_TYPE,CHP_BEAT_TYPE,CITY_DIVISION_LAPD,CHP_BEAT_CLASS,BEAT_NUMBER,PRIMARY_RD,SECONDARY_RD,DISTANCE,DIRECTION,INTERSECTION,WEATHER_1,WEATHER_2,STATE_HWY_IND,CALTRANS_COUNTY,CALTRANS_DISTRICT,STATE_ROUTE,ROUTE_SUFFIX,POSTMILE_PREFIX,POSTMILE,LOCATION_TYPE,RAMP_INTERSECTION,SIDE_OF_HWY,TOW_AWAY,COLLISION_SEVERITY,NUMBER_KILLED,NUMBER_INJURED,PARTY_COUNT,PRIMARY_COLL_FACTOR,PCF_CODE_OF_VIOL,PCF_VIOL_CATEGORY,PCF_VIOLATION,PCF_VIOL_SUBSECTION,HIT_AND_RUN,TYPE_OF_COLLISION,MVIW,PED_ACTION,ROAD_SURFACE,ROAD_COND_1,ROAD_COND_2,LIGHTING,CONTROL_DEVICE,CHP_ROAD_TYPE,PEDESTRIAN_ACCIDENT,BICYCLE_ACCIDENT,MOTORCYCLE_ACCIDENT,TRUCK_ACCIDENT,NOT_PRIVATE_PROPERTY,ALCOHOL_INVOLVED,STWD_VEHTYPE_AT_FAULT,CHP_VEHTYPE_AT_FAULT,COUNT_SEVERE_INJ,COUNT_VISIBLE_INJ,COUNT_COMPLAINT_PAIN,COUNT_PED_KILLED,COUNT_PED_INJURED,COUNT_BICYCLIST_KILLED,COUNT_BICYCLIST_INJURED,COUNT_MC_KILLED,COUNT_MC_INJURED,PRIMARY_RAMP,SECONDARY_RAMP,LATITUDE,LONGITUDE,COUNTY,CITY,POINT_X,POINT_Y
9261317,2021,2021-05-05,5407,2021-04-11,1024,C55,480,7,5,5,5407,0,0,0,,0,P33,"COURT ST","HOWARD AV",180.00,N,N,A,-,N,,,,,,,,,,Y,3,0,1,3,A,-,04,21703,,N,C,C,A,A,H,-,A,A,0,,,,,Y,,A,07,0,1,0,0,0,0,0,0,0,"- ","- ",36.320121765136719,-119.29219055175781,TULARE,VISALIA,-119.29208374023438,36.318805694580078
9261524,2021,2021-05-06,5405,2021-04-20,1307,243,,2,5,4,5405,0,0,0,,0,004,"W OLIVE AV","PORTER RD",18.00,E,N,A,-,N,,,,,,,,,,N,4,0,1,2,A,-,03,22350,,N,C,C,A,A,H,-,A,A,0,,,,,Y,,A,01,0,0,1,0,0,0,0,0,0,"- ","- ",36.06597900390625,-119.03814697265625,TULARE,PORTERVILLE,-119.03811645507812,36.066032409667969
9261528,2021,2021-05-06,5405,2021-04-21,1739,281,SEC1,3,5,4,5405,0,0,0,,0,001,"WHITE CHAPEL WY","KENSINGTON WY",27.00,W,N,A,-,N,,,,,,,,,,N,3,0,2,2,A,-,09,21801,A,N,F,A,A,A,H,-,A,D,0,,,Y,,Y,,A,07,0,2,0,0,0,0,0,0,2,"- ","- ",36.076850891113281,-119.06862640380859,TULARE,PORTERVILLE,-119.06845092773438,36.077129364013672
9261532,2021,2021-05-06,5405,2021-04-14,1715,243,,3,5,4,5405,0,0,0,,0,003,"F ST","OLIVE AV",0.00,,Y,A,-,N,,,,,,,,,,N,3,0,1,2,A,-,12,22450,A,N,D,G,A,A,H,-,A,A,0,,Y,,,Y,,A,01,0,1,0,0,0,0,1,0,0,"- ","- ",36.065231323242188,-119.02134704589844,TULARE,PORTERVILLE,-119.02134704589844,36.065170288085938
9261618,2021,2021-05-07,5405,2021-04-22,1741,243,1,4,5,4,5405,0,0,0,,0,,"INDIANA ST","HENDERSON AV",33.00,S,N,A,-,N,,,,,,,,,,N,4,0,1,2,A,-,03,22350,,F,C,C,A,A,H,-,A,A,0,,,,,Y,,D,22,0,0,1,0,0,0,0,0,0,"- ","- ",36.080059051513672,-119.03536224365234,TULARE,PORTERVILLE,-119.03494262695312,36.080417633056641
9261622,2021,2021-05-18,5405,2021-04-16,1345,243,,5,5,4,5405,0,0,0,,0,003,"PLANO ST","PUTNAM AV",0.00,,Y,A,-,N,,,,,,,,,,N,4,0,1,3,A,-,12,21453,A,N,D,C,A,A,H,-,A,A,0,,,,,Y,,D,22,0,0,1,0,0,0,0,0,0,"- ","- ",36.069381713867188,-119.00837707519531,TULARE,PORTERVILLE,-119.00838470458984,36.069381713867188
9261626,2021,2021-05-13,5405,2021-04-22,1431,243,,4,5,4,5405,0,0,0,,0,003,"RT 190","JAYE ST",235.00,E,N,A,-,Y,TUL,6,190,-,-,15.990,H,-,E,N,3,0,1,2,A,-,08,22107,,N,D,C,A,A,H,-,A,A,0,,,Y,Y,Y,,G,25,0,1,0,0,0,0,0,0,1,"- ","- ",36.051570892333984,-119.04405975341797,TULARE,PORTERVILLE,-119.02555084228516,36.051448822021484
9262119,2021,2021-05-06,5405,2021-04-27,1107,243,,2,5,4,5405,0,0,0,,0,003,"PLANO ST","DATE AV",10.00,N,N,A,-,N,,,,,,,,,,N,4,0,1,2,A,-,03,22350,,N,C,C,A,A,H,-,A,A,0,,,,,Y,,-,,0,0,1,0,0,0,0,0,0,"- ","- ",36.058498382568359,-119.00776672363281,TULARE,PORTERVILLE,-119.00778961181641,36.058528900146484
9262120,2021,2021-05-06,5405,2021-04-27,0819,215,,2,5,4,5405,0,0,0,,0,SEC1,"WESTFIELD AV","SYCAMORE ST",0.00,,Y,A,-,N,,,,,,,,,,N,3,0,1,2,A,-,08,22107,,N,C,G,A,A,H,-,A,D,0,,Y,,,Y,,L,04,0,1,0,0,0,0,1,0,0,"- ","- ",36.086700439453125,-119.07585144042969,TULARE,PORTERVILLE,-119.07259368896484,36.087631225585938
9264373,2021,2021-05-24,5405,2021-05-07,1833,243,,5,5,4,5405,0,0,0,,0,003,"OLIVE AV","D ST",0.00,,Y,A,-,N,,,,,,,,,,N,4,0,2,2,A,-,09,21800,A,N,D,C,A,A,H,-,A,A,0,,,,,Y,,A,01,0,0,2,0,0,0,0,0,0,"- ","- ",36.065200805664062,-119.01856994628906,TULARE,PORTERVILLE,-119.01846313476562,36.06512451171875
9264385,2021,2021-06-22,5405,2021-05-11,1705,169,,2,5,4,5405,0,0,0,,0,SEC1,"RT 65","LINDA VISTA AV",0.00,,Y,A,-,Y,TUL,6,65,-,-,21.830,I,5,N,Y,2,0,3,3,A,-,09,21801,A,N,D,C,A,A,H,-,A,A,0,,,,,Y,,A,01,2,1,0,0,0,0,0,0,0,"- ","- ",,,TULARE,PORTERVILLE,-119.04294586181641,36.104343414306641
9264397,2021,2021-05-24,5405,2021-05-09,1626,259,"SEC 3",7,5,4,5405,0,0,0,,0,,"JAYE ST","MAPLE AV",0.00,,Y,A,-,N,,,,,,,,,,Y,4,0,1,2,A,-,09,21802,A,N,D,C,A,A,H,-,A,A,0,,,,Y,Y,,A,01,0,0,1,0,0,0,0,0,0,"- ","- ",,,TULARE,PORTERVILLE,-119.02610015869141,36.063289642333984
9264698,2021,2021-05-26,5405,2021-05-03,1327,254,SEC4,1,5,4,5405,0,0,0,,0,004,"W MORTON AV","LOWERY ST",87.00,E,N,A,-,N,,,,,,,,,,Y,4,0,2,2,A,-,03,22350,,N,C,C,A,A,H,-,A,D,0,,,,,Y,,-,,0,0,2,0,0,0,0,0,0,"- ","- ",36.073261260986328,-119.04624176025391,TULARE,PORTERVILLE,-119.04592895507812,36.073261260986328
9265956,2021,2021-06-01,5408,2021-04-28,1433,7227,5408,3,5,2,5408,0,0,0,,0,,"BRAVO AV","ACACIA ST",0.00,,N,A,-,N,,,,,,,,,,N,4,0,1,2,A,-,09,21802,A,N,D,C,A,A,H,-,A,D,0,,,,,Y,,-,,0,0,1,0,0,0,0,0,0,"- ","- ",,,TULARE,WOODLAKE,-119.10250854492188,36.411922454833984
9266654,2021,2021-06-15,5405,2021-05-14,1327,259,SEC3,5,5,4,5405,0,0,0,,0,,"PUTNAM AV","2ND ST",0.00,,Y,A,-,N,,,,,,,,,,Y,4,0,2,2,C,-,18,,,N,D,C,A,A,H,-,A,A,0,,,,,Y,,-,"- ",0,0,2,0,0,0,0,0,0,"- ","- ",36.069431304931641,-119.01516723632812,TULARE,PORTERVILLE,-119.01523590087891,36.069469451904297
9267614,2021,2021-05-28,5407,2021-04-13,1259,M201,480,2,5,5,5407,0,0,0,,0,,"S BEN MADDOX WY",CALDWELL,0.00,,Y,A,-,N,,,,,,,,,,N,4,0,1,2,A,-,03,22350,,N,C,C,A,A,H,-,A,A,0,,,,,Y,,D,22,0,0,1,0,0,0,0,0,0,"- ","- ",36.298149108886719,-119.27848815917969,TULARE,VISALIA,-119.27854919433594,36.298168182373047
9267630,2021,2021-05-28,5407,2021-04-29,1523,M226,480,4,5,5,5407,0,0,0,,0,026,"E HOUSTON AV","N BURKE ST",0.00,,Y,A,-,N,,,,,,,,,,Y,4,0,1,2,A,-,12,21453,A,N,D,C,A,A,H,-,A,A,0,,,,,Y,,D,22,0,0,1,0,0,0,0,0,0,"- ","- ",36.341838836669922,-119.27880859375,TULARE,VISALIA,-119.283203125,36.341846466064453
9268166,2021,2021-05-26,5407,2021-05-05,0722,M302,480,3,5,5,5407,0,0,0,,0,034,"E CALDWELL AV","BEN MADDOX",294.00,E,N,A,-,N,,,,,,,,,,Y,3,0,3,2,A,-,08,22107,,N,D,D,A,A,H,-,A,D,0,,,,,Y,,D,22,0,3,0,0,0,0,0,0,0,"- ","- ",,,TULARE,VISALIA,-119.27754974365234,36.298179626464844
9272425,2021,2021-06-09,5407,2021-04-19,2025,A337,480,1,5,5,5407,0,0,0,,0,E12,"S DEMAREE ST","W CAMPUS",0.00,,Y,A,-,N,,,,,,,,,,Y,4,0,3,2,A,-,09,21800,A,N,D,C,A,A,H,-,C,D,0,,,,,Y,,A,01,0,0,3,0,0,0,0,0,0,"- ","- ",,,TULARE,VISALIA,-119.33174896240234,36.324028015136719
9272427,2021,2021-06-09,5407,2021-04-22,0955,C51,480,4,5,5,5407,0,0,0,,0,N25,"N MOONEY BL","W FERGUSON AV",0.00,,Y,A,-,N,,,,,,,,,,Y,4,0,2,2,A,-,09,21804,A,N,D,C,A,A,H,-,A,A,0,,,,,Y,,A,07,0,0,2,0,0,0,0,0,0,"- ","- ",36.349300384521484,-119.31430053710938,TULARE,VISALIA,-119.31427764892578,36.348220825195312
9272428,2021,2021-06-09,5407,2021-04-23,1220,12093,480,5,5,5,5407,0,0,0,,0,P33,"S GIDDINGS ST","W CAMBRIDGE AV",7.00,S,N,A,-,N,,,,,,,,,,N,4,0,1,2,A,-,05,21650,,M,D,G,A,A,H,-,A,D,0,,Y,,,Y,,L,04,0,0,1,0,0,0,1,0,0,"- ","- ",,,TULARE,VISALIA,-119.30536651611328,36.314712524414062
9272430,2021,2021-06-09,5407,2021-04-26,0245,A321,480,1,5,5,5407,0,0,0,,0,012,DEMAREE,NOBLE,500.00,S,N,C,-,N,,,,,,,,,,Y,3,0,1,2,A,-,01,23152,A,N,C,E,A,B,H,-,C,D,0,,,,,Y,,A,01,0,1,0,0,0,0,0,0,0,"- ","- ",,,TULARE,VISALIA,-119.33174133300781,36.32525634765625
9272435,2021,2021-06-09,5407,2021-04-19,2049,A327,480,1,5,5,5407,0,0,0,,0,026,"E MAIN ST","N COURT ST",225.00,E,N,A,-,N,,,,,,,,,,Y,3,0,1,2,A,-,03,22350,,N,C,E,A,A,H,-,C,A,0,,,Y,,Y,,C,02,0,1,0,0,0,0,0,0,1,"- ","- ",36.330051422119141,-119.29196166992188,TULARE,VISALIA,-119.29155731201172,36.330165863037109
9277479,2021,2021-06-16,5406,2021-05-18,1532,70,5406,2,5,4,5406,0,0,0,,0,0AO,"MLK AV","U ST",0.00,,Y,A,-,N,,,,,,,,,,N,3,0,1,2,A,-,09,21804,A,N,A,C,A,A,H,-,A,D,0,,,,,Y,,A,01,0,1,0,0,0,0,0,0,0,"- ","- ",,,TULARE,TULARE,-119.33184814453125,36.202266693115234
9277601,2021,2021-07-14,5405,2021-06-02,1320,229,,3,5,4,5405,0,0,0,,0,004,"MORTON AV","INDIANA ST",174.00,W,N,A,-,N,,,,,,,,,,Y,4,0,1,2,A,-,09,21804,A,N,D,C,A,A,H,-,A,A,0,,,,,Y,,A,07,0,0,1,0,0,0,0,0,0,"- ","- ",36.073299407958984,-119.03507232666016,TULARE,PORTERVILLE,-119.03566741943359,36.073280334472656
9277621,2021,2021-06-21,5404,2021-05-22,2056,678,12,6,5,2,5404,0,0,0,,0,001,"W HERMOSA ST",CENTRAL,44.00,E,N,A,-,N,,,,,,,,,,Y,3,0,1,1,A,-,03,22350,,N,E,I,A,A,H,-,C,D,0,,,,,Y,,A,01,0,1,0,0,0,0,0,0,0,"- ","- ",,,TULARE,LINDSAY,-119.09735107421875,36.203205108642578
9278153,2021,2021-07-13,5405,2021-06-05,1210,CS03,"SEC 2",6,5,4,5405,0,0,0,,0,,"PUTNAM AV","E ST",0.00,,Y,A,-,N,,,,,,,,,,Y,4,0,1,2,A,-,09,21802,,N,D,C,A,A,H,-,A,A,0,,,,,Y,,-,,0,0,1,0,0,0,0,0,0,"- ","- ",,,TULARE,PORTERVILLE,-119.01994323730469,36.069721221923828
9278154,2021,2021-07-13,5405,2021-06-01,0759,259,"SEC 1",2,5,4,5405,0,0,0,,0,,"NEWCOMB ST","MULBERRY AV",246.00,S,N,A,-,N,,,,,,,,,,N,4,0,1,2,A,-,09,21804,A,N,D,C,A,A,H,-,A,D,0,,,,,Y,,A,01,0,0,1,0,0,0,0,0,0,"- ","- ",36.082359313964844,-119.0518798828125,TULARE,PORTERVILLE,-119.05284118652344,36.083316802978516
9279025,2021,2021-07-07,5405,2021-06-01,1256,259,"SEC 3",2,5,4,5405,0,0,0,,0,,"A ST","OLIVE AV",27.00,S,N,A,-,N,,,,,,,,,,Y,4,0,1,2,A,-,08,22107,,N,D,C,A,A,H,-,A,D,0,,,,,Y,,A,01,0,0,1,0,0,0,0,0,0,"- ","- ",36.065128326416016,-119.01303100585938,TULARE,PORTERVILLE,-119.0130615234375,36.065036773681641
9279259,2021,2021-06-22,5405,2021-05-28,0941,259,SEC4,5,5,4,5405,0,0,0,,0,,"W HERDERSON AV","W HENDERSON AV 1250",0.00,,-,A,-,N,,,,,,,,,,N,4,0,1,2,A,-,01,23153,F,N,B,B,F,A,H,-,A,D,0,Y,,,,Y,,A,01,0,0,1,0,1,0,0,0,0,"- ","- ",36.083030700683594,-119.04534149169922,TULARE,PORTERVILLE,-119.01618957519531,36.080154418945312
9279625,2021,2021-06-23,5403,2021-05-02,1206,838,,7,5,2,5403,0,0,0,,0,,"S ROSE","E FRESNO",120.00,N,N,A,-,N,,,,,,,,,,Y,2,0,1,2,A,-,03,22350,,N,A,E,A,A,H,-,A,D,0,,,Y,,Y,,C,02,1,0,0,0,0,0,0,0,1,"- ","- ",,,TULARE,FARMERSVILLE,-119.20446014404297,36.293228149414062
9280360,2021,2021-06-28,5405,2021-06-08,1705,229,,2,5,4,5405,0,0,0,,0,"SEC 4","OLIVE AV","RT 65",0.00,,Y,A,-,Y,TUL,6,65,-,R,19.300,R,4,N,Y,3,0,1,2,A,-,09,21804,A,N,D,C,A,A,H,-,A,A,0,,,,,Y,,A,07,0,1,0,0,0,0,0,0,0,"- ",NO,36.065620422363281,-119.03788757324219,TULARE,PORTERVILLE,-119.03926086425781,36.068027496337891
9280375,2021,2021-06-28,5405,2021-05-30,2052,270,"SEC 4",7,5,4,5405,0,0,0,,0,"SEC 4","RT 65","SCRANTON AV",2376.00,N,N,A,-,Y,TUL,6,65,-,-,17.580,H,-,N,Y,4,0,1,2,A,-,01,23152,A,N,C,C,A,A,H,-,D,D,0,,,,,Y,Y,A,01,0,0,1,0,0,0,0,0,0,"- ","- ",,,TULARE,PORTERVILLE,-119.03936004638672,36.043254852294922
9281283,2021,2021-08-12,5407,2021-06-29,0808,C57,480,2,5,5,5407,0,0,0,,0,034,"E MINERAL KING AV","S BEN MADDOX WY",276.00,E,N,A,-,N,,,,,,,,,,Y,3,0,3,2,A,-,17,21753,,N,D,C,A,A,H,-,A,A,0,,,,,Y,,A,01,0,2,1,0,0,0,0,0,0,"- ","- ",36.327190399169922,-119.27719116210938,TULARE,VISALIA,-119.27762603759766,36.327350616455078
9281342,2021,2021-08-16,5407,2021-07-10,1551,C57,480,6,5,5,5407,0,0,0,,0,025,"N RINALDI ST","W GROVE AV",0.00,,Y,A,-,N,,,,,,,,,,Y,2,0,1,2,A,-,12,22450,A,N,A,C,A,A,H,-,A,A,0,,,,,Y,,A,01,1,0,0,0,0,0,0,0,0,"- ","- ",36.336540222167969,-119.30808258056641,TULARE,VISALIA,-119.30806732177734,36.3365478515625
9281721,2021,2021-06-25,5405,2021-04-08,1707,278,,4,5,4,5405,0,0,0,,0,001,"MORTON AV","PORTER ST",72.00,E,N,A,-,N,,,,,,,,,,Y,4,0,1,2,A,-,03,22350,,N,C,C,A,A,H,-,A,A,0,,,,,Y,,A,01,0,0,1,0,0,0,0,0,0,"- ","- ",,,TULARE,PORTERVILLE,-119.03887939453125,36.073265075683594
9283187,2021,2021-09-13,5404,2021-06-20,2015,678,4,7,5,2,5404,0,0,0,,0,002,"PARKSIDE AV","HICKORY ST",0.00,,Y,A,-,N,,,,,,,,,,Y,4,0,2,2,A,-,12,22450,A,N,D,C,A,A,H,-,A,A,0,,,,,Y,,D,22,0,0,2,0,0,0,0,0,0,"- ","- ",,,TULARE,LINDSAY,-119.0916748046875,36.217861175537109
9285805,2021,2021-07-06,5405,2021-06-17,1657,CSO26,,4,5,4,5405,0,0,0,,0,004,"KESSING ST","OLIVE AV",36.00,N,N,A,-,N,,,,,,,,,,Y,3,0,2,2,A,-,08,22107,,N,C,E,A,A,H,-,A,A,0,,,,,Y,,A,01,0,2,0,0,0,0,0,0,0,"- ","- ",36.065559387207031,-119.02510070800781,TULARE,PORTERVILLE,-119.02509307861328,36.065521240234375
9286294,2021,2021-07-19,5407,2021-05-22,1624,C55,480,6,5,5,5407,0,0,0,,0,Q34,"MOONEY BL","SUNNYSIDE AV",200.00,S,N,A,-,Y,TUL,6,63,-,-,6.310,H,-,N,N,4,0,1,3,A,-,04,21703,,N,C,C,A,A,H,-,A,A,0,,,,,Y,,A,01,0,0,1,0,0,0,0,0,0,"- ","- ",36.303451538085938,-119.31372833251953,TULARE,VISALIA,-119.31366729736328,36.302879333496094
9287703,2021,2021-07-30,5405,2021-07-11,2246,229,,7,5,4,5405,0,0,0,,0,"SEC 1","RT 65","NORTH GRAND AV",1431.00,S,N,A,-,Y,TUL,6,65,-,-,21.110,H,-,N,Y,2,0,1,1,C,-,18,,,N,E,J,A,A,C,-,C,D,0,,,Y,,Y,,-,"- ",1,0,0,0,0,0,0,0,1,"- ","- ",33.609828948974609,-119.04012298583984,TULARE,PORTERVILLE,-119.03946685791016,36.094417572021484
9288281,2021,2021-07-15,5407,2021-05-01,0656,A349,480,6,5,5,5407,0,0,0,,0,N25,"N MOONEY BL","W FERGUSON AV",0.00,,Y,A,B,N,,,,,,,,,,Y,3,0,1,2,A,-,12,22450,A,N,D,C,A,A,H,-,A,A,0,,,,,Y,,D,22,0,1,0,0,0,0,0,0,0,"- ","- ",36.356449127197266,-119.31432342529297,TULARE,VISALIA,-119.31427764892578,36.348220825195312
9288285,2021,2021-07-15,5407,2021-05-28,2127,A318,480,5,5,5,5407,0,0,0,,0,033,"S LOVERS LN","E NOBLE AV",0.00,,Y,A,-,N,,,,,,,,,,Y,3,0,2,2,A,-,12,21453,A,N,D,C,A,A,H,-,C,A,0,,,,,Y,,A,01,0,2,0,0,0,0,0,0,0,"- ","- ",,,TULARE,VISALIA,-119.26070404052734,36.326618194580078
9288304,2021,2021-07-21,5406,2021-06-23,2122,24,5406,3,5,4,5406,0,0,0,,0,0AO,PROSPERITY,SACRAMENTO,39.00,E,N,A,-,N,,,,,,,,,,Y,4,0,1,2,A,-,03,22350,,N,C,C,A,A,H,-,C,D,0,,,,,Y,,D,22,0,0,1,0,0,0,0,0,0,"- ","- ",,,TULARE,TULARE,-119.36405944824219,36.225681304931641
9288443,2021,2021-07-07,5407,2021-05-21,2042,A346,480,5,5,5,5407,0,0,0,,0,025,"RIGGIN AV","MOONEY BL",10.00,W,N,A,-,N,,,,,,,,,,Y,3,0,4,2,A,-,03,22350,,N,C,C,A,A,H,-,C,A,0,,,,,Y,,A,01,0,4,0,0,0,0,0,0,0,"- ","- ",,,TULARE,VISALIA,-119.3143310546875,36.356468200683594
9288447,2021,2021-07-07,5407,2021-05-13,1923,A327,480,4,5,5,5407,0,0,0,,0,026,"COURT ST","E RIGGIN AV",0.00,,Y,A,-,N,,,,,,,,,,Y,4,0,1,2,A,-,21,22106,,N,C,C,A,A,H,-,A,A,0,,,,,Y,,A,01,0,0,1,0,0,0,0,0,0,"- ","- ",36.356330871582031,-119.29392242431641,TULARE,VISALIA,-119.29395294189453,36.356399536132812
9288448,2021,2021-07-07,5407,2021-05-14,1050,A302,480,5,5,5,5407,0,0,0,,0,011,"W RIGGIN AV","PLAZA DR",1333.00,E,N,A,-,N,,,,,,,,,,Y,4,0,1,2,A,-,03,22350,,N,D,C,A,A,H,-,A,D,0,,,,,Y,,-,,0,0,1,0,0,0,0,0,0,"- ","- ",,,TULARE,VISALIA,-119.39022827148438,36.356399536132812
9288552,2021,2021-09-07,5407,2021-06-04,1726,C55,480,5,5,5,5407,0,0,0,,0,Q34,"LOVERS LN","WALNUT AV",439.00,S,N,A,-,N,,,,,,,,,,Y,3,0,1,1,A,-,05,21650,,N,A,I,A,A,H,-,A,A,0,,,,,Y,,A,01,0,1,0,0,0,0,0,0,0,"- ","- ",36.312698364257812,-119.26056671142578,TULARE,VISALIA,-119.26051330566406,36.311504364013672
9288554,2021,2021-09-07,5407,2021-06-10,0914,A333,480,4,5,5,5407,0,0,0,,0,026,"N BEN MADDOX WY","E CENTER AV",0.00,,Y,A,-,N,,,,,,,,,,Y,3,0,1,2,A,-,09,21801,A,N,D,C,A,A,H,-,A,D,0,,,,,Y,,A,01,0,1,0,0,0,0,0,0,0,"- ","- ",,,TULARE,VISALIA,-119.27871704101562,36.331108093261719
9288555,2021,2021-09-07,5407,2021-06-08,1719,C51,480,2,5,5,5407,0,0,0,,0,R12,"W VISALIA PKWY","S LINWOOD ST",0.00,,Y,A,-,N,,,,,,,,,,Y,4,0,2,2,A,-,09,21801,A,N,D,C,A,A,H,-,A,A,0,,,,,Y,,A,01,0,0,2,0,0,0,0,0,0,"- ","- ",,,TULARE,VISALIA,-119.34039306640625,36.291049957275391
9288556,2021,2021-09-07,5407,2021-06-06,1635,C57,480,7,5,5,5407,0,0,0,,0,026,"N LOVERS LN","E GOSHEN AV",0.00,,Y,A,-,N,,,,,,,,,,Y,2,0,1,2,A,-,09,21801,A,N,D,C,A,A,H,-,A,A,0,,,Y,,Y,,A,07,1,0,0,0,0,0,0,0,1,"- ","- ",,,TULARE,VISALIA,-119.26063537597656,36.334682464599609
9288557,2021,2021-09-07,5407,2021-06-06,0741,A293,480,7,5,5,5407,0,0,0,,0,,"N DIVISADERO ST","W SADY AV",0.00,,Y,A,-,N,,,,,,,,,,Y,2,0,1,3,A,-,01,23153,A,N,A,B,F,A,H,-,A,D,0,Y,,,,Y,Y,A,01,1,0,0,0,1,0,0,0,0,"- ","- ",,,TULARE,VISALIA,-119.30998992919922,36.338302612304688
9289057,2021,2021-07-23,5403,2021-06-11,0928,838,,5,5,2,5403,0,0,0,,0,,"WEST VISALIA RD","NORTH SHASTA AV",0.00,,Y,A,-,N,,,,,,,,,,N,4,0,1,2,A,-,09,21801,A,N,D,C,A,A,H,-,A,D,0,,,,,Y,,A,01,0,0,1,0,0,0,0,0,0,"- ","- ",,,TULARE,FARMERSVILLE,-119.21047973632812,36.29779052734375
9291232,2021,2021-07-19,5405,2021-06-29,1521,CS026,,2,5,4,5405,0,0,0,,0,001,"HENDERSON AV","PROSPECT ST",15.00,E,N,A,-,N,,,,,,,,,,N,3,0,1,2,A,-,03,22350,,F,C,C,A,A,H,-,A,A,0,,,,,Y,,A,07,0,1,0,0,0,0,0,0,0,"- ","- ",36.080421447753906,-119.04393005371094,TULARE,PORTERVILLE,-119.04392242431641,36.080417633056641
9297783,2021,2021-08-17,5405,2021-07-24,0039,234,SEC2,6,5,4,5405,0,0,0,,0,002,"MORTON AV","HAWAII ST",24.00,W,N,A,-,N,,,,,,,,,,Y,3,0,1,1,A,-,01,23152,F,N,E,I,A,A,H,-,C,D,0,,,,,Y,Y,-,,0,1,0,0,0,0,0,0,0,"- ","- ",,,TULARE,PORTERVILLE,-119.02300262451172,36.073143005371094
9297784,2021,2021-08-17,5405,2021-07-23,2040,257,SEC4,5,5,4,5405,0,0,0,,0,004,"AVENUE 152",DOGWOOD,156.00,W,N,A,-,N,,,,,,,,,,Y,2,0,1,2,A,-,01,23152,A,N,C,E,A,A,H,-,C,D,0,,,,,Y,Y,-,,1,0,0,0,0,0,0,0,0,"- ","- ",36.066009521484375,-119.07362365722656,TULARE,PORTERVILLE,-119.07367706298828,36.065818786621094
9297785,2021,2021-08-17,5405,2021-07-14,1125,259,SEC4,3,5,4,5405,0,0,0,,0,,"PUTNAM AV","VILLA ST",0.00,,Y,A,-,N,,,,,,,,,,Y,4,0,1,2,A,-,09,21801,A,N,A,C,A,A,H,-,A,A,0,,,,,Y,,A,01,0,0,1,0,0,0,0,0,0,"- ","- ",36.069591522216797,-119.03066253662109,TULARE,PORTERVILLE,-119.03068542480469,36.069595336914062
9297787,2021,2021-08-17,5405,2021-07-20,1808,216,SEC1,2,5,4,5405,0,0,0,,0,001,"N WESTWOOD ST","KINGS CROSS WY",12.00,W,N,A,-,N,,,,,,,,,,Y,4,0,1,2,A,-,08,22107,,N,D,C,A,A,H,-,A,D,0,,,,,Y,,A,01,0,0,1,0,0,0,0,0,0,"- ","- ",36.080318450927734,-119.07080078125,TULARE,PORTERVILLE,-119.07083129882812,36.079029083251953
9297788,2021,2021-08-17,5405,2021-07-20,1707,CSO26,,2,5,4,5405,0,0,0,,0,004,"OLIVE AV","MATHEW ST",0.00,,Y,A,-,N,,,,,,,,,,Y,3,0,4,2,A,-,12,21453,A,N,D,C,A,A,H,-,A,A,0,,,,,Y,,A,01,0,4,0,0,0,0,0,0,0,"- ","- ",36.065719604492188,-119.06192779541016,TULARE,PORTERVILLE,-119.06191253662109,36.065788269042969
9297789,2021,2021-08-17,5405,2021-07-20,1333,259,SEC2,2,5,4,5405,0,0,0,,0,,"MORTON AV","KESSING ST",0.00,,Y,A,-,N,,,,,,,,,,Y,3,0,2,2,A,-,08,22107,,N,B,C,A,A,H,-,A,D,0,,,,,Y,,A,01,0,1,1,0,0,0,0,0,0,"- ","- ",36.073158264160156,-119.02507019042969,TULARE,PORTERVILLE,-119.02505493164062,36.073169708251953
9297808,2021,2021-09-03,5407,2021-07-01,1546,M333,480,4,5,5,5407,0,0,0,,0,R12,"S DEMAREE ST","W TULARE AV",0.00,,Y,A,-,N,,,,,,,,,,Y,4,0,2,3,A,-,12,21453,A,N,D,C,A,A,H,-,A,A,0,,,,,Y,,A,01,0,0,2,0,0,0,0,0,0,"- ","- ",,,TULARE,VISALIA,-119.33172607421875,36.320056915283203
9297990,2021,2021-08-13,5407,2021-06-22,1249,M203,480,2,5,5,5407,0,0,0,,0,,HOUSTON,WILLIS,0.00,,Y,A,-,N,,,,,,,,,,N,3,0,1,2,A,-,11,21950,B,N,G,B,E,A,H,-,A,A,0,Y,,,,Y,Y,N,60,0,1,0,0,1,0,0,0,0,"- ","- ",36.342281341552734,-119.29692840576172,TULARE,VISALIA,-119.29766082763672,36.341838836669922
9297992,2021,2021-08-11,5407,2021-06-27,1337,C57,480,7,5,5,5407,0,0,0,,0,034,"S BEN MADDOX WY","E WALNUT AV",0.00,,Y,A,-,N,,,,,,,,,,Y,3,0,2,2,A,-,12,21453,A,N,D,C,A,A,H,-,A,A,0,,,,,Y,,A,07,0,2,0,0,0,0,0,0,0,"- ","- ",36.312648773193359,-119.27400207519531,TULARE,VISALIA,-119.27400207519531,36.312641143798828