CASE_ID,ACCIDENT_YEAR,PROC_DATE,JURIS,COLLISION_DATE,COLLISION_TIME,OFFICER_ID,REPORTING_DISTRICT,DAY_OF_WEEK,CHP_SHIFT,POPULATION,CNTY_CITY_LOC,SPECIAL_COND,BEAT_TYPE,CHP_BEAT_TYPE,CITY_DIVISION_LAPD,CHP_BEAT_CLASS,BEAT_NUMBER,PRIMARY_RD,SECONDARY_RD,DISTANCE,DIRECTION,INTERSECTION,WEATHER_1,WEATHER_2,STATE_HWY_IND,CALTRANS_COUNTY,CALTRANS_DISTRICT,STATE_ROUTE,ROUTE_SUFFIX,POSTMILE_PREFIX,POSTMILE,LOCATION_TYPE,RAMP_INTERSECTION,SIDE_OF_HWY,TOW_AWAY,COLLISION_SEVERITY,NUMBER_KILLED,NUMBER_INJURED,PARTY_COUNT,PRIMARY_COLL_FACTOR,PCF_CODE_OF_VIOL,PCF_VIOL_CATEGORY,PCF_VIOLATION,PCF_VIOL_SUBSECTION,HIT_AND_RUN,TYPE_OF_COLLISION,MVIW,PED_ACTION,ROAD_SURFACE,ROAD_COND_1,ROAD_COND_2,LIGHTING,CONTROL_DEVICE,CHP_ROAD_TYPE,PEDESTRIAN_ACCIDENT,BICYCLE_ACCIDENT,MOTORCYCLE_ACCIDENT,TRUCK_ACCIDENT,NOT_PRIVATE_PROPERTY,ALCOHOL_INVOLVED,STWD_VEHTYPE_AT_FAULT,CHP_VEHTYPE_AT_FAULT,COUNT_SEVERE_INJ,COUNT_VISIBLE_INJ,COUNT_COMPLAINT_PAIN,COUNT_PED_KILLED,COUNT_PED_INJURED,COUNT_BICYCLIST_KILLED,COUNT_BICYCLIST_INJURED,COUNT_MC_KILLED,COUNT_MC_INJURED,PRIMARY_RAMP,SECONDARY_RAMP,LATITUDE,LONGITUDE,COUNTY,CITY,POINT_X,POINT_Y
9297993,2021,2021-08-11,5407,2021-06-25,1831,A337,480,5,5,5,5407,0,0,0,,0,026,"N ENCINA ST","W SWEET AV",0.00,,Y,A,-,N,,,,,,,,,,Y,4,0,1,2,A,-,12,22450,A,N,D,C,A,A,H,-,C,D,0,,,,,Y,Y,A,01,0,0,1,0,0,0,0,0,0,"- ","- ",,,TULARE,VISALIA,-119.294677734375,36.343063354492188
9297994,2021,2021-08-11,5407,2021-06-25,1743,A346,480,5,5,5,5407,0,0,0,,0,026,"LOVERS LN","MILL CREEK PKWY",0.00,,Y,A,-,N,,,,,,,,,,Y,3,0,1,3,A,-,12,21453,A,N,D,C,A,A,H,-,A,A,0,,,,,Y,,A,01,0,1,0,0,0,0,0,0,0,"- ","- ",,,TULARE,VISALIA,-119.26063537597656,36.3326416015625
9299062,2021,2021-08-31,5403,2021-07-25,0559,838,,7,5,2,5403,0,0,0,,0,,"NORTH FARMERSVILLE BL","WALNUT AV",0.00,,Y,A,-,N,,,,,,,,,,Y,3,0,1,1,A,-,03,22350,,N,E,I,A,A,H,-,A,A,0,,,,,Y,Y,D,22,0,1,0,0,0,0,0,0,0,"- ","- ",,,TULARE,FARMERSVILLE,-119.20702362060547,36.312290191650391
9299384,2021,2021-08-30,5403,2021-07-04,0814,838,,7,5,2,5403,0,0,0,,0,,"E VISALIA RD","N BRUNDAGE",54.00,E,N,A,-,N,,,,,,,,,,Y,2,0,1,1,A,-,00,23103,A,N,E,I,A,-,H,-,A,D,0,,,,,Y,Y,A,01,1,0,0,0,0,0,0,0,0,"- ","- ",,,TULARE,FARMERSVILLE,-119.19496917724609,36.297771453857422
9301224,2021,2021-08-17,5407,2021-06-21,1130,M226,480,1,5,5,5407,0,0,0,,0,033,"RT 63","S WATSON ST",0.00,,Y,A,-,Y,TUL,6,198,-,R,9.530,R,4,E,Y,4,0,1,2,A,-,12,21457,A,N,D,C,A,A,H,-,A,A,0,,,,,Y,,-,"- ",0,0,1,0,0,0,0,0,0,"- ","- ",36.326431274414062,-119.29602813720703,TULARE,VISALIA,-119.30012512207031,36.326919555664062
9301752,2021,2021-10-28,5406,2021-09-07,1956,27,5406,2,5,4,5406,0,0,0,,0,0NE,"RT 137",HIGHLAND,34.00,W,N,A,-,Y,TUL,6,137,-,-,16.340,H,-,E,N,1,1,0,2,A,-,11,21956,,N,G,B,E,A,H,-,C,D,0,Y,,,,Y,,N,60,0,0,0,1,0,0,0,0,0,"- ","- ",,,TULARE,TULARE,-119.33329010009766,36.209606170654297
9301911,2021,2021-09-22,5406,2021-08-05,2146,40,5406,4,5,4,5406,0,0,0,,0,0ES,HILLMAN,CARTMILL,650.00,S,N,A,-,N,,,,,,,,,,N,3,0,1,2,A,-,11,21954,A,N,G,B,D,A,H,-,C,D,0,Y,,,,Y,,N,60,0,1,0,0,1,0,0,0,0,"- ","- ",,,TULARE,TULARE,-119.33114624023438,36.238536834716797
9302575,2021,2021-09-16,5406,2021-07-21,0909,,5406,3,5,4,5406,0,0,0,,0,0AO,BARDSLEY,SPRUCE,80.00,W,N,A,-,N,,,,,,,,,,N,4,0,1,2,A,-,09,21804,B,N,D,C,A,A,D,-,A,A,0,,,,,Y,,-,,0,0,1,0,0,0,0,0,0,"- ","- ",,,TULARE,TULARE,-119.3275146484375,36.196659088134766
9302988,2021,2021-08-25,5407,2021-07-10,1734,A349,480,6,5,5,5407,0,0,0,,0,P33,"SOUTH LOCUST ST","WEST MYRTLE AV",0.00,,Y,A,-,N,,,,,,,,,,Y,4,0,1,2,A,-,12,22450,A,N,F,C,A,A,H,-,A,A,0,,,,,Y,,A,01,0,0,1,0,0,0,0,0,0,"- ","- ",36.324951171875,-119.29337310791016,TULARE,VISALIA,-119.29338073730469,36.324954986572266
9309140,2021,2021-10-14,5405,2021-09-15,1542,CSO26,1,3,5,4,5405,0,0,0,,0,,"W HENDERSON AV","PROSPECT ST",320.00,W,N,A,-,N,,,,,,,,,,Y,3,0,1,2,A,-,09,21801,A,F,D,C,A,A,H,-,A,D,0,,,,Y,Y,,F,26,0,1,0,0,0,0,0,0,0,"- ","- ",36.080421447753906,-119.04393005371094,TULARE,PORTERVILLE,-119.04505157470703,36.080410003662109
9309564,2021,2021-10-08,5405,2021-08-04,1632,C33,"SEC 4",3,5,4,5405,0,0,0,,0,,"OLIVE AV","ATKINS WY",0.00,,Y,A,-,N,,,,,,,,,,Y,4,0,1,2,A,-,09,21801,A,N,D,C,A,A,H,-,A,D,0,,,,,Y,,A,01,0,0,1,0,0,0,0,0,0,"- ","- ",36.066211700439453,-119.04715728759766,TULARE,PORTERVILLE,-119.04721832275391,36.065887451171875
9309566,2021,2021-10-08,5405,2021-08-05,0123,172,"SEC 1",4,5,4,5405,0,0,0,,0,001,"WESTWOOD ST","HENDERSON AV",0.00,,Y,A,-,N,,,,,,,,,,Y,3,0,1,2,A,-,12,21453,A,F,D,C,A,A,H,-,C,A,0,,,,,Y,,A,01,0,1,0,0,0,0,0,0,0,"- ","- ",36.080318450927734,-119.07080078125,TULARE,PORTERVILLE,-119.07080841064453,36.080314636230469
9312183,2021,2021-09-08,5407,2021-07-13,1549,M194,480,2,5,5,5407,0,0,0,,0,034,"RT 63",WHITEDALE,125.00,S,N,A,-,Y,TUL,6,63,-,-,6.500,H,-,N,N,4,0,3,2,A,-,03,22350,,N,C,C,A,A,H,-,A,A,0,,,,,Y,,A,01,0,0,3,0,0,0,0,0,0,"- ","- ",36.305011749267578,-119.31346130371094,TULARE,VISALIA,-119.31369781494141,36.305503845214844
9312187,2021,2021-09-09,5407,2021-07-21,2221,A323,480,3,5,5,5407,0,0,0,,0,012,"W NOBLE AV","S CHINOWTH ST",0.00,,Y,A,-,N,,,,,,,,,,Y,4,0,1,2,A,-,12,21453,A,N,D,C,A,A,H,-,C,A,0,,,,,Y,,D,22,0,0,1,0,0,0,0,0,0,"- ","- ",36.326999664306641,-119.33625030517578,TULARE,VISALIA,-119.33625030517578,36.326969146728516
9312730,2021,2021-09-10,5405,2021-08-05,1605,C33,SEC3,4,5,4,5405,0,0,0,,0,,"JAYE ST","DATE AV",9.00,S,N,A,-,N,,,,,,,,,,Y,4,0,1,2,A,-,09,21801,A,N,D,C,A,A,H,-,A,D,0,,,,,Y,,A,01,0,0,1,0,0,0,0,0,0,"- ","- ",36.058658599853516,-119.02629852294922,TULARE,PORTERVILLE,-119.02626800537109,36.058647155761719
9314829,2021,2021-10-05,5405,2021-08-16,1035,246,SEC4,1,5,4,5405,0,0,0,,0,004,"OLIVE AV","INDIANA ST",0.00,,Y,A,-,N,,,,,,,,,,Y,3,0,1,2,A,-,12,21453,A,N,D,C,A,A,H,-,A,A,0,,,,,Y,,A,01,0,1,0,0,0,0,0,0,0,"- ","- ",,,TULARE,PORTERVILLE,-119.03517913818359,36.06597900390625
9314830,2021,2021-10-05,5405,2021-08-17,0748,259,SEC1,2,5,4,5405,0,0,0,,0,,"NEWCOMB ST","CASTLE AV",15.00,N,N,A,-,N,,,,,,,,,,Y,3,0,1,3,A,-,09,21801,A,N,D,C,A,A,H,-,A,A,0,,,,,Y,,A,01,0,1,0,0,0,0,0,0,0,"- ","- ",36.094768524169922,-119.05307769775391,TULARE,PORTERVILLE,-119.05309295654297,36.094810485839844
9314832,2021,2021-10-05,5405,2021-08-15,1257,275,1,7,5,4,5405,0,0,0,,0,,"MULBERRY AV","INDIANA ST",81.00,W,N,A,-,N,,,,,,,,,,N,3,0,1,2,A,-,11,21955,,N,B,B,D,A,H,-,A,D,0,Y,,,,Y,,N,60,0,1,0,0,1,0,0,0,0,"- ","- ",,,TULARE,PORTERVILLE,-119.03537750244141,36.084068298339844
9314833,2021,2021-10-07,5405,2021-08-13,2130,280,SEC3,5,5,4,5405,0,0,0,,0,,"ORANGE AV","E ST",15.00,W,N,A,-,N,,,,,,,,,,N,3,0,1,2,A,-,08,22107,,N,A,C,A,A,H,-,C,D,0,,,,,Y,,A,01,0,1,0,0,0,0,0,0,0,"- ","- ",,,TULARE,PORTERVILLE,-119.02017974853516,36.061260223388672
9314834,2021,2021-10-05,5405,2021-08-13,1857,229,,5,5,4,5405,0,0,0,,0,SEC4,"OLIVE AV","VILLA ST",66.00,W,N,A,-,N,,,,,,,,,,N,3,0,1,2,A,-,05,21650,,N,D,G,A,A,H,-,A,D,0,,Y,,,Y,,L,04,0,1,0,0,0,0,1,0,0,"- ","- ",36.065971374511719,-119.03061676025391,TULARE,PORTERVILLE,-119.03084564208984,36.065910339355469
9315547,2021,2021-09-03,5405,2021-08-17,1859,229,,2,5,4,5405,0,0,0,,0,SEC1,"WESTFIELD AV","WESTWOOD ST",0.00,,Y,A,-,N,,,,,,,,,,Y,4,0,2,2,A,-,12,22450,A,N,D,C,A,A,H,-,B,A,0,,,,,Y,,A,07,0,0,2,0,0,0,0,0,0,"- ","- ",36.087581634521484,-119.07080078125,TULARE,PORTERVILLE,-119.07080078125,36.087570190429688
9315719,2021,2021-09-16,5407,2021-07-25,1009,C56,480,7,5,5,5407,0,0,0,,0,R12,"S COUNTY CENTER DR","W WALNUT AV",24.00,S,N,A,-,N,,,,,,,,,,Y,4,0,1,2,A,-,03,22350,,N,C,C,A,A,H,-,A,A,0,,,,,Y,,A,01,0,0,1,0,0,0,0,0,0,"- ","- ",36.312900543212891,-119.32276916503906,TULARE,VISALIA,-119.32275390625,36.312835693359375
9315731,2021,2021-09-08,5407,2021-07-17,1606,C57,480,6,5,5,5407,0,0,0,,0,012,"W HURLEY AV","N AKERS ST",0.00,,Y,A,-,N,,,,,,,,,,Y,3,0,1,2,A,-,12,21453,A,N,D,C,A,A,H,-,A,A,0,,,,,Y,,D,22,0,1,0,0,0,0,0,0,0,"- ","- ",36.334491729736328,-119.34976959228516,TULARE,VISALIA,-119.34986114501953,36.334495544433594
9315760,2021,2021-09-08,5407,2021-07-19,1440,M333,480,1,5,5,5407,0,0,0,,0,P33,"S LOVERS LN","W MARY AV",154.00,S,N,A,-,N,,,,,,,,,,Y,4,0,2,1,A,-,08,22107,,N,A,I,A,A,H,-,A,D,0,,,,,Y,,D,22,0,0,2,0,0,0,0,0,0,"- ","- ",,,TULARE,VISALIA,-119.26052093505859,36.309837341308594
9316013,2021,2021-09-10,5407,2021-07-17,1817,C57,480,6,5,5,5407,0,0,0,,0,034,"W CALDWELL AV","S WEST ST",0.00,,Y,A,-,N,,,,,,,,,,Y,4,0,1,2,A,-,12,21453,A,N,D,C,A,A,H,-,A,A,0,,,,,Y,,A,07,0,0,1,0,0,0,0,0,0,"- ","- ",36.298191070556641,-119.29596710205078,TULARE,VISALIA,-119.29598999023438,36.298160552978516
9316014,2021,2021-09-10,5407,2021-07-16,2302,A331,480,5,5,5,5407,0,0,0,,0,P33,"E TULARE AV","S BURKE ST",0.00,,Y,A,-,N,,,,,,,,,,Y,4,0,1,2,A,-,12,22450,A,N,D,C,A,A,H,-,D,A,0,,,,,Y,,A,01,0,0,1,0,0,0,0,0,0,"- ","- ",36.320140838623047,-119.28304290771484,TULARE,VISALIA,-119.28307342529297,36.320148468017578
9316015,2021,2021-09-10,5407,2021-07-14,1146,C51,480,3,5,5,5407,0,0,0,,0,R12,"W NOBLE AV","S WOODLAND ST",0.00,,Y,A,-,N,,,,,,,,,,Y,4,0,2,2,A,-,12,21453,A,N,D,C,A,A,H,-,A,A,0,,,,,Y,,A,01,0,0,2,0,0,0,0,0,0,"- ","- ",36.326969146728516,-119.31845092773438,TULARE,VISALIA,-119.3184814453125,36.326934814453125
9316018,2021,2021-09-10,5407,2021-07-31,0853,A302,480,6,5,5,5407,0,0,0,,0,012,"S CHINOWTH ST","JUDY AV",0.00,,Y,A,-,N,,,,,,,,,,Y,3,0,1,2,A,-,12,22450,A,N,D,C,A,A,H,-,A,A,0,,,,,Y,,A,01,0,1,0,0,0,0,0,0,0,"- ","- ",,,TULARE,VISALIA,-119.33617401123047,36.315521240234375
9316320,2021,2021-09-22,5405,2021-08-26,1557,241,SEC4,4,5,4,5405,0,0,0,,0,,"NORTH CARMELITA ST","WEST PUTNAM AV",0.00,,Y,A,-,N,,,,,,,,,,N,3,0,1,2,A,-,09,21804,A,F,D,G,A,A,H,-,A,A,0,,Y,,,Y,,A,01,0,1,0,0,0,0,1,0,0,"- ","- ",36.069591522216797,-119.02889251708984,TULARE,PORTERVILLE,-119.02895355224609,36.069587707519531
9317099,2021,2021-09-07,5405,2021-07-27,1216,259,SEC1,2,5,4,5405,0,0,0,,0,,"NEWCOMB ST","LA VIDA CT",15.00,N,N,A,-,N,,,,,,,,,,Y,4,0,1,2,D,-,00,,,N,B,C,A,A,H,-,A,D,0,,,,Y,Y,,-,"- ",0,0,1,0,0,0,0,0,0,"- ","- ",36.089839935302734,-119.05283355712891,TULARE,PORTERVILLE,-119.05284118652344,36.089851379394531
9318319,2021,2021-12-23,5405,2021-09-10,0207,273,SEC4,5,5,4,5405,0,0,0,,0,,"MORTON AV","VILLA ST",0.00,,Y,A,-,N,,,,,,,,,,Y,3,0,1,2,A,-,01,23153,A,F,D,D,A,A,H,-,A,A,0,,,,,Y,Y,A,01,0,1,0,0,0,0,0,0,0,"- ","- ",,,TULARE,PORTERVILLE,-119.0306396484375,36.073268890380859
9318320,2021,2021-11-05,5405,2021-09-07,1814,203,,2,5,4,5405,0,0,0,,0,003,"DATE AV","PARK ST",30.00,E,N,A,-,N,,,,,,,,,,Y,3,0,2,2,A,-,03,22350,,N,A,C,A,A,H,-,A,D,0,,,,,Y,,A,01,0,2,0,0,0,0,0,0,0,"- ","- ",36.058479309082031,-119.00377655029297,TULARE,PORTERVILLE,-119.00373077392578,36.058479309082031
9319610,2021,2021-09-30,5405,2021-08-15,1020,CS03,3,7,5,4,5405,0,0,0,,0,,"PUTNAM AV","HOCKETT ST",0.00,,Y,A,-,N,,,,,,,,,,Y,4,0,2,2,A,-,12,21453,A,N,D,C,A,A,H,-,A,A,0,,,,,Y,,A,01,0,0,2,0,0,0,0,0,0,"- ","- ",,,TULARE,PORTERVILLE,-119.01737976074219,36.069633483886719
9320137,2021,2021-12-21,5405,2021-11-06,0835,259,SEC3,6,5,4,5405,0,0,0,,0,,RT-65,"SCRANTON AV",2016.00,S,N,A,-,Y,TUL,6,65,-,-,16.750,H,-,S,Y,1,1,3,2,-,-,"- ",,A,N,A,C,A,A,H,-,D,D,0,,,,,Y,Y,D,22,3,0,0,0,0,0,0,0,0,"- ","- ",36.022239685058594,-119.03981018066406,TULARE,PORTERVILLE,-119.03955078125,36.031238555908203
9320296,2021,2022-01-20,5404,2021-12-13,1635,686,20L,1,5,2,5404,0,0,0,,0,012,"RT 65",MARIPOSA,73.00,S,N,C,-,Y,TUL,6,65,-,-,29.770,H,-,N,Y,1,1,1,2,A,-,03,22350,,N,A,C,A,B,H,-,B,D,0,,,Y,,Y,,C,02,0,0,1,0,0,0,0,1,0,"- ","- ",,,TULARE,LINDSAY,-119.10680389404297,36.206890106201172
9322404,2021,2021-11-02,5407,2021-09-07,2230,A178,480,2,5,5,5407,0,0,0,,0,M11,"N PLAZA DR",NICHOLAS,51.00,S,N,A,-,N,,,,,,,,,,Y,3,0,2,1,A,-,05,21650,,N,A,J,A,A,H,-,C,A,0,,,,,Y,,A,01,0,2,0,0,0,0,0,0,0,"- ","- ",36.336631774902344,-119.39454650878906,TULARE,VISALIA,-119.39459228515625,36.336498260498047
9322406,2021,2021-11-02,5407,2021-09-05,1652,A346,480,7,5,5,5407,0,0,0,,0,026,"BURKE ST","HOUSTON AV",270.00,S,N,A,-,N,,,,,,,,,,N,4,0,1,2,A,-,10,21950,A,N,G,B,F,A,H,-,A,A,0,Y,,,,Y,,A,08,0,0,1,0,1,0,0,0,0,"- ","- ",,,TULARE,VISALIA,-119.28318023681641,36.341110229492188
9322434,2021,2021-10-04,5407,2021-08-30,1632,A337,480,1,5,5,5407,0,0,0,,0,026,"N BEN MADDOX WY","E ST JOHNS",0.00,,Y,A,-,N,,,,,,,,,,Y,4,0,1,3,A,-,03,22350,,N,C,C,A,A,H,-,A,A,0,,,,,Y,,A,01,0,0,1,0,0,0,0,0,0,"- ","- ",,,TULARE,VISALIA,-119.27890777587891,36.350254058837891
9322436,2021,2021-10-04,5407,2021-08-28,1209,C56,480,6,5,5,5407,0,0,0,,0,N25,"N JACOB ST","W GROVE",249.00,N,N,A,-,N,,,,,,,,,,Y,3,0,1,2,A,-,09,21804,A,N,D,D,A,A,H,-,A,D,0,,,,,Y,,A,01,0,1,0,0,0,0,0,0,0,"- ","- ",36.336868286132812,-119.30210876464844,TULARE,VISALIA,-119.3021240234375,36.337543487548828
9322529,2021,2021-10-22,5407,2021-09-01,0802,M201,480,3,5,5,5407,0,0,0,,0,,AKERS,"RT 198",0.00,,Y,A,-,N,,,,,,,,,,N,4,0,1,2,A,-,03,22350,,N,C,C,A,A,H,-,A,A,0,,,,,Y,,D,22,0,0,1,0,0,0,0,0,0,"- ",FR,36.327239990234375,-119.34967803955078,TULARE,VISALIA,-119.34976196289062,36.327133178710938
9322625,2021,2021-11-02,5405,2021-09-18,1733,268,,6,5,4,5405,0,0,0,,0,004,"NEWCOMB ST","FOREST AV",63.00,N,N,A,-,N,,,,,,,,,,Y,4,0,1,2,A,-,03,22350,,N,C,C,A,A,H,-,A,D,0,,,,,Y,,A,01,0,0,1,0,0,0,0,0,0,"- ","- ",36.061809539794922,-119.05301666259766,TULARE,PORTERVILLE,-119.05294799804688,36.061962127685547
9322638,2021,2021-11-02,5407,2021-09-05,1941,A302,480,7,5,5,5407,0,0,0,,0,033,"E WALNUT AV","COURT ST",12.00,E,N,A,-,N,,,,,,,,,,Y,3,0,1,2,A,-,01,23152,B,N,C,C,A,A,H,-,C,A,0,,,,,Y,Y,A,07,0,1,0,0,0,0,0,0,0,"- ","- ",36.312850952148438,-119.29200744628906,TULARE,VISALIA,-119.29196929931641,36.312862396240234
9322640,2021,2021-11-02,5407,2021-09-02,0806,480,480,4,5,5,5407,0,0,0,,0,025,HOUSTON,WOODLAND,0.00,,Y,A,-,N,,,,,,,,,,N,4,0,2,2,A,-,12,22450,A,N,D,A,A,A,-,-,A,A,0,,,Y,,Y,,C,06,0,0,2,0,0,0,0,0,0,"- ","- ",36.341949462890625,-119.31833648681641,TULARE,VISALIA,-119.31834411621094,36.341938018798828
9322828,2021,2021-10-06,5407,2021-09-10,1623,C56,480,5,5,5,5407,0,0,0,,0,R12,"S MOONEY BL","W MONTE VISTA AV",30.00,S,N,A,-,Y,TUL,6,63,-,-,6.470,H,-,S,N,4,0,1,2,A,-,03,22350,,N,C,C,A,A,H,-,A,A,0,,,,,Y,,A,07,0,0,1,0,0,0,0,0,0,"- ","- ",36.305061340332031,-119.31385040283203,TULARE,VISALIA,-119.31386566162109,36.305107116699219
9322867,2021,2021-10-07,5407,2021-08-30,1721,A285,480,1,5,5,5407,0,0,0,,0,N25,"S LOCUST","W ACEQUIA",0.00,,Y,A,-,Y,TUL,6,63,-,-,8.139,I,5,S,Y,3,0,1,2,A,-,12,21453,A,N,D,C,A,A,H,-,A,A,0,,,,,Y,,-,"- ",0,1,0,0,0,0,0,0,0,"- ","- ",,,TULARE,VISALIA,-119.29344177246094,36.329250335693359
9326972,2021,2021-10-21,5407,2021-09-11,1320,C57,480,6,5,5,5407,0,0,0,,0,012,"S MOONEY BL","W VISALIA PKWY",634.00,S,N,A,-,N,,,,,,,,,,Y,4,0,1,2,A,-,03,22350,,N,C,C,A,A,H,-,A,A,0,,,,,Y,,D,22,0,0,1,0,0,0,0,0,0,"- ","- ",36.291210174560547,-119.3135986328125,TULARE,VISALIA,-119.31365966796875,36.289539337158203
9326976,2021,2021-10-21,5407,2021-09-12,1402,C57,480,7,5,5,5407,0,0,0,,0,012,"S COUNTY CENTER DR","W ASHLAND AV",0.00,,Y,A,-,N,,,,,,,,,,Y,3,0,1,2,A,-,09,21802,A,N,D,C,A,A,H,-,A,A,0,,,,,Y,,D,22,0,1,0,0,0,0,0,0,0,"- ","- ",36.308540344238281,-119.32270812988281,TULARE,VISALIA,-119.32270050048828,36.308536529541016
9339738,2021,2021-10-27,5405,2021-09-29,1951,274,"SEC 3",3,5,4,5405,0,0,0,,0,,"RT 190","JAYE ST",40.00,E,N,A,-,Y,TUL,6,190,-,-,15.960,H,-,W,N,3,0,2,2,A,-,03,22350,,F,C,C,A,A,H,-,B,A,0,,,,,Y,,A,01,0,2,0,0,0,0,0,0,0,"- ","- ",,,TULARE,PORTERVILLE,-119.02607727050781,36.051589965820312
9342136,2021,2021-11-05,5407,2021-09-03,0830,M203,480,5,5,5,5407,0,0,0,,0,,"S DEMAREE ST",WHITEDALE,0.00,N,N,A,-,N,,,,,,,,,,Y,3,0,2,3,A,-,03,22350,,N,C,C,A,A,H,-,A,A,0,,,,Y,Y,,D,22,0,1,1,0,0,0,0,0,0,"- ","- ",36.305538177490234,-119.33158111572266,TULARE,VISALIA,-119.33158111572266,36.3055419921875
9345311,2021,2021-11-13,5405,2021-10-07,1752,237,,4,5,4,5405,0,0,0,,0,004,"OLIVE AV","MATTHEW ST",24.00,E,N,A,-,N,,,,,,,,,,N,4,0,1,2,A,-,03,22350,,F,C,C,A,A,H,-,A,A,0,,,,,Y,,D,22,0,0,1,0,0,0,0,0,0,"- ","- ",,,TULARE,PORTERVILLE,-119.06182861328125,36.065792083740234
9349220,2021,2021-11-29,5405,2021-10-02,1625,CS03,,6,5,4,5405,0,0,0,,0,002,"OLIVE AV","DOYLE ST",1200.00,W,N,A,-,N,,,,,,,,,,Y,4,0,2,1,A,-,03,22350,,N,E,I,A,A,H,-,A,D,0,,,,,Y,,A,01,0,0,2,0,0,0,0,0,0,"- ","- ",,,TULARE,PORTERVILLE,-118.96586608886719,36.065189361572266
9349373,2021,2021-10-27,5405,2021-09-06,1626,CS026,,1,5,4,5405,0,0,0,,0,004,"COBB ST","ORANGE AV",6.00,N,N,A,-,N,,,,,,,,,,Y,3,0,1,2,A,-,08,22107,,F,A,C,A,A,H,-,A,D,0,,,,,Y,,A,07,0,1,0,0,0,0,0,0,0,"- ","- ",36.061290740966797,-119.04019165039062,TULARE,PORTERVILLE,,
9350927,2021,2021-11-10,5407,2021-09-28,2005,A356,480,2,5,5,5407,0,0,0,,0,026,"N VISTA","E STAPP DR",36.00,N,N,A,-,N,,,,,,,,,,N,3,0,1,2,A,-,09,21801,A,N,G,G,A,A,H,-,D,D,0,,Y,,,Y,,A,01,0,1,0,0,0,0,1,0,0,"- ","- ",,,TULARE,VISALIA,-119.25637817382812,36.329769134521484
9350928,2021,2021-11-10,5407,2021-09-27,0856,M222,480,1,5,5,5407,0,0,0,,0,011,AKERS,NICHOLAS,0.00,,Y,A,-,N,,,,,,,,,,N,3,0,1,2,A,-,05,21650,,N,D,G,A,A,H,-,A,A,0,,Y,,,Y,,L,04,0,1,0,0,0,0,1,0,0,"- ","- ",36.331981658935547,-119.34957122802734,TULARE,VISALIA,-119.34988403320312,36.335781097412109
9350930,2021,2021-11-10,5407,2021-09-15,1244,A353,480,3,5,5,5407,0,0,0,,0,R12,"S DEMAREE ST","W CAMPUS AV",360.00,N,N,A,-,N,,,,,,,,,,Y,4,0,1,3,A,-,09,21804,A,N,D,C,A,A,H,-,A,D,0,,,,,Y,,-,,0,0,1,0,0,0,0,0,0,"- ","- ",,,TULARE,VISALIA,-119.33174133300781,36.325016021728516
9353221,2021,2021-11-06,5405,2021-10-25,0958,CS026,,1,5,4,5405,0,0,0,,0,,"OLIVE AV","PORTER RD",0.00,,Y,B,C,N,,,,,,,,,,Y,3,0,1,3,A,-,12,21453,A,N,D,C,A,B,H,-,A,A,0,,,,,Y,,A,01,0,1,0,0,0,0,0,0,0,"- ","- ",36.066001892089844,-119.03816986083984,TULARE,PORTERVILLE,-119.03817749023438,36.066032409667969
9353291,2021,2021-11-06,5405,2021-10-22,1527,259,"SEC 2",5,5,4,5405,0,0,0,,0,,"GRAND AV","PALM ST",0.00,,Y,A,-,N,,,,,,,,,,N,4,0,2,2,A,-,08,22107,,N,D,C,A,A,H,-,A,A,0,,,,,Y,,D,22,0,0,2,0,0,0,0,0,0,"- ","- ",36.076530456542969,-119.02512359619141,TULARE,PORTERVILLE,-119.025390625,36.076789855957031
9353464,2021,2021-11-12,5405,2021-10-27,1151,CS026,,3,5,4,5405,0,0,0,,0,001,"MORTON AV","PORTER RD",0.00,,Y,A,-,N,,,,,,,,,,Y,3,0,1,2,A,-,09,21800,A,N,D,C,A,A,H,-,A,B,0,,,,,Y,,A,01,0,1,0,0,0,0,0,0,0,"- ","- ",36.073268890380859,-119.03913116455078,TULARE,PORTERVILLE,-119.03912353515625,36.073261260986328
9353466,2021,2021-11-12,5405,2021-10-26,1000,CS026,,2,5,4,5405,0,0,0,,0,001,"NEWCOMB ST","MEMORY LN",33.00,N,N,A,-,N,,,,,,,,,,Y,3,0,1,2,A,-,08,22107,,N,C,C,A,A,H,-,A,D,0,,,,,Y,,A,01,0,1,0,0,0,0,0,0,0,"- ","- ",36.077621459960938,-119.05281066894531,TULARE,PORTERVILLE,-119.05280303955078,36.077701568603516
9353913,2021,2021-11-17,5405,2021-10-27,1339,169,,3,5,4,5405,0,0,0,,0,001,"HENDERSON AV","PROSPECT ST",0.00,,Y,A,-,N,,,,,,,,,,Y,3,0,2,2,A,-,12,21453,A,N,D,C,A,A,H,-,A,A,0,,,,,Y,,A,01,0,1,1,0,0,0,0,0,0,"- ","- ",36.080421447753906,-119.04393005371094,TULARE,PORTERVILLE,-119.04396820068359,36.080425262451172
9354008,2021,2021-12-27,5405,2021-11-02,1302,282,SEC4,2,5,4,5405,0,0,0,,0,,"OLIVE AV","CLOVERLEAF ST",0.00,,Y,A,-,N,,,,,,,,,,Y,4,0,1,3,A,-,09,21801,A,N,A,C,A,A,H,-,A,A,0,,,,,Y,,A,01,0,0,1,0,0,0,0,0,0,"- ","- ",36.065948486328125,-119.03814697265625,TULARE,PORTERVILLE,-119.03813934326172,36.065898895263672
9354009,2021,2022-03-08,5405,2021-11-02,1939,280,3,2,5,4,5405,0,0,0,,0,,"N PLANO ST","EAST DATE AV",0.00,,Y,A,-,N,,,,,,,,,,Y,4,0,2,2,A,-,12,21453,A,N,D,C,A,A,H,-,C,A,0,,,,,Y,,-,"- ",0,0,2,0,0,0,0,0,0,"- ","- ",,,TULARE,PORTERVILLE,-119.00778961181641,36.058498382568359