CASE_ID,ACCIDENT_YEAR,PROC_DATE,JURIS,COLLISION_DATE,COLLISION_TIME,OFFICER_ID,REPORTING_DISTRICT,DAY_OF_WEEK,CHP_SHIFT,POPULATION,CNTY_CITY_LOC,SPECIAL_COND,BEAT_TYPE,CHP_BEAT_TYPE,CITY_DIVISION_LAPD,CHP_BEAT_CLASS,BEAT_NUMBER,PRIMARY_RD,SECONDARY_RD,DISTANCE,DIRECTION,INTERSECTION,WEATHER_1,WEATHER_2,STATE_HWY_IND,CALTRANS_COUNTY,CALTRANS_DISTRICT,STATE_ROUTE,ROUTE_SUFFIX,POSTMILE_PREFIX,POSTMILE,LOCATION_TYPE,RAMP_INTERSECTION,SIDE_OF_HWY,TOW_AWAY,COLLISION_SEVERITY,NUMBER_KILLED,NUMBER_INJURED,PARTY_COUNT,PRIMARY_COLL_FACTOR,PCF_CODE_OF_VIOL,PCF_VIOL_CATEGORY,PCF_VIOLATION,PCF_VIOL_SUBSECTION,HIT_AND_RUN,TYPE_OF_COLLISION,MVIW,PED_ACTION,ROAD_SURFACE,ROAD_COND_1,ROAD_COND_2,LIGHTING,CONTROL_DEVICE,CHP_ROAD_TYPE,PEDESTRIAN_ACCIDENT,BICYCLE_ACCIDENT,MOTORCYCLE_ACCIDENT,TRUCK_ACCIDENT,NOT_PRIVATE_PROPERTY,ALCOHOL_INVOLVED,STWD_VEHTYPE_AT_FAULT,CHP_VEHTYPE_AT_FAULT,COUNT_SEVERE_INJ,COUNT_VISIBLE_INJ,COUNT_COMPLAINT_PAIN,COUNT_PED_KILLED,COUNT_PED_INJURED,COUNT_BICYCLIST_KILLED,COUNT_BICYCLIST_INJURED,COUNT_MC_KILLED,COUNT_MC_INJURED,PRIMARY_RAMP,SECONDARY_RAMP,LATITUDE,LONGITUDE,COUNTY,CITY,POINT_X,POINT_Y
9355801,2021,2021-10-29,5407,2021-09-20,1426,M226,480,1,5,5,5407,0,0,0,,0,011,"N PLAZA DR","W RIGGIN AV",0.00,,Y,A,-,N,,,,,,,,,,Y,3,0,2,3,A,-,12,21453,A,N,D,C,A,A,H,-,A,A,0,,,,Y,Y,,A,01,0,2,0,0,0,0,0,0,0,"- ","- ",36.356338500976562,-119.3946533203125,TULARE,VISALIA,-119.39475250244141,36.356399536132812
9355880,2021,2021-11-10,5407,2021-10-12,1401,M333,480,2,5,5,5407,0,0,0,,0,026,"RT 63","W MURRAY AV",110.00,N,N,A,-,Y,TUL,6,63,-,-,8.480,H,-,N,Y,4,0,2,3,A,-,08,22107,,N,C,C,A,A,H,-,A,D,0,,,,,Y,,A,01,0,0,2,0,0,0,0,0,0,"- ","- ",,,TULARE,VISALIA,-119.29237365722656,36.334152221679688
9355883,2021,2021-11-10,5407,2021-09-26,1417,A337,480,7,5,5,5407,0,0,0,,0,R12,"S MOONEY","W VISALIA PKWY",0.00,,Y,A,-,Y,TUL,6,63,-,-,5.516,I,5,S,Y,2,0,1,2,A,-,12,21453,A,N,D,C,A,A,H,-,A,A,0,,,Y,,Y,,-,,1,0,0,0,0,0,0,0,1,"- ","- ",,,TULARE,VISALIA,-119.31370544433594,36.291290283203125
9356203,2021,2021-11-01,5405,2021-10-11,1558,CSO26,,1,5,4,5405,0,0,0,,0,003,"MAIN ST","VANDALIA AV",830.00,N,N,A,-,N,,,,,,,,,,Y,3,0,2,2,A,-,03,22350,,N,C,C,A,A,H,-,A,D,0,,,,,Y,,A,01,0,2,0,0,0,0,0,0,0,"- ","- ",36.055488586425781,-119.01708221435547,TULARE,PORTERVILLE,-119.01667022705078,36.055294036865234
9356378,2021,2021-10-29,5405,2021-10-19,0753,169,,2,5,4,5405,0,0,0,,0,003,"PUTNAM AV","SIERRA ST",70.00,W,N,A,-,N,,,,,,,,,,Y,3,0,3,2,A,-,09,21804,A,N,D,C,A,A,H,-,A,A,0,,,,,Y,,A,01,0,1,2,0,0,0,0,0,0,"- ","- ",36.069149017333984,-118.99749755859375,TULARE,PORTERVILLE,-118.99712371826172,36.069347381591797
9356379,2021,2021-10-29,5405,2021-10-13,1512,282,,3,5,4,5405,0,0,0,,0,003,"JAYE ST","OLIVE AV",63.00,N,N,A,-,N,,,,,,,,,,Y,3,0,1,2,A,-,21,22106,,N,C,C,A,A,H,-,A,A,0,,,,,Y,,A,01,0,1,0,0,0,0,0,0,0,"- ","- ",36.065868377685547,-119.02607727050781,TULARE,PORTERVILLE,-119.02606201171875,36.065799713134766
9356380,2021,2021-10-29,5405,2021-10-09,0327,270,"SEC 1",6,5,4,5405,0,0,0,,0,,"HENDERSON AV","RT 65",475.00,W,N,A,-,N,,,,,,,,,,N,3,0,1,2,A,-,05,21650,1,N,G,G,A,A,H,-,A,D,0,,Y,,,Y,,L,04,0,1,0,0,0,0,1,0,0,"- ",SO,,,TULARE,PORTERVILLE,-119.04052734375,36.080493927001953
9357134,2021,2021-12-06,5407,2021-10-17,0215,A336,480,7,5,5,5407,0,0,0,,0,O26,COURT,WREN,0.00,,N,A,-,N,,,,,,,,,,Y,3,0,1,2,A,-,01,23153,A,N,A,C,A,A,H,-,C,A,0,,,,,Y,Y,A,01,0,1,0,0,0,0,0,0,0,"- ","- ",36.353931427001953,-119.29331970214844,TULARE,VISALIA,-119.29299163818359,36.353221893310547
9357136,2021,2021-12-06,5407,2021-10-08,1115,M203,480,5,5,5,5407,0,0,0,,0,,"N DEMAREE ST",HILLSDALE,0.00,,Y,B,-,N,,,,,,,,,,Y,4,0,1,2,A,-,09,21804,A,N,D,C,A,B,H,-,A,A,0,,,,,Y,,A,01,0,0,1,0,0,0,0,0,0,"- ","- ",36.329231262207031,-119.33180999755859,TULARE,VISALIA,-119.33179473876953,36.329246520996094
9357137,2021,2021-12-06,5407,2021-10-06,0819,A355,480,3,5,5,5407,0,0,0,,0,N25,"S CONYER ST","W MINERAL KING AV",0.00,,Y,A,-,N,,,,,,,,,,Y,3,0,1,2,A,-,12,21453,A,N,D,C,A,A,H,-,A,A,0,,,,,Y,,A,08,0,1,0,0,0,0,0,0,0,"- ","- ",,,TULARE,VISALIA,-119.30107116699219,36.327365875244141
9357138,2021,2021-12-06,5407,2021-10-06,0943,A355,480,3,5,5,5407,0,0,0,,0,O26,"E MINERAL KING AV","S SANTA FE ST",0.00,,Y,A,-,N,,,,,,,,,,Y,3,0,2,2,A,-,12,21453,A,N,D,C,A,A,H,-,A,A,0,,,,,Y,,A,01,0,1,1,0,0,0,0,0,0,"- ","- ",,,TULARE,VISALIA,-119.28781127929688,36.327438354492188
9360965,2021,2021-11-29,5403,2021-10-26,1513,838,,2,5,2,5403,0,0,0,,0,,"E WALNUT AV","N FREEDOM",268.00,W,N,A,-,N,,,,,,,,,,N,4,0,1,3,A,-,04,21703,,N,C,C,A,A,H,-,A,D,0,,,,,Y,,A,01,0,0,1,0,0,0,0,0,0,"- ","- ",,,TULARE,FARMERSVILLE,,
9364541,2021,2021-12-23,5405,2021-11-19,1552,259,"SEC 3",5,5,4,5405,0,0,0,,0,,"OLIVE AV","D ST",0.00,,Y,A,-,N,,,,,,,,,,Y,4,0,2,2,D,-,00,,,N,A,C,A,A,H,-,A,A,0,,,,,Y,,-,"- ",0,0,2,0,0,0,0,0,0,"- ","- ",36.065200805664062,-119.01847076416016,TULARE,PORTERVILLE,-119.01846313476562,36.06512451171875
9365354,2021,2021-12-08,5406,2021-10-22,1802,24,5406,5,5,4,5406,0,0,0,,0,0AO,BLACKSTONE,MLK,81.00,N,N,B,-,N,,,,,,,,,,Y,4,0,1,2,A,-,03,22350,,N,C,C,A,A,H,-,C,A,0,,,,,Y,,A,01,0,0,1,0,0,0,0,0,0,"- ","- ",,,TULARE,TULARE,-119.33112335205078,36.202491760253906
9366139,2021,2021-12-21,5405,2021-11-07,1416,CSO26,,7,5,4,5405,0,0,0,,0,001,"NEWCOMB ST","WESTFIELD AV",0.00,,Y,B,-,N,,,,,,,,,,Y,3,0,1,2,A,-,12,21453,A,N,D,C,A,A,H,-,A,A,0,,,,Y,Y,,-,"- ",0,1,0,0,0,0,0,0,0,"- ","- ",36.087608337402344,-119.05275726318359,TULARE,PORTERVILLE,-119.05274963378906,36.087604522705078
9366448,2021,2021-11-18,5404,2021-10-25,0650,676,,1,5,2,5404,0,0,0,,0,,HARVARD,LINDMORE,0.00,,Y,C,-,N,,,,,,,,,,Y,4,0,1,2,A,-,12,22450,A,N,D,C,A,B,H,-,C,A,0,,,,,Y,,A,01,0,0,1,0,0,0,0,0,0,"- ","- ",,,TULARE,LINDSAY,-119.08223724365234,36.196273803710938
9366605,2021,2021-12-08,5406,2021-10-31,1925,74,5406,7,5,4,5406,0,0,0,,0,0AO,PLEASANT,SACRAMENTO,0.00,,Y,A,-,N,,,,,,,,,,Y,3,0,2,2,A,-,09,21800,A,N,D,C,A,A,H,-,C,A,0,,,,,Y,,A,01,0,1,1,0,0,0,0,0,0,"- ","- ",,,TULARE,TULARE,-119.36285400390625,36.218250274658203
9366625,2021,2021-12-13,5406,2021-10-06,1201,78,,3,5,4,5406,0,0,0,,0,0AO,CARTMILL,M,15.00,E,N,A,-,N,,,,,,,,,,Y,3,0,1,2,A,-,12,21453,A,N,D,C,A,A,H,-,A,A,0,,,,,Y,,D,22,0,1,0,0,0,0,0,0,0,"- ","- ",,,TULARE,TULARE,-119.34898376464844,36.240161895751953
9370437,2021,2022-01-05,5405,2021-12-14,1353,229,,2,5,4,5405,0,0,0,,0,SEC4,"OLIVE AV","VILLA ST",0.00,,Y,A,C,N,,,,,,,,,,Y,3,0,1,2,A,-,12,21453,A,N,A,C,A,B,H,-,A,A,0,,,,,Y,,D,22,0,1,0,0,0,0,0,0,0,"- ","- ",36.065971374511719,-119.03061676025391,TULARE,PORTERVILLE,-119.03061676025391,36.065906524658203
9370882,2021,2022-01-10,5405,2021-12-14,1656,278,SEC1,2,5,4,5405,0,0,0,,0,SEC1,"HENDERSON AV","INDIANA ST",84.00,E,N,B,C,N,,,,,,,,,,N,3,0,1,2,A,-,03,22350,,N,C,C,A,B,H,-,C,A,0,,,,,Y,,A,08,0,1,0,0,0,0,0,0,0,"- ","- ",,,TULARE,PORTERVILLE,-119.03465270996094,36.080509185791016
9370922,2021,2022-01-07,5405,2021-12-13,0759,246,SEC4,1,5,4,5405,0,0,0,,0,004,"JAYE ST","MAPLE AV",228.00,S,N,A,-,N,,,,,,,,,,Y,3,0,1,2,A,-,09,21804,A,N,D,C,A,A,H,-,A,A,0,,,,,Y,,A,07,0,1,0,0,0,0,0,0,0,"- ","- ",,,TULARE,PORTERVILLE,-119.02610778808594,36.062664031982422
9371244,2021,2021-12-21,5407,2021-11-03,2134,A355,480,3,5,5,5407,0,0,0,,0,N25,"LOCUST ST","MURRAY AVE",0.00,,Y,A,-,N,,,,,,,,,,Y,4,0,1,2,A,-,12,21453,A,N,D,C,A,A,H,-,C,A,0,,,,,Y,,J,43,0,0,1,0,0,0,0,0,0,"- ","- ",,,TULARE,VISALIA,-119.29347991943359,36.333774566650391
9373275,2021,2022-01-12,5405,2021-11-29,1546,229,,1,5,4,5405,0,0,0,,0,SEC3,"PLANO ST","WORTH AV",108.00,S,N,A,-,N,,,,,,,,,,Y,4,0,1,2,A,-,03,22350,,N,C,C,A,A,H,-,A,D,0,,,,,Y,,A,07,0,0,1,0,0,0,0,0,0,"- ","- ",36.044040679931641,-119.00845336914062,TULARE,PORTERVILLE,,
9373504,2021,2022-01-12,5407,2021-11-05,1155,C56,480,5,5,5,5407,0,0,0,,0,O26,"E MINERAL KING AV","S CAIN ST",1008.00,E,N,A,-,N,,,,,,,,,,Y,3,0,1,2,A,-,09,21804,A,N,D,C,A,A,H,-,A,D,0,,,,,Y,,D,22,0,1,0,0,0,0,0,0,0,"- ","- ",36.326999664306641,-119.27100372314453,TULARE,VISALIA,-119.27078247070312,36.327323913574219
9373507,2021,2021-12-21,5407,2021-11-02,1008,M203,480,2,5,5,5407,0,0,0,,0,,"RT 63","WHITENDALE AV",0.00,,Y,A,-,Y,TUL,6,63,-,-,6.500,H,-,N,N,4,0,1,2,A,-,03,22350,,N,C,C,A,A,H,-,A,A,0,,,,,Y,,D,22,0,0,1,0,0,0,0,0,0,"- ","- ",36.305778503417969,-119.31375885009766,TULARE,VISALIA,-119.31369781494141,36.305503845214844
9373515,2021,2021-12-14,5407,2021-10-18,0829,C57,,1,5,5,5407,0,0,0,,0,VMC,"E WALNUT AV","S MC AULIFF ST",0.00,,Y,A,-,N,,,,,,,,,,Y,2,0,2,2,A,-,12,22450,A,N,D,C,A,A,H,-,A,A,0,,,,,Y,,A,01,2,0,0,0,0,0,0,0,0,"- ","- ",36.312641143798828,-119.25160217285156,TULARE,VISALIA,-119.25164031982422,36.312660217285156
9373516,2021,2021-12-15,5407,2021-10-18,1120,M333,480,1,5,5,5407,0,0,0,,0,O26,"E HOUSTON AV","N CAIN ST",20.00,E,N,B,-,N,,,,,,,,,,N,4,0,1,2,A,-,11,21950,B,N,G,B,B,B,H,-,A,A,0,Y,,,,Y,,N,60,0,0,1,0,1,0,0,0,0,"- ","- ",,,TULARE,VISALIA,-119.27432250976562,36.341880798339844
9373518,2021,2021-12-14,5407,2021-10-13,2013,A291,480,3,5,5,5407,0,0,0,,0,034,"W WHITENDALE AV","S FAIRWAY CT",45.00,E,N,A,-,N,,,,,,,,,,N,3,0,1,2,A,-,11,21955,,N,G,B,E,A,H,-,C,A,0,Y,,,,Y,,N,60,0,1,0,0,1,0,0,0,0,"- ","- ",36.306148529052734,-119.31033325195312,TULARE,VISALIA,-119.31096649169922,36.305744171142578
9373729,2021,2022-01-07,5407,2021-11-16,1839,A352,480,2,5,5,5407,0,0,0,,0,025,"W MURRAY","N DIVISADERO",0.00,,Y,B,-,N,,,,,,,,,,N,3,0,1,2,A,-,10,21950,A,M,G,B,B,A,H,-,B,A,0,Y,,,,Y,,A,01,0,1,0,0,1,0,0,0,0,"- ","- ",,,TULARE,VISALIA,,
9373730,2021,2022-01-10,5407,2021-11-15,2010,C57,480,1,5,5,5407,0,0,0,,0,033,"S BEN MADDOX WY","E TULARE AV",0.00,,Y,E,-,N,,,,,,,,,,Y,2,0,5,2,A,-,12,21453,A,N,D,C,A,A,H,-,C,A,0,,,,,Y,,A,01,1,2,2,0,0,0,0,0,0,"- ","- ",36.320121765136719,-119.27655792236328,TULARE,VISALIA,-119.27664184570312,36.320121765136719
9373736,2021,2022-01-10,5407,2021-11-01,1758,A330,480,1,5,5,5407,0,0,0,,0,N25,"W MAIN ST","S WILLIS ST",0.00,,Y,A,B,N,,,,,,,,,,Y,4,0,2,2,A,-,17,21451,A,N,A,C,A,A,H,-,B,A,0,,,,,Y,,A,01,0,0,2,0,0,0,0,0,0,"- ","- ",36.330131530761719,-119.29770660400391,TULARE,VISALIA,-119.29771423339844,36.330154418945312
9373737,2021,2022-01-12,5407,2021-11-01,1617,A302,480,1,5,5,5407,0,0,0,,0,012,"S DEMAREE ST","WALNUT AV",90.00,S,N,A,-,N,,,,,,,,,,N,4,0,1,2,A,-,03,22350,,F,C,C,A,A,H,-,A,A,0,,,,,Y,,-,99,0,0,1,0,0,0,0,0,0,"- ","- ",36.312820434570312,-119.33168029785156,TULARE,VISALIA,-119.33167266845703,36.312564849853516
9373738,2021,2022-01-12,5407,2021-11-11,2159,A337,480,4,5,5,5407,0,0,0,,0,N25,"W RIGGIN",GIDDINGS,10.00,N,N,A,-,N,,,,,,,,,,N,4,0,1,2,A,-,03,22350,,M,C,C,A,A,H,-,C,A,0,,,,,Y,,A,01,0,0,1,0,0,0,0,0,0,"- ","- ",,,TULARE,VISALIA,-119.30571746826172,36.356399536132812
9373767,2021,2021-12-14,5407,2021-10-29,1453,M203,480,5,5,5,5407,0,0,0,,0,,"E ST JOHNS PKWY",EDISON,0.00,,Y,-,-,N,,,,,,,,,,N,3,0,1,2,A,-,10,21950,A,N,G,B,B,-,-,-,-,A,0,Y,,,,Y,,A,01,0,1,0,0,1,0,0,0,0,"- ","- ",36.35028076171875,-119.28045654296875,TULARE,VISALIA,-119.28044128417969,36.350242614746094
9373776,2021,2021-12-14,5407,2021-10-14,0855,M333,480,4,5,5,5407,0,0,0,,0,P33,"W WALNUT AV","S MCAULIFF ST",0.00,,Y,A,-,N,,,,,,,,,,Y,4,0,3,2,A,-,09,21802,A,N,D,C,A,A,H,-,A,A,0,,,,,Y,,A,01,0,0,3,0,0,0,0,0,0,"- ","- ",,,TULARE,VISALIA,-119.25164031982422,36.312660217285156
9373915,2021,2021-12-30,5405,2021-11-25,1745,271,SEC3,4,5,4,5405,0,0,0,,0,,"MAIN ST","GIBBONS AV",0.00,,Y,A,-,N,,,,,,,,,,Y,3,0,2,2,A,-,09,21804,A,N,D,C,A,A,H,-,D,A,0,,,,,Y,,A,01,0,2,0,0,0,0,0,0,0,"- ","- ",36.040370941162109,-119.01757049560547,TULARE,PORTERVILLE,-119.01757049560547,36.040382385253906
9374448,2021,2022-01-06,5405,2021-12-06,0810,CS026,,1,5,4,5405,0,0,0,,0,001,"NEWCOMB ST","LINDA VISTA AV",0.00,,Y,B,-,N,,,,,,,,,,Y,3,0,1,2,A,-,09,21802,A,N,D,C,A,A,H,-,A,A,0,,,,,Y,,D,22,0,1,0,0,0,0,0,0,0,"- ","- ",36.1055908203125,-119.05364990234375,TULARE,PORTERVILLE,-119.05365753173828,36.105587005615234
9374499,2021,2022-01-07,5405,2021-12-01,1753,259,SEC3,3,5,4,5405,0,0,0,,0,,"LEGGETT ST","ISHAM AV",477.00,S,N,A,-,N,,,,,,,,,,N,3,0,1,1,A,-,08,22107,,N,E,I,A,A,H,-,D,D,0,,,Y,,Y,,C,06,0,1,0,0,0,0,0,0,1,"- ","- ",36.063030242919922,-118.99958038330078,TULARE,PORTERVILLE,-118.9996337890625,36.061561584472656
9376040,2021,2021-12-15,5405,2021-11-30,1138,CSO26,,2,5,4,5405,0,0,0,,0,033,"OLIVE AV","G ST",45.00,E,N,A,-,N,,,,,,,,,,N,3,0,1,2,A,-,03,22350,,N,C,C,A,A,H,-,A,A,0,,,,Y,Y,,A,01,0,1,0,0,0,0,0,0,0,"- ","- ",36.065250396728516,-119.02300262451172,TULARE,PORTERVILLE,-119.02280426025391,36.065189361572266
9376052,2021,2021-12-15,5405,2021-11-16,1805,259,"SEC 4",2,5,4,5405,0,0,0,,0,,"OLIVE AV","PORTER ST",0.00,,Y,A,-,N,,,,,,,,,,Y,4,0,1,2,A,-,09,21801,A,N,D,C,A,A,H,-,C,A,0,,,,,Y,,D,22,0,0,1,0,0,0,0,0,0,"- ","- ",36.066001892089844,-119.03816986083984,TULARE,PORTERVILLE,-119.03817749023438,36.066032409667969
9377830,2021,2022-01-10,5407,2021-11-07,1803,A340,480,7,5,5,5407,0,0,0,,0,012,"W VISALIA PKWY","S WOODLAND ST",0.00,,Y,A,-,N,,,,,,,,,,N,2,0,1,2,A,-,10,21950,A,N,G,B,D,A,H,-,C,A,0,Y,,,,Y,Y,A,01,1,0,0,0,1,0,0,0,0,"- ","- ",36.291339874267578,-119.31829833984375,TULARE,VISALIA,-119.31832885742188,36.291412353515625
9377831,2021,2022-01-10,5407,2021-11-30,0820,M333,480,2,5,5,5407,0,0,0,,0,N25,"W MINERAL KING AV","S GIDDINGS ST",0.00,,Y,A,-,N,,,,,,,,,,Y,3,0,1,2,A,-,12,21453,A,N,D,C,A,A,H,-,A,A,0,,,,,Y,,A,01,0,1,0,0,0,0,0,0,0,"- ","- ",,,TULARE,VISALIA,-119.30547332763672,36.327411651611328
9377833,2021,2022-01-10,5407,2021-11-27,1755,C57,480,6,5,5,5407,0,0,0,,0,025,"N RINALDI ST","W GROVE AV",264.00,N,N,A,-,N,,,,,,,,,,N,2,0,1,2,A,-,11,21954,A,N,G,B,D,A,H,-,D,A,0,Y,,,,Y,,N,60,1,0,0,0,1,0,0,0,0,"- ","- ",36.337490081787109,-119.30799865722656,TULARE,VISALIA,-119.30808258056641,36.337272644042969
9377838,2021,2022-01-10,5407,2021-11-17,2015,C51,480,3,5,5,5407,0,0,0,,0,O26,"N MC AULIFF ST","E CENTER AV",0.00,,Y,A,-,N,,,,,,,,,,Y,4,0,2,2,A,-,03,22350,,N,C,C,A,A,H,-,C,A,0,,,,,Y,,A,01,0,0,2,0,0,0,0,0,0,"- ","- ",36.330528259277344,-119.24767303466797,TULARE,VISALIA,-119.24768829345703,36.330570220947266
9377893,2021,2022-01-13,5407,2021-12-17,1603,C51,480,5,5,5,5407,0,0,0,,0,M11,"W RIGGIN AV","N CRENSHAW ST",45.00,W,N,A,-,N,,,,,,,,,,Y,2,0,1,4,A,-,03,22350,,N,C,C,A,A,H,-,B,A,0,,,,,Y,,A,01,1,0,0,0,0,0,0,0,0,"- ","- ",36.356521606445312,-119.34597778320312,TULARE,VISALIA,-119.34613037109375,36.356529235839844
9377895,2021,2022-01-13,5407,2021-12-13,1407,C57,480,1,5,5,5407,0,0,0,,0,026,"HOUSTON AV","N BEN MADDOX WY",301.00,W,N,A,C,N,,,,,,,,,,Y,3,0,1,2,A,-,03,22350,,N,C,C,A,B,H,-,A,A,0,,,,,Y,,A,01,0,1,0,0,0,0,0,0,0,"- ","- ",36.341838836669922,-119.27880859375,TULARE,VISALIA,-119.27983093261719,36.341854095458984
9378001,2021,2022-02-08,5407,2021-12-10,1203,M194,480,5,5,5,5407,0,0,0,,0,034,"E CALDWELL AV","S COURT ST",0.00,,Y,A,-,N,,,,,,,,,,Y,4,0,1,2,A,-,09,21453,C,N,D,C,A,A,H,-,A,A,0,,,,,Y,,A,01,0,0,1,0,0,0,0,0,0,"- ","- ",36.298110961914062,-119.29154205322266,TULARE,VISALIA,-119.29154205322266,36.298141479492188
9378012,2021,2022-01-14,5407,2021-11-18,1549,C51,480,4,5,5,5407,0,0,0,,0,N25,"W ROBIN AV","N DINUBA BL",0.00,,Y,A,-,N,,,,,,,,,,N,4,0,1,2,A,-,05,21650,1,N,D,G,A,A,H,-,B,A,0,,Y,,,Y,,L,04,0,0,1,0,0,0,1,0,0,"- ","- ",36.353458404541016,-119.29695892333984,TULARE,VISALIA,-119.29698944091797,36.353466033935547
9378041,2021,2022-02-07,5407,2021-12-02,0728,M333,480,4,5,5,5407,0,0,0,,0,N25,"N JACOB ST","W GROVE AV",61.00,N,N,A,-,N,,,,,,,,,,Y,4,0,1,3,A,-,08,22107,,N,C,J,E,A,H,-,A,D,0,Y,,,,Y,,A,01,0,0,1,0,1,0,0,0,0,"- ","- ",,,TULARE,VISALIA,-119.3021240234375,36.337028503417969
9378069,2021,2022-02-03,5407,2021-11-28,0741,A342,480,7,5,5,5407,0,0,0,,0,N25,"DEMAREE ST","MINERAL KING AV",0.00,,Y,A,-,N,,,,,,,,,,Y,3,0,1,2,A,-,12,21453,A,N,D,C,A,A,H,-,A,A,0,,,,,Y,,D,22,0,1,0,0,0,0,0,0,0,"- ","- ",,,TULARE,VISALIA,-119.33177185058594,36.327610015869141
9378498,2021,2021-12-07,5407,2021-10-21,1032,M194,480,4,5,5,5407,0,0,0,,0,252,"MINERAL KING",BURKE,36.00,E,N,A,-,N,,,,,,,,,,Y,4,0,1,2,A,-,17,21657,,N,A,C,A,A,H,-,A,A,0,,,,,Y,,A,01,0,0,1,0,0,0,0,0,0,"- ","- ",36.327411651611328,-119.28324890136719,TULARE,VISALIA,-119.28311157226562,36.327407836914062
9378760,2021,2021-12-21,5406,2021-11-12,1719,29,5406,5,5,4,5406,0,0,0,,0,0AO,E,"RT 137",0.00,,Y,A,-,Y,TUL,6,137,-,-,14.980,I,5,W,Y,3,0,1,2,A,-,12,21453,A,N,A,C,A,A,H,-,C,A,0,,,,,Y,,A,07,0,1,0,0,0,0,0,0,0,"- ","- ",,,TULARE,TULARE,-119.35395050048828,36.204242706298828
9379163,2021,2022-01-12,5407,2021-12-21,1953,M279,480,2,5,5,5407,0,0,0,,0,Q-34,"RT 63","CALDWELL AV",0.00,,Y,A,-,Y,TUL,6,63,-,-,6.010,I,5,S,Y,3,0,1,1,A,-,08,22107,,N,B,I,A,B,H,-,C,A,0,,,Y,,Y,,C,02,0,1,0,0,0,0,0,0,1,"- ","- ",,,TULARE,VISALIA,-119.31380462646484,36.298484802246094
9379800,2021,2022-02-15,5407,2021-12-23,1722,C57,480,4,5,5,5407,0,0,0,,0,012,"RT 63","W MIDVALLEY AV",581.00,N,N,C,-,Y,TUL,6,63,-,-,5.370,H,-,N,Y,3,0,2,3,A,-,03,22350,,N,C,C,A,B,H,-,C,A,0,,,,,Y,,A,01,0,1,1,0,0,0,0,0,0,"- ","- ",36.292438507080078,-119.31069946289062,TULARE,VISALIA,-119.31351470947266,36.289161682128906
9385508,2021,2022-01-20,5405,2021-12-21,0025,246,"SEC 3",2,5,4,5405,0,0,0,,0,003,"ORANGE AV","CORNELL ST",132.00,W,N,A,-,N,,,,,,,,,,Y,3,0,1,2,A,-,01,23152,A,M,C,E,A,A,H,-,C,A,0,,,,,Y,Y,A,01,0,1,0,0,0,0,0,0,0,"- ","- ",36.060588836669922,-119.01100921630859,TULARE,PORTERVILLE,-119.01077270507812,36.06060791015625
9388224,2021,2022-01-20,5405,2021-11-17,0400,280,SEC3,3,5,4,5405,0,0,0,,0,,"EAST OLIVE AV","2ND ST",70.00,W,N,A,-,N,,,,,,,,,,Y,3,0,1,1,A,-,03,22350,,M,F,I,A,A,H,-,C,A,0,,,,,Y,,-,,0,1,0,0,0,0,0,0,0,"- ","- ",,,TULARE,PORTERVILLE,-119.01548767089844,36.065128326416016
9404175,2021,2022-02-07,5407,2021-12-28,1448,M333,480,2,5,5,5407,0,0,0,,0,R12,"S DEMAREE ST","W COLLEGE AV",36.00,N,N,B,-,N,,,,,,,,,,Y,4,0,3,3,A,-,03,22350,,N,C,C,A,A,H,-,A,D,0,,,,,Y,,A,08,0,0,3,0,0,0,0,0,0,"- ","- ",,,TULARE,VISALIA,-119.33174896240234,36.323268890380859
9404254,2021,2022-02-16,5407,2021-12-27,1813,A327,480,1,5,5,5407,0,0,0,,0,034,"E CALDWELL AV","SANTA FE ST",50.00,W,N,C,-,N,,,,,,,,,,N,3,0,1,2,A,-,21,22106,,M,C,C,A,B,H,-,C,A,0,,,,,Y,,A,01,0,1,0,0,0,0,0,0,0,"- ","- ",36.298118591308594,-119.28717803955078,TULARE,VISALIA,-119.28733825683594,36.298160552978516
9404293,2021,2022-02-17,5407,2021-12-27,1409,M333,480,1,5,5,5407,0,0,0,,0,M11,"N PLAZA DR","W FERGUSON AV",0.00,,Y,B,-,N,,,,,,,,,,Y,3,0,1,2,A,-,12,21453,A,N,D,C,A,A,H,-,A,A,0,,,,Y,Y,,G,25,0,1,0,0,0,0,0,0,0,"- ","- ",36.349071502685547,-119.39460754394531,TULARE,VISALIA,,
9412095,2021,2022-03-15,5406,2021-09-07,2335,40,5406,2,5,4,5406,0,0,0,,0,0ES,BARDSLEY,LASPINA,0.00,,Y,A,-,N,,,,,,,,,,N,2,0,1,2,A,-,08,22107,,N,H,B,B,A,H,-,C,A,0,Y,,,,Y,,A,01,1,0,0,0,1,0,0,0,0,"- ","- ",,,TULARE,TULARE,-119.32221984863281,36.196678161621094
9414378,2021,2022-03-23,5408,2021-09-21,1223,1949,,2,5,2,5408,0,0,0,,0,,"VALENCIA BL","ANTELOPE AV",0.00,,Y,A,-,Y,TUL,6,245,-,-,7.180,H,-,S,N,4,0,1,2,A,-,04,21703,,N,C,C,A,A,H,-,A,A,0,,,,,Y,,A,01,0,0,1,0,0,0,0,0,0,"- ","- ",,,TULARE,WOODLAKE,-119.09895324707031,36.415390014648438
9416858,2021,2022-05-09,5406,2021-10-18,2205,85,,1,5,4,5406,0,0,0,,0,0AO,LASPINA,"EASTBROOK AV",194.00,N,N,A,-,N,,,,,,,,,,Y,4,0,1,1,A,-,08,22107,,N,E,I,A,A,H,-,C,A,0,,,,,Y,Y,A,01,0,0,1,0,0,0,0,0,0,"- ","- ",,,TULARE,TULARE,-119.32212066650391,36.206783294677734
9417598,2021,2022-03-24,5408,2021-12-13,1712,1946,5408,1,5,2,5408,0,0,0,,0,0AO,"ANTELOPE AV","VALENCIA BL",0.00,,Y,C,-,N,,,,,,,,,,N,3,0,1,2,A,-,00,29105,A,N,G,B,B,B,H,-,-,D,0,Y,,,,Y,,A,01,0,1,0,0,1,0,0,0,0,"- ","- ",,,TULARE,WOODLAKE,-119.09888458251953,36.415611267089844